03ff07f7fbfc0cf3
1b1d020d0e032ae5
1e1bfcf5fd2231e3
fef7fcf4f70af302
fee5f5fc010b0a01
fff4fbfb01f7f4e6
f71afafb17f703d3
000a0b1311f5faf1
db01fa07ffe5ea03
08effc02070010ea
14f40e1bf8ebfdda
1807fe3300e904f1
020afcfefcfaf015
f7fbe804fdfdf61d
faeeed08fbf50bf8
10f33b0d1dfcfbca
f9ff0fe501f106fd
0a110bfb24f2ffe3
f8faf9fe0bfe02f9
05fe0007fa091a04
faf4030c06051afc
f9fa01fefefffc02
def80e03fefdf9fb
e9040af80c050df4
23ff170e0611ecfe
1007080ff907f0ff
02ec0a05e9f9e7f0
fdfbf209f4f3f50a
faf60801f6e7fc0d
f8fbf521edf1010a
e3ed02f6f60a0102
040002edf5030909
14fdf11503f50a01
0ce2ea28f7fb12f1
1dfcfcfd04f308f3
0bfef612140f11f7
f305fcf111f2fb09
0701fe050af4f5fd
04f605f11ee9fa0f
05f9fe07f6020fff
fd0805f6010a0c00
f3f8efe2f7ecdffe
e1f5f2f6f308d90a
e8fcfc0af21afbfe
f6fc03fa0a12e916
0301fe14fcfa00eb
1607010d0cf0fe13
15fafd08070cf1fd
ecf2feeffff9e9db
f6f6fff8e200f1f7
fa1006f00307f7f2
e60b020723ff19ff
f90ff8ed15ee1610
f41a01fd10f11af4
09fafb0c0afe0bfe
040a0f0b0f001214
060310fc17fc22fb
fbfb0201f8ff12f4
f5f019f8fb0a00ee
0b0df1040c06eafb
13fcebf906f7e1e5
0af301f3fef8d4eb
03f4e2f104fcebde
ecf5edf9eceee0f8
1118f7001008fff9
0cfbee050010ed02
00fa0010f9030aff
f80af9f9f72a1105
f6fef5f6fff7f9ef
fce61b02eae6df01
e60908eae10ded25
02e414f0ec11ff0f
f0ecfc12ebf2dc21
12eff8fdf80ffe26
ff04141dfcf5e522
f1faff01f4eef7f6
f8f5031018f80101
05fefa0ff40e0e08
03f013ecf803f9fe
0cfc0bf9f31311fe
110001f1fc150802
def7f0dcfafaff0c
f101e8e9f9fe0806
e8f5f4e70010f30e
f90aedf6ef08ff06
ed0afefc16080716
ff1afe1e0112f904
f5f6fdf4ebf5fe02
f002f1fee4eb09f7
01fbf107e609f805
fdf7fcfaecf0def1
f506f7f00401fffc
f9f7faf5f0fee40b
0ff7fdfb00fff600
fcf705f704f2e908
0906ecfd11fa100b
0210f6f30b0cf5f9
f317ddfb17f0fa13
ee0ceb0c15f4000c
f505f9f005ff04dc
e6f5ebf20b050108
ebf906090806f8e6
fa0bfb06020ef2fc
e201100615100c03
e812330100fff113
ebeefceffdfefbfc
f10313f5f9fcd704
f3f91cffe603de0d
07fa0bfce30101ef
f2fe0bfff3090102
02fc0805e00d00f2
0605ea15fe08030a
09000b06fd0706f5
2c07fe26fcf410df
f9021d02fd0af209
09090af20106fd12
2202070703e70402
e8f9f7fef3e005f0
e5fcf908070b0dfa
f8f9f815f9d9190d
f908fafe03fef4f3
e6f804f412f70b07
e7f802fff4f90ef8
09fc02ffef0e0203
fefd0408e922fffa
01e1fc12f01805f1
0cf4fd0dfffc0c02
07fbfa040bf922e9
f3f30205f4061a0d
00f5fb0302fa07f2
080cf8f601fdfef6
00131b0bff022109
fc040bf3ea000205
fc1f0507f0fb2521
09151a06f3fc3214
ee0bf4f5f5061511
f219f4f6f9f1fc0f
ff1e032016e30e0e
09090004fcf6ecf4
ed080009faf1030a
1613093919e4fb04
f611fbfef3f2df02
0623ea1c09e1dcf9
1f42ec1612ebcdf6
02fd13dbf107fe0d
031001eaff1bfbfe
f9f5f407f7f802e7
05f8fafef310ec04
0d0ef5090d160102
ff13e719fc02ebfa
051a07c8f72cf8e9
0c01fafcfc14f909
eaef07d3f2fefbf6
effdeef4d204fff8
ef1108f801ff1507
15dfea0be9fee301
f41afaf2eed80f05
270c061a0c090725
f0f1f6f2f1e0f6fb
0402fb08fbf1fb0f
08070aff0b1cfbf5
f3fde0ffe5fa080b
f611dffa0beef108
1519fe0c12fbe80a
e7eefdffcc0d0efe
050fec0109e4e808
1001f40dfbf82b06
1c01fd09eaf9ec02
1017feffe00a05f8
0d01dd070cf70800
ff0ef515f5fafffd
f9f503eeef02eaee
0bfd00f00302effa
f8fb0ef41dfbfc07
f20500e9f4f5f8ec
eff6061410fbfb23
f4ecfdff0afef4fb
ecedf404e1e9f2f9
0f051b02eef3e4fe
14f4e1f2f3eee505
08010614fded01f6
0ffc021101fd0e05
0407fff2f3ebd9f0
00fc0610eeed1afe
140914fd12f107f1
05f4ef01fae0ffed
fafe030af5e01f00
09f70d00eef91cf8
f4fcfb0cf4e8081f
fde6fb08e30ce9eb
13fc00fd0517f511
f9e1f901f1e40111
f1f202feff0bf1fa
fafa07edfbfff7f5
f0f705e7fae4f102
f6fbfdfc04f7fa0a
f8fe0703011600fe
1100070bf5fe05ff
f1f615fdf5fc0200
fe0e01130e020c04
edf90ae6e102fa13
05e610130bfbfce8
00171112110406ff
fff80106f2fdf6ee
f70227f0f1fe01ef
01190cf10bfd0e22
09ee19f8eafcf702
fa15f401fcf4f5f1
f920e809ef03f6f9
17fbf81e170902e4
0008e5fc0613f4fe
18040b1113151405
08fafa15ffeefaec
0704e40f010835ec
290eef0f20f901e9
03ffd8f6f70f24f4
ecf104fc030ef102
f2fe0efe00110007
f6fd08f7100bfc0d
09f5fafaedf50712
f2eefcfaeff2fc0d
fff1faf907fd18fc
f60502f40f020ef7
f3fd08f104fe01fb
f9f908f20bf8f40b
fb0203eef8ff0113
fbeff4f9fcfaf80a
040905010afcfbf5
eb07f1fc10f503f7
f2f2e1fd03fef9fc
0a06fc0c040cf3eb
0def0204fb0ffe02
0bf1f9080113f2fb
faf60603040706f8
f6fb04f6f1f5f803
f3f501f3fd07000e
180cfff82103fa0d
fbfdf7f5fa0005f5
faf000fdfff6e8fd
06f1fef9200912ff
fbf507fd090a0bfe
00eff8edff090f0f
0403feeb09fb0403
0600f600fc020dfc
faf7faf706051104
0f06e9f9fbfff4f6
f70cfaf2010dfc04
effbeff50d07f4f2
03f2e2fff705f507
fef6ff0202fa0206
09fafd1af7f5020d
fff4f70aefeff7ff
fa04fe09ed0ef60d
fb02fbebe705f209
e804fd03fc100b0b
ed0707f905fa0f03
fb04fbf5fb03f7ff
e00405f70ef70700
f80502ec03f9f9ff
f3fd02f9f7ebfa11
02f802f5fb06f311
f900fff805030e01
f20ff8040a0618ec
fcf8fc09121c0f04
04060504fff7fbee
05f202f7f3fbfcf5
f2ff020b0307f001
fb10ff06090c0b0c
f10bfafe0a0717f7
0902040b0e0f08f1
07ef0c01000401f2
f8f3f5fff10106f4
08ef081814ff0401
0a01f90109f90afb
08ee01fffb0714fa
fef4fd06fb010bed
fafe0104f9fa0502
0300e8f0f3fafbfd
0dfef60f1dfdfafe
f908faf3f4f8fe1a
f10903f700f8fb0d
082c05f2050af410
f308f800f8010005
ee0f0703fef806f7
f809f9ecfff0e5e7
f90bfbfeffebeff6
fb00fffefffaf008
fd05f9edf3ffe50d
ee1b180615feecdc
090a10f217ff0af6
051a12052a2509e5
fb01140ff90bff0e
07f7f606faee0101
fffff50e03041600
eef90d261b08fcfb
070019f101eb0cef
ed2000071115e6f1
11eb1d150418fddc
12f20206f617fdf4
1109251f180df9e7
fff0ff0d01171aee
e9f4f0fa0d00fbfc
07f8f40c070affe6
e80f1a01020b10f5
04ffedfde81cfbfa
f10c14eafef103f1
14f9f9000c0e0b08
ff0004fffb0201fb
1eecf80f2508ff18
db0004f0f9eb0c14
dddf0af5fafc01eb
ebfe0dff05fb18fb
0e02fef71306fb01
fbf8eef9faf801f7
2af7f60ffcfaf024
14eb0715ddf606f8
10f8020e010816ff
1af2f91ce8fa0203
210ff3f2020012fd
0bfbe0eefe0a06f9
fefce3fff907010f
f00a2108e2fd120c
e20c0af7e7f9f401
f203f705f8eaf3f2
eefbfaf3fcf8f8f9
f703efff04f3f00a
f8fb0a060df91313
f9f9f5fce718f817
f9fdffee0907f803
f6050c0912ef0307
12fd040ff6f30fd8
fd06e8fa0bf5fcf7
f9f8050df3f622f3
f32b00fd1906fd0d
fa29030afef10020
f6240207240f0e2d
1400ff08fbf1fefb
0a00060415f003ee
0ef3f9fe0cfdfdff
ed0900fe1ff8fa19
fb22fc0af5e0f707
0407f80913ed162d
f00fffea0700ef09
1107fcf1f1f901fc
040a0ffe0e0402fc
26e00f110404f410
ebe6f8f0ed0106dd
05f90303fdfffd05
faf707020806f0db
f7fefe0bf4fddffe
fff019fffd01f800
f8e40bf2f503f807
f7f7f70a0401eaf7
e60dfafbf2f4e204
fa030af0e7fee91b
ebfb0506e80a05ff
f7fd050be50d02f8
df11f104e1f412f8
fe05f20d0feefeea
eefc07fbf403f80f
0c0cfa16ff04fcfe
000307fb05ee05ff
f9f90601ef00f600
f50400fcfdf8fffb
0201f702f90505f9
f8f9040df602f405
f9080519f1f7f4f3
fdf809000202fb01
f9fb09fcfaf6f1fe
0b010a0e0e14fafc
f8f603f8040a10fc
f6fc01f601fc0305
0af00c0d0d1206ee
010002fffb03f908
f202fcf104fbfafd
0304f40bf31e09f1
ff06fbf9fb04f7ff
fafafbfef403fcf8
0c0307fb03030efc
04090502f9080000
00fcfa04f4fefbf8
03fb040101fd0df8
f9f902faf3f6f8f7
f8fcfaf8f2f000f5
f8feee0305ed0006
02fa06f7fe0701fb
fdf300faf9f7fa06
fe0a1105f2fb0206
fdf6f8fd01fd01fa
f9fe0d01fdfc04ff
02f902fdfaf7fb03
f90702fdf8ff03f9
f1fcfaff010802fc
0a04fcf9e50300fe
0807fcff03021006
0cf7f40000050900
0603f8f4f0f8f1f5
fe06fff304fdfd06
0a06f701f705fef1
0400f90306f7fbf4
0707fe09fff407fa
00fefb05fa080300
08fefd08f5f3fff9
000004fcf8faff01
000205f9f902fa08
f20800f8fb0cf505
0409fffc01ea1203
f8fefdfcfafe0008
fe010403f9fd0903
0d09fbf8fafffc01
f1030401fdfbfaf5
03ee06fbfcfafff1
f507fffb0cfa0a06
ff07fefdfaff05ff
0215fb0107070a10
0cf6fafefef8010b
f607fafffd04fa02
fcfdf3f5f900040f
05f805fd020104ff
fef8fbf8fdfdfe02
04f5fd0106f808fe
faf6fafaf802fa01
fe02f502f9fbf5fa
10fafe00130001fc
03f307050801f501
0801030409ff0905
06f7040104f201f7
0ff608070206f602
0cf407fe0cfcfffc
100108fa0f07fc08
fc0203f6ff0cf90e
fb04fefefefbfafb
00d509f7e1fc0202
16f500fe000c1003
1f00f4fbec0b1409
f2f9fbf9ffefebf7
061114fe05090cfb
050c0100effefded
fd03fef2ff06f8ea
ed06fefefb0cfb02
f5f20cfde509fa03
e6e2e2feeaf012df
f407f7fcf8ec07fc
f305f504f1f5fd04
e608f5fbf5fe080c
fb010a130a0812fb
fffb0903f3fbfaef
120a0713f803f706
28f90216fef7f702
0af6f7feeb150afa
e507f40900f40303
fb0000f81102f9fc
fe11ea070e02f407
f8fff0f805faf00b
1a20080107fc0500
04fbe90ff1eaf90b
fafaf611f5f4030b
fe0b01fb01012001
fc13e41007df0814
f20deff4ecf0f9ff
0306f8f1f503fa04
eb060ff9f3f9000b
fd06f4f7fafbfafe
f7060a0d0bfd0100
e6f10ef8f703e2f3
f9ff130300ee0e08
e704120cf9ed0906
f91209fbf0f505f5
f4fa00fbeef6f9eb
ff04280602181604
12f90308e90cfbf1
fbf9f803edf70bf4
f0f8fef2fbf409fc
0603f7fbf6e7f3e0
04fa071506e91b09
0f050dfef7eefef6
f9fb06ffe6f30bff
05f1fc07e1faf5e9
06f3fb01f924f5f8
1af7f91ae50305fa
f8f7fc05fc0d00f6
0006060a0b07fcfd
f7e50501f2f7f0f9
f6f7fe0706051b05
020905fafdf617eb
fdedfe0afef9f8f2
13f900ff1e011e05
05fe0c0108fa0ef8
030700130bfc2707
04faf2080b0907e9
180ffc0d0ffc0703
03f30d010c0708f6
f6200c04f7fb0611
f30f0009f801fd06
0a04031805f9fd0a
060300fbfce7f5f6
080909f3fb07090c
0721e7120df5f0fd
f014fc0ceeeff6f4
06ed0c1303fafff4
1b08070c15e7f0fa
0b03ed1120040815
0d0704111b040709
1b0c05130cf9f2f9
d7fcfffbfee9e30f
edfb09fc0b04ea04
fafc0c12f1ece711
0300fb100409f906
1c06ea03070a0efa
07f200020bfdfa10
05ed0af3ffe8fd0c
15fc021c10e216fe
fcedff27fbeaff24
effafee0fc01f408
101a090408f5fa1d
fef7edf70affed0d
fcff07f508f4fa01
fa001bfb0503f5f4
030509ec0607f2f4
f705fa02fb0ffd08
131b051f1500f304
ffffedfe030dfe09
03edf9f9fcf4dcfc
00ff12f6f90cf5fa
00090bfcfc01faea
03fa13010704f2f4
11f905090307faf8
040f13f5ea10f9f5
f6eff6f9010dfff7
f8fffbfa0d0b1609
f3fc04f0fef304fc
0feee1f70c08faf5
07f4f3090c091afc
eb081101180a0707
09ffdef5111904ee
13f6ef050704f1f2
e2f816020312ec07
0210ff02e50cff0d
e60a06101a23f817
0619f4fb271b0c03
e909fcfeedfdee0f
fcfaec1006f5090b
030001f8f516fcd8
f0020902120af406
e703f80111000515
1100f80b0306f4f4
fdfdfcfc0202fdfa
12f50602140307ef
03010304fb25fe00
fdf8f80006eafdf4
e600fff919f31310
02f80705f601fdeb
08fb03fb0c10f1ff
0cea03fb0d09f609
090cfaf8f9ed0d07
080efd01fcfaf7f0
04f50800f50dfdfd
1febfcf6f4010bf4
f5e2f5f2ecfde3f0
f5fbff01eef9e0e4
0606f806fbfdf511
01e806010507e4fc
f0f6faf9f5fd03f9
010001f4fa080a11
f10aef0c02060918
041de90400fe0a0b
2eefe31605051b09
f1f10df4f40dfaff
d7f3ebf3e50d0910
04f6120107f70bfa
eef912ecfa0ff005
f8f6f6f1f6f1e9fc
fdee18fd08dffb00
e6f9fdf4eaf3eefb
f4f40c1ef3f2fdf7
ee032c08f9fb0b06
0d0bede60c2e02f7
18e0f90000020dee
14ec0e13e0f00af8
001ceb080cf5fefa
04fdf8000e090209
e607f4fb1f08f7f8
0412ef0614f503fe
11f5fd030ff4130b
0b0408ecfeed0aee
0f04f405f4f0f318
faf1ed0bf0091903
fef8e6f5080214e7
1c09ff0d10f5f3f9
0bf200ff090803fc
14fafd0d0f1ff600
fbef0cff031ae1db
12150319040c0508
0ce90311e62505f7
fe1ff90504f60110
f71bf5f9041b0dfe
080b00f1effe0be7
0cf210030e0206f7
00f904ff10000305
0ef10bf20a111708
14f90bfaf8f9fc18
f3f505f308ff1bef
0df8fcf9f91017f0
05fcf50406fcee07
f11b0cfaf1fbeafa
f81a09ed0600fc02
ebf3fc111910fe06
f5f9cf0e06040210
0de0ea1b0bfe1b13
14dce71716ff000e
05f2fe040110110c
fcf00a0fe8ff051d
11f8011106fbfbf8
13faf6fb0204eaf1
08fbf0f7fd18f7f3
edfa0bf808f701f4
e60406f512f3f30b
e9fafef504e5f810
e400effdfbe2f6fb
08ff0df90ffdf30c
1101fffa0df5e608
0df407f0fa25f706
17fafefee70b05f3
11ef04f4f2f701ea
ee04f8f708f9fc01
0ef600051607fafd
04f305f01ff9fc13
f6fcfd0611ff25fb
f30dff09041411ef
fc06001004fb0300
fe001c04000312ee
31010017150223f2
2806ea1b28f5140b
080d05fa0a07f6fd
07fffc0cf7fafce8
f3eb16e8f1fc1406
f304ebebff01f60b
fa0ceff407fff710
0d1be2fc0502f30c
00fdf40a0608f0fd
0624f2f4f4f1f509
0a031bef07fd110a
fbe51f050bfaf3f5
04fe07020104f300
fcfafd03fffbf507
fff502f70cebdbff
e70dfbeaf6f2e70d
0407df07ecf5e003
fce80005ede9e510
03ff0d0801f0fefb
1206f70afefe0703
effd0305030fff04
0eedff0402020f08
07f2f327fbf2ec03
f1ed05fef5faf511
fefb07f30bf9fef5
0420fffe0a0a02f0
e90fe6dcf5f70af9
fe0b08f80ff60d07
0916f809fe040409
f9180901fefdfb11
f8e9f2fd08fd05fe
f5f7f4f8180306fe
f308faf8ec061001
09fcf402ec05fe06
120f0e0d0d0ef7fb
f702e9f3eee5e0fb
0af906f5f4fee9f4
0707feefe90efdf5
0101f6fd0c0df507
e70cfaf7190503f4
011106f8f4fef801
e20ef5f009f7fc0a
eeedf7f5f8fc0207
00f90f08f50d0718
eb0df7ebfd0100e6
000bedfdf70500f2
e7fb1414f4000cf1
0b0bfb08080c05f3
0411e7fc000a0509
f2120b0a0d1904fa
ef120b05ebfbfa04
fe02e804f9ff0d08
09f2f118070e05f6
0103f6fcee0b15fd
f7fdf407f8061214
0a02f20b11eb0cee
0603fd0bff0f0bfe
0cf802ee0f09ecff
1a00f9fb0316edf9
1ffb0d0b09ff08fe
06ffeffd09e7f904
eff8ee1011e7070b
01f0fc0ff3dffbe2
f805f7f905f1f7f7
0bf704f9feedfff9
fefdfdfff8020312
0902fcfcfd12fdf5
ff04faf9fde511ef
06fafafffd04fdf6
fefb03ecfcf601f4
f314fbfc1af70e15
15f3f40a0b0117fe
1afae50b15ff0c04
0413fdf903080a0a
fcf70af9fe01f9ff
08fcf309fc0515f5
05f1ff0a070122fa
05ed02050cfa1007
03fef0f208fa0a06
ec0f00e5f2060008
fb11f6f6fafe061e
edfefdfff7f7f512
ffea0e0b09f9fb07
f8fbf5f9fa02f309
f2fdfaeef1f0effd
eb12081a00d5f9fa
0102f60b02f2ed05
f2fee0f60ae3fbf7
f8ee030604fef9f1
010fe50bf613eef2
0ce4f5fef81104f5
11ef05feeaf600fa
0227fdff12ef01f1
fcfff0f71d00f800
f01cfc12100e0608
0918fa050de5f9f5
0d0ef10a140517f8
1c13fde221f60eed
1afbfe00010cf70f
f4f1fbffe1040e10
f4fae7eff3000ef3
1b03050915fdfad9
10f30905140808e1
1211fe0d0c04fcfa
fa00f604f00df9da
1d20fa1dfb19f90a
2808f70ff234f2fa
fa14fd01fbf4ff1d
fd23faf2ff0c07fa
fe27eeebf70209ff
13fb0afc1efd0aeb
1c04ff080ffe0c05
1efe12ed020b0d0d
07ff05fadbf40513
f9f4fcff06090f02
f9ea05edf31621fb
0dff090501fbf5f0
110c0700eef80008
e71b14f7f6feec01
e5def70d0600f20f
fbf0f0140508eb12
ffefea181c0c0ffc
efd0eb1608fcf102
f2e5f018f9051305
fce00216f1fd072e
160601fbf705f308
16f6f206f6ffecfc
0b050201fc1f07ed
f0010eda11ebf1ee
faf80d000be8f4f8
f9fe0cf70b010804
fbfff2f5fcdffbe7
03f8f20504e80ffc
02fbfef007d7fd18
05ee04eef41b06fa
0af305f6e21705f9
10f40804e6fefaee
06f8fb010e0dfcff
f900fe010c030315
fc07f8fa17fa01fa
f6e4f9fff9f118e9
fe00f9050f0c0503
0404020a05090cf9
0af80a06fafc1201
1df3f41307fc1fed
1c03ef2b1efd1807
fc1af1f707fe0a05
fb030c02040206e8
0f0200040af9fff8
f40cf1e1fd00ef0e
fd0efffafcf50111
f524eb0405fbfc01
1500fdf90dfc0213
f914f8fdf903f70d
0dfcfff1feeb091d
f8f31a0a11e9f0de
110b080a07fbf6f8
02f1050a14f40007
16eefb0c11dfe4e3
f809f1f9faf1dc04
07f4d30407fcf70c
2415e51ae8fdf0ea
1ceef5fe02dcfde7
0af4f717f7edeafb
f31ff2f6fbfc021a
0204fa05f50af8ff
08d8f8f0e302fbfd
1e1e0d0015fe21e2
142214f6f5f20beb
fcf9f100f2e0ece2
0ddd030ff7fb09dd
f7e3ebf8f7e032c7
04fbf206f513fff1
f816f4fc0b0dfbfd
f10116f70f0ef717
e3fcf4f4fbf3f817
1bf01925e71508ff
25f8f626030f0de9
04e5faf40403f4e4
0a0e14f62eee0206
f30ff8ffff00f3eb
04f2ed03edfcf4e7
19fbf6fb16f1f6fa
120005f40510faf5
ef15f4f6e7f1f7ee
0b0900f41c201012
0d0902f507f81b0e
07fe0300ddf2f5fd
06fa1bf2e9f7ffea
e002eef6090cf806
fe0510ffeffafbf8
29e90500ff0dfc0a
090423eefa0efd14
cc0911f00908e600
03092b10ddf7150e
f5f3f8000bffff0a
ebec0dfc04fd01fb
1bf90beaee07d2f8
f6fefbee10fef3f8
10fcf4e9efe801f8
f002061b10121f07
07030b22ff0f030e
1e06faf1fb06f4f0
150104fa0de5f7fa
04fbf5f50ad3f004
0606f5dfebebecf6
02f7fa02fe1f08dc
0ee0fffae9f907e0
e5f0fcf8f6de14fd
0fdd01fe030104fd
0a080203ffff020d
01eef6f0dceb03d9
fa21faff0417f60d
0a0607fbfe0304f5
f4f100f8fee60ef2
101203282afd2300
35f5dc1a28fc1bf5
0008f30101070101
fd0515f40100110a
f027f6ed02fced02
0000ecfefe060500
f118fc0001fa0e18
0c12f7140efe0e25
f309edf0effdfe09
1f19f7e40ffce7fd
ea05e9f9e2f4fbff
f7fef4f9ece10604
f1ef17f406ed0a0d
fefdf2feeff4ff00
05f6f8ff00dcf5f3
03f2f7ff01e3eb01
ff0bfdfc0cfae8fd
0ae8f41c0fe9fef6
0203f0000ceb06f4
0509e502fcfa04ef
00fcf70bf304fb02
0917ee070c0b0af8
08fbf9fcfcfa0203
f70004fcf206fef4
f90afcf701ea01f0
06f7eb0b05f6fb02
f0080508f2f7f400
f10b05fe0fe9ea03
1003f60f06fff8fc
f302fb05f404f602
04030f0115edf910
fefef2fffcfdfa06
09f904faf705f5fb
01f9040af103f4e5
fbfd02010ff9f7fd
01ed020001fbf8f8
08ff0afa0201f50c
04030807f0fd01fb
f7fafd07f1f9f4fc
220bfefb0f02ff0e
000dfa02f9070003
06f5eb0604fbfd03
14f802fe0cf60910
0d040e03f30403f6
0101f8ff02ee0101
ecf8edfb0924ed0d
eee00505050cf4fa
f4f601f4fffaedf9
ecef01180812f8ff
f6fa05f6fe0201fc
05f507f3fe01f8fa
fdeee606fffff600
f5f5feff1106fa0a
efff0eeffd03f9eb
f307fdef10ea0dff
02fdf5f503e7fffe
0e03f501fcf4fd03
05fb06060efaf40d
0b07f8f8f6f0f7fa
fefa0104f9ecfe00
f9000bef00d70505
fffa04f8fcf800f6
00ff02f5f104f7f1
efff07fa0e06010d
05d9fafaedf408ea
00f505fff0feffef
0701fe00010e01ff
f3f00401f9ef08fd
fff9f8fbf4fff1f6
fef601080e021002
03e3f8ff04f00403
f7f005f9fb03e9f2
e800f8fff507f7f9
fb06ffe6f3fdf607
fdf00303fd05010c
ed0b0003020500f9
f5f8fd0202fcf406
fbfe030000030107
fd0dfa02ff06fe08
0300fb01f2ff0008
fc06fc060106f908
ef05010df8f006ef
f1eeff1404eafae5
1203ff0d14f5f7f5
fe00ff1116fdfbf0
f900f7fffbebf1e6
180ffd0a0dfcfded
fe0efd0e06f8f3f1
01030203faf801f6
0a000606090411f0
f50f02ebf91aedf5
0af0fdf4fcfffbfb
e60df909e60fe20a
f905eb000f0bf3e9
0809e9f60707f700
ec07f80b17f6f1f2
ef18edf00023f9ed
ea0feffaf11df700
f21decf61024fdfe
021103ffeefae912
f8f9fef102e8f7f8
edfb0de7fd0efa07
17030403e9d5ff11
01070c0d06f903f0
05f7f804e8ddf904
070d0b09010aee08
f70000f003f4dafc
ff0917ef02e4e80c
07f9ea0d03e6f9fd
0e090a00f30304ff
0cfcf2faf3e8eb05
13f6e902fbe80006
010b0600faf5fd11
fcf9effffafd10fb
23f305f3e9080aff
1bfffe0200f800f2
18ee03fec601f6fb
f8ef01efeef3f7ec
f5f500f802fefa05
08e903edf303f0e6
e1e5030e02f2fee7
f4f5ffff04edf804
ceed0a01f6ecfbee
e1e212eaf5eafe03
15dffcdaf8f6f6f7
fecaffff10e7fbfa
0502030bf4de0efa
f9fe000205ecfef4
0403fe03edebf7f4
fbfbf6f7f3d205ef
0f06f213f8e9f1ec
0afbfaebecd4f2ec
f9070006f0d00efe
00020610f3d817f4
fe10ef0ef4cd1500
e9ecf902ff0fec10
02f80505000002f8
f5ed06f3f9eef706
eaf7fff508f6ee0c
ea02ff07f2ec060e
f905fa0600f70212
ebdafc0703e8f61a
0700fc04f8effffb
e6fcfbfdf3df1410
e6f523f4f106e8f8
ef0bfdf9f100e8f8
f2f20dede906f30e
f00919eaed04e3f2
fef419f5f9fce9e2
e6fb06f2f7fcf2f9
cb0c26ced207d404
dd052be2eaffe6fc
c3f20ecdcaffdfff
0c0bea0b0b0b03ea
f8faed05f30507f2
18f2050511fa11fa
1202e620231411f2
f406ea0cfdf1fbfa
1307ef1b1c0ef1f7
2006e72a2f0f1be4
05f601101f0f1ee9
19f9f01c1c193cec
e20d101212e4fe18
eb2401fe0816f61f
e2fe06e523fb0107
0ff60d07fe081814
fe10100d02f9fb07
fbfe0604ebea1603
04e5fbecf8060612
fce5fb06edf4fd12
e9eefd0bf7ede31c
fef40d03130cfc02
172112071c05da18
070802f603efec0a
04081a0aedfb0413
0109fffa0cfe060f
ef02ec01fdee0ffd
f5f3ebfae9dd050b
e1f801f0f9f2fdfd
e4f702dc1bedfaf8
fefe010ae2ff0203
f6e8fd020dfa000e
f4f3faf7f90fef05
04080002fa02f701
fe011301f7f8fefc
fc0ff406faf3fde2
e60906050201fafb
e7fafd00f6f2e708
06f2130be8f7ede9
07130aff16110708
01f7f20b061100fe
16f1e40c0d0bf7f5
1123100408080506
021e15fa030108f4
f1120ef7f7fbecf1
0408ebe9fcf700fa
ee1d01ee0403f8f5
f607f1f816f112e7
f5fcf404fbfffdf5
fb05080cfa092217
ec010f010902ff24
1900e70efe110f15
030200fbf511fafb
0d0707fffe0e06f4
08fdff051c0cee1a
07faf503fd1401fc
e8fe0504f715ffe9
0106060b06d81b0e
e90cff0d25250111
fb0c0604070bfa09
fcff060d10f62307
0bf80306f3fc17f1
0d02fd0ceee8f3f9
0df8fdf5eb04f6ee
01f1fafcfcf3f8e8
f8fbf90508e7fcfc
06fafddfd7fdfd1a
d5031bdde609e509
e5f905dad5f9e4fa
0b00f90b06fe140a
11f8f70806000d0d
140dec1111f9f9f5
06e40510fb0600dc
0ee5f8f80c01f9ee
04ebfaff00f6fbf2
0504120d04ee0e02
0cfb09fa0b15f5fa
e9fdfbfdf3fff1f6
0f0cf4f80a0e0916
ea000bf503fc0c06
fe07040003f9fcf8
f000f1eedd1ceef5
01f908080008fd07
07f414e2ef080f0b
0503e7c3fa2207ef
1cfe0716030a30f6
fc1818ed0a2304f1
041801ef0511f209
fae9fe00ed060206
12fcf7fc0d12fff8
0030f0f412f118cb
fa06f6f5fd0afded
ed0ce409eaf1fdea
f7e9fa05edd0f1e3
0dfcf41de40af3f3
fffdfb1ef123f8df
fa0efb0afcdbef12
fef6f4f5fc0307f4
0efdee1cf2101b13
0cf5300229e9e5dc
e60802f2f1ebfbfc
d5f7fadc0bdd0cf2
f212ea0d1dec0606
07fbdafe1ff12ced
f9d406020d1f1d02
0bf709f20b06fffd
ebf5e9fb01f103f3
e41008040705110d
2bf2230cf4f7ddf1
08080afe00eeeb00
f5090b0b02f9dbdc
f0edeef20505d80d
f1122307e9fae8fc
27fef409ebef1b24
e4e21a092d0203fd
fa1801f8e8f40af1
fd0d1625f4fa021c
0bf1031d0e01fbee
2efd09e1e80104e5
191a0ff42408f4e5
f1fcf8fd12e503f5
12070ffe0ef50111
f4fd07f912dcf520
04fefa10fdf11aec
050305f6060f1204
12f7120e06fb07fb
e6f8d7f005f3eb1b
fb02000dfcfff4fa
12fdedfeee19fafb
0decfe10f11ce0fb
0508fe0ffa14f3ef
0220fd010d1efc16
ca0506fc0ee7f901
f80b0609e9eb04f0
ffeb0102e502f301
e915060b15ee2312
ddfaf9ef11fa1809
ecfbfc07ecf2fffa
f101130cfffc1ecd
00141f1007fd1815
eb0f0af8f0fc04ff
f0070210f901e400
0afeff0d0df704fc
1a18131a1c0323fa
f3ef0eeaff0005f1
08e01fedff02e7db
1be7f0f70003f6e0
f504e606fef2d6ee
1827f9f219eb00f4
fa24f4ebf4fff90a
0614e81a04ec1df3
0903f6ebfd1a1a23
f91cf7f7fbeb0a02
17e5260e1507f4f6
0003f5d6f11ef9fd
00fcfffef70320f1
f6010d1107fa000a
ed02070804f3ecfa
f0f20103f5f9f109
0d0202f0fffd06f9
080dfdf8faf90af8
fa0cf400fc0bf606
efe7fff8f9000108
f0f5fafdfb03f615
f91bfcef1018fb00
0e010e01150d0502
f9eb00f200f703f7
f1edfeeffeee01f0
070209000d0e030a
0a0708fc0005fdfc
010f03fa04fafefd
fff4f200f6f303f4
fb04fdfb01fd0103
fcfa0909fbfef90e
fefc09fffe031202
05f806f8faf7f4f8
fd00fbfdf3fcf4fb
01fcfe01f6090ef2
f9f9f104f80003fe
06f5010bfdff0107
e508fff9fc0209f7
f7f8040705feef03
0df30d1015f9f50f
0206000f10f6fb02
fd01f10b02ed02fa
fb01fbfa0200f8fb
fb091000efff0307
fff9fefa00f6f3ff
09f800fbfefff8f1
0806f3f706fd07fe
010af3fa02fcfbf7
08eaf90908f5faf6
fb0807ee0401f005
f0fd05f8ec06f8f8
edfc01f0f50cf4f2
0e0706f70dfffd07
0302f8080df907fb
f9fafe0cff000ffe
fe0504f9fd09eb05
0104fc08f3ff07f7
ff04000b03f40402
f703f8fe0ef5090a
eef804010df504f6
f3f9fbfb00f7f8f2
090103fb01fffe01
0803faffeffc0701
f6fafafaf9f10007
0ef7f8feff0efdf4
08feffff0404f1fe
00030105030df913
030501080302fc07
f8f8fbf2fef8ed01
f7f701fefdfbf6fe
f804effcfd010d0c
ff07f9f200f70005
f20209f9f702fd02
03e80100fb0003fb
07e909fdfc0006fd
effe12eef106fa01
fb000903f80b0a04
01f10604030c060c
f4f4f7fa03090800
03f1f7fcfff9f3fc
09f2030a0f02f600
00f9070101000101
f7fc10ebea0a0302
fcfffffcf90ff4fb
fb01f3fe061201ff
f6e8e91a0dd20e05
e510f8060bf8f0e7
fe1bfbf81bf115f0
0a051a020912160b
03fffafefb0606f7
0ef4010cf01319fd
f6200cf40bf616ed
021d03e4150503f0
002e05d70b0106ef
fcfef60b17edf5d9
1f181022fd07ec09
161f16241ee8f5f3
fd0415031905f6e7
eaed0bf6fe0be6e4
0b08001401fef8e9
16ecf70fed1600db
1c07fc09f91902f7
230efd07ed170004
eded15fefc130a07
1cf10501e6fb0df2
16f60cfeea080ff9
0af511eef00afffc
fff901070810fafb
fbe30208f1080d00
f304fafb0dfe0a12
fef6fbf909140c11
1102ed030dff0a0c
0101ee01290d0106
0be8f613eb070fed
effbfa201c08ef18
0bf0e50bfa04100c
18f4f1f1f80bf2f4
1dfae6f6ec0dfbf9
02e5f419eb03ff0d
06cc0428e8050118
11d3ee1be1f4f8fc
e3f8fad2181de9f5
faf8f7160ee219fe
ef03e91118ec0c01
ed0209f50411fcfe
01fcfee00205ec0b
e8070802150dfb0d
f5f4fdfa01f6f3fb
ff05040107ca0413
fafef80808e0ff1f
01fe070602fc0cf7
eb04fcfa10f0fd0d
fef805f60ffe080a
f9f9fe0a07fb17fd
07fc00f9f4fa0302
030001ffeffff9e6
07fe03f6f61cfe02
060bff020606fc22
fe0cf8f9121efc08
12f0d3f9fb0602f1
f70206e1eaf7e0eb
1910ebf403fed6fb
f600ece6f0fb0123
eefde3f1ebfe0609
f0eef8f0f4f8e8fe
0b07f6ff0300fe0b
f306f5faf502e503
020f01060ef4f70a
e9041500ecfbef0f
fbdf0202f8101004
f0d1081c0817ff01
f1df05f50bf4f817
07f9fdfcf2efe9e7
f9e211f20506f1fd
04d8100705e9d9ee
04eae106fef5c8f6
fef1e4f1fc01d3f7
ecdd0101feeaf712
fbfffa0107eefafb
17eaffff0fca2305
0f0c0af518f80910
0d0f01ec08fbfefc
10f4fc03fafd0b0c
ee080e0810d7f80e
ec1d0aed060008f7
ed05fde70edd05fe
e001fcdf19d9fb10
0504fc0609040f02
0b00f508fdf527d3
0af310001bfff5f6
fee904fd10fd00f8
00f3f7fe080cfff3
0cee0104160404ef
180220110500f6f4
1f03e902020106ee
f50f0f0302f5e6f7
f9f70d0716f4f1fa
f20801e3101f14e6
0cf1290e02150df2
06f6fbf41f0cfffd
f40e07f7f81312e8
fff1080414130905
06df04071f040306
fff4ffff10081ef4
050ff1000d0913e3
f808eb05f7fe06f1
effced1c06e71c07
20f5e70207031117
28ffdb080600f0fc
0b0bdb07eeee1422
14f8ea0217ef0ef8
00f8f60af6faf1ff
05f8e40dfdeefa0b
fe03fff7ed1c07fd
ea03fd04ff031b10
effefbef1f0d0504
e60004eb0809cd0d
f0fbfdeb010ce804
f6fffef40822e625
d302fefd080cf7f3
f705f8fb12eefc15
d600f1e00beaff04
f90100fcf8fcf3f2
f9fa0505ff02f9f8
1420020d07fe06e8
ff0802fc10020614
180001020813ebff
1b02f8050af70f01
f60a01f814fc06fe
f909fcfe1110f01a
0f16f5fc1e00fdf8
0bede8f906fbf3ed
2eddf20613031efc
1f06d61c2df50600
f9fef6f7f3faf7f0
f8f6edf9f0010cf0
06fbeeff10fff903
15fee7f90000e700
f610f4f703fce1fe
060cf4ff07faf3e5
dff207e8e01df513
effde9ecea10f11c
dafdf2efee01f00c
dbe41ce9ef0e021c
ee04f3e2f8f4d9f9
e9efede0edfef430
e9f70ce9ea14fa16
f7deebffe92efafb
ece8e4ebed05f3f9
f30007f3fffaec06
f708f9fe042af802
f60815f1fb0bfdef
04fffb180af2ff03
0beeff1bfff70a0a
0401f818eef6fcf3
12050ad00506080b
0d06fdf406011406
ea0dfd0c0008f70c
e7fcf8e703f1020b
fc0906fafcfce814
fbfcf4eeedf7020b
f310fdfa02de0803
0601ed100ffeff02
ee00f50401ed00f2
04f4f9fae60cf606
1bf9f707f503f106
0204fe080301f4f7
0a010e0af3fbe709
0f02fc07fbf7f512
fa0ef4f60a00fd06
120707050c05f410
050ef80507e714ff
1b0ff5f7f5f4ef03
fe09fe03fc09ff0f
f0f7f0021402151e
f8fc01f404fff301
fcf6e5f5090800ea
faf8f7fa0606f6fc
f6f900f3f5faf7ec
f203f9f4180dfcf9
f1120df7150a0b05
e90010fbfb0cebf3
fef500f9f401f902
faf80bfdfc0df113
03f5ebfd0d08fbf2
f105fc07f3fb0503
f7fa0419f8f80705
06fe0d0df6ed03fa
0004f80a0a020ffa
07000af5010b16f9
1903f7f3f8fc01e7
fc05030f15f4fd00
0f0310080e03f1ff
ec0201ff04f5ff0e
fdf7020702f1fefc
e8fbfaf5ff0dff05
fdf0fffaf60ae4f6
f508fcfc1501f906
fdf2fe07fe0a0de9
f2f201f8faebf7ea
ff070607ff1412ff
0904fa0500160507
f9f80602fe0706f8
05eb0800f8ff07f0
eb0718f1f607de03
fd0009fff3f7f609
00f5060808fd09eb
020ef61b08fcff0b
0dfaf10afd060e06
ed0603f5eefff604
f91f01fbff080d14
09e80aebf2f90103
fa0c04fcf2fcf2f8
05fa050b04f9f8fb
f3f0f9f1f3f6eef9
ea120803f40e07f6
0a0e08020bf316f0
f700f91802d1f9f5
fa0eef07f0f8dcf7
131b01161ceae6f0
000408070200ff04
18fa021709e30e00
dd0304f7faeae0fc
05f7fa05f8e21bf6
150200f1210717ff
0101040303f00109
fb021122f4070019
f8f80001fff50cfc
14f101f803ed08db
01f900ee280620d9
0a04fa110d07040a
f9fff7f70a0af8f0
ff06ef05f9e90ff7
0d06050603130ff9
fee606fbff0ffaec
fc1a16f314230cf0
09fff80e06faedf5
0aedde19e4260af2
1ffc0a3de21dfaed
11e514f2f90503f7
efea0cf5d0f4f1ee
f3fff2f4f3fb0ef1
fe1202fdfd0e0f1a
f706fff2fa0e03f8
23030bf1df0600ee
edfbfaef0b111bef
cef5e7f617fd1cfa
f1ebf40225102e17
e41200fb17000f02
eaebea05f9fb08f2
dcfcfdfa0009f615
1902ee11ff010eff
15fddd02f6fd0309
120df30ceef80ef7
08f703fbfbfef81a
02170110fdf90e25
06fe1013f5f6fe38
100804f10d090afc
ec0304e4ebec00f7
fbfe03ee0403f3ee
dd0001faf60dfa14
f6f8eceef0f7e8fd
fbf9ff04f81f211c
fcfc0afb0903fdf5
1cfa06e809e3e6fc
09f80fe02de0f9f3
ed18fc0a11fc1ffa
e6f3fa06f5d901f4
000afe0bf6ec0bec
1406fc0e1ef9fa02
1218fe0805f11af6
080efa101fdd05f4
ff0b010401030504
03fa040dfb0bfdf8
000b00f40824fa0f
ff02e902100606fc
f9ebe4f8fe05e7fb
fb02f11007faedfe
17fd0c0a0a062602
f809e905fdfd06fe
0bf6f60809040209
f109fd00fd06eef7
210df0ff0cfd0af5
e9050dfcfa010316
09fe191b0d10200f
fcd40a0a09e11608
e9f2120b05edfbf8
fd01faec0904f701
0603f70706e4f4ee
09001c0405160e23
eef9fdfdffeb0a06
020fe1f3eedbefed
ef00ef00ffe7cdef
2e050701061913f5
1500020703f8fef8
fb02fe0ffe01df03
09fbf219faf4f8f3
0704e50f0af902f4
f80dfe0af70df803
0b0106ee01fe03f7
0e1507fb1c1306f5
ea201de4f4f0eee9
09ee030ef4e401f5
1bf60c13010b0ffc
fa0c0def0101fbfd
010c00081608f4f8
f7040e070cfb0006
fe0c1004fcf201df
0de7ec0be526fff2
1cfd1718061aeaff
20fcfe10f20bfaf3
0215f602010210fd
05120efcf802110f
0bf9fd07f6fae50d
07001905f3ffedfe
fefcff0706f1f503
0e0c02140bf6f101
eaffe3011201f60c
0eeefd0716121219
10f6f009050d00fd
fff9e908e7f90ffd
f102100bff08fd0f
11fdf0fef702fce3
f8e911e80b04f8f8
02eff7ff090ffdf0
0edf14e60401ddf1
17e8f706d9fcf10f
0ff20f13f9080036
19d7f70fe3f9eaeb
00f8f8f71fe7f400
0ef8f1070ceeef01
f1faf213effe0e11
13f8f011fafc04f3
f6fafe030af107f9
1309ff161809f6fd
0301f10517ebe812
03faff161ae60aff
f10306f405edf923
fbff05fffdfffaf6
09fff9ff00f807fb
f6ff05fa1509ff01
f3e804f6f4f30aed
f3d80704fe01f9fc
02eafceef319fb02
0c00faf4fb17feff
fc06060108131e27
0910f6f9091df304
fa020c1302fd07f4
ff05e4f80c060e09
fdf3f9fbef000d0c
020606f302030301
fd0108ea06fef9fb
f5f50ff808f9f1f7
f902f9fbf2fa02f4
e92700f7fcfbe716
ed0202fbeaf5d409
f8f2fb09f900eafc
17ef0a1a08fce4f3
01f30af6fd05e20d
fdec0b0709fdf5fb
fbf704070406f6eb
04e610fafe02fff3
0314e7fef2f6c5f5
fd0eea1a01f5dcf1
1deafbf3110dedf2
f104f2f300ec04ea
0006ebf903fb0c00
e20a040cfdffe502
fcf5fff7f912f9f0
0405f6fffcf2fbfd
f70e030709fef8ef
0b30e304030404e0
0909ecf3faf90ddb
f808e30f00f5eefb
fe0a0e07fe05d8ff
fc05040001f3dd00
00fd0500f5fbed04
f0f900fffeec04ff
fdfcfdfb0dfbf800
fef10aff0003f212
171c21143015f817
ff05010b06fbeef7
0106f80602e6e4f8
04e0fe04ec0803fe
fefe00f8e2effc01
fff200fbeff8fbfc
fb09f8f2fefc040d
10fc0900f0fbf307
08fdf9fcf8fd0c02
19e809fa04080714
00ee0105e6f4fe01
09fd1a02f4faf9f8
07d2f903ef1c0104
ede5f301030dfaff
05f303f1fefff1e9
f1fff810fd0dff09
f401f1fcfc030dee
e7f307fa0600f8f7
0ed90721001df70e
0cd40dfa0809eff8
e8e105ec1308f8e7
edfbf40d17d717fd
0306000c07eb0dfb
0904fffff4f9fef9
f8f9fef0fef2f7ff
0bfa02eefeeef6f3
01fbfbf5ffe4eef5
ff00f0010d080608
0303fdfa10e2f410
fc0102fcfffef801
f00d010004e20404
fafb0501f4e908fe
ebf20700faf5fcfc
00fefe0208f707fa
edf8fbf802e7fdfb
f5f7fd040303f50c
080bfffc0a030315
050f0302edeb0b0d
e7f506fe02f7f108
d803fce4da06e6f0
e80dfce2d8fee609
ef05fce7edfae3fe
0600030701fff7ee
ffedfef8f7060105
e906fdfcf508f603
f60606dff8080c0a
ece805e1f006f5f7
edf600e5e7fde0f5
f4e1fb0d06eaeae4
f1e60f1806f7f5ec
12f50a0711040cf6
09f3ea1203e207eb
f0f515fefcf908f3
16f503141d000edf
1fe51a24240004f7
03e806120df3f6d5
0ff7200f1dfef5ee
18f7e81a08d60607
ea00ea11f9f1e4fc
f0f7fbfff3faf3f4
0b0ef30502130afc
fcfefffc00f0f5fa
f40009f6fef0eb02
00150306feeff1e9
fe15e8f802fb0cf3
eafd000109f9e907
fcfa08040b0cf4e7
0007030607f9dc02
f9faf2f9fff6f4fd
09fa0a0708200000
edf4fffbf7f3f1f8
fbf3fffafff8f5fe
0bfe0815011307da
0a0606090907f7f9
f202fbf507f8f8fa
10f3f503faf2f506
08f60d08f2f2fafe
fc02fc03f8f5fcf7
1c0c0a0005fcff12
01fc08fef700f0fa
fafbffff03f102fd
03f6f5fe11f61202
09fa0afbe5020705
01fb01fef5fdfefc
f2f307fd1018fcf2
ebe6f5000d0cfffd
fdf6fbef0102f4f9
06f006fc010afcf3
02fa02fb0501f9f5
f2f308f60810faed
05edf30eea05040d
04e9f9130606fcfc
f0f4030005fc08ec
120afdfb0f0f0305
fcfbf9f5f8e8fef2
f302f7f8f5f2f8fa
06fe0cfe0a09f008
08fc06eef2f1e5fe
03fa01eff4fbf8f2
fe0007f802dffaf6
00fb030518e7fff9
fd010603ed00f702
f4f105fcf3f21cf5
e6edfd00f8f00ffc
ecfd07fcf8f5fdf8
fdfd05051213fff8
eb05fb0303f21303
f1f20306fb03fafa
fb03fe050604fb02
02fd04f801e91101
eb0500030cee0d09
08fae9ecfe0619fe
dc05f7e3db02e804
f803fff1ef04f5ff
f00cf101fcfb0e0f
f3f2fff4fafff104
effffbfafe06f208
010ff9f902fd0f16
e8ff03edecf8fa0c
f9faf600f806f80a
fdf30cfe0204fcfc
f8dd13170bf000ee
fdfc0d0f03f403f5
0906f0f90fddedfd
f0f80908eff106e9
0901110a08fcfef0
03ed070711f1e8f7
f8ec031814eff9f6
01f7140e08f6fdf8
000c0809fc04fb03
0205121007fffbf2
15010feffffd0aed
0d01020a0717fcf7
15fd09f8fbf014f0
0510fbfff60dfbf9
02fc080301ff04fb
06080908ebfe07f5
13060301ff0afae8
15ee0b0afa25f8e6
190601120701f7fa
faed0e120af6f0dc
0bfd0609fdff06f8
f6ed000cedf006f5
0b050a0407f80ff2
e8f0fbeefbee00f3
0517f204e5f2f7fc
ff06070afde9fcf1
0204fc0221061505
09eb0d0112080a03
05f6fdff221519fa
050ef6ff0cfd0013
0b00fa0202fe0406
161a0504f5ec0116
0008fefdfa05fcf4
03f2ef10edf1f008
0e1d030df90c04fc
1c0605f3ed02f40b
05f40307fc0c0e0b
12e8fcf7eff9ed15
01040bf4f008f2fa
04ff00f1f305f1fe
03ec0d0aef06fef1
fe0215f80efcfbf9
04f804f1f502f3f6
fbfa03f6eef3f0f0
0b0205f20d06f302
f2fe03fb0cebfb0b
e7f90eef26e9ec09
1108110202faf7ff
f90208f50af1f4eb
15fbf11406f009ff
1bf800f8fd09f8ef
14ffeb1307f51405
19fef6f30a03f6ee
1f04f7fafd1c1103
fffaf9030b16fdff
f90d0605091e010b
0b0107f805090103
21fcfd03fe00ed04
14e8f7f603f3f903
f1030105f1f508ff
fb0502f9f7f1fc07
fdfa06fd0d0a0308
ee02f600f703f60f
030cf6f2f903f103
f604f906f8ffeafb
00f7041d0d071b0a
fd07f20e0d0005f7
08fa1a0b03ff0e05
faf401f9f602ea02
f3eb08eff802ec00
fefb0b06f707edf5
06fe0beffbf6f9f6
fcf600faf2fff5f3
f3fef9fbedf1e9e6
0b10010cfdf4f50e
f712ff0cf7f7f8e2
02f7f7190502fe01
fb05ee080800f1fc
08fdf8ffff0fea02
0ff70007f00ef0fd
0106010802f605fb
080c08f5030112f6
1efe00fe03111af9
f5e002ffe70af013
04f3f800eb12f40f
fee5fb0aecf800f3
fd16f7071cf7fbec
f7fbfaf402f1efe2
f8f1f9f6ffe7f0ff
fc0208fe02060ddd
0a0409140a08f5f2
0c09fe1a0506fd01
f1f7f5fdf706f30c
f70ae4f5f0f4fa07
edf6ecf0fffa0cff
fc081902220209f6
05f60404ff0212e7
0ef4060111f101f8
04f0f9fef30805f5
0bf5090406f40f0b
fd0502060e000ef5
d7f7f802f7f8fff8
f1f502fafff905fb
eb0201fee501f7fe
1f011801070b05fb
0dfe010306ff02fc
ff0004feef0a07f2
fdff1309dafdfffd
fef31000f2f60109
f7071109f4fb090f
0d03f4e2fe000df7
f4fa03ed02fe0305
f3010becf2fefaf8
fcf7fb16fef60304
fff8fe07ebf3000a
e6f6080305f6020b
04fbfcfb06fcf500
0a05f60208fc0afd
13ff040716ff02f7
f5ff090df00c0607
0ffdfafff908fbf8
10fdfcf2f2fceaef
ebfc0efc030dfff6
ec08f9e9f50bf704
f6fa00eaf502ebe7
0e0907f502e00507
fa0e03fd04f9fb0b
fd0c05fb0401fb10
fb0200fcf5fdffea
0ceafd06faf6ffe6
fff702fdf4e6fbea
f70ffe051a02fb11
f81401ff05f40205
fe0306f705edff05
f10506f907f601fc
f00a12f6f5fcf512
fb0b0dfb0a030bf3
fde90301f8fc00f8
01fa0a00fcfd17f8
f704f4fe07f807fe
f819f0fb0ffc09f6
01fd01ff0af7f6f1
ef14faf9fc040ffe
f7f50105fb02e502
04f2fc010806f2f8
0109fe00fcffeefe
01fbf1edee12151c
f9fdfa0506100708
0403f5f9f7f2faf7
fdff040c04f000f6
0a02fdf603fafe0a
f3fd060f0af302ee
f0f10dfaf1e2ff06
000f0f1f0026ecff
1314f3e70611f0f2
0f07ef22050cefef
0f02f81e070a0200
05f5f211eef9f7f5
09ee01fae707fe01
07fff4f6071602f7
f406040007fbf603
f7f2f5fdfc09fcf1
070c11f90d0af40f
14ff0018fa00ec0f
ec2004f9eee52001
07080e101207f70f
fcfeff070ce600f8
e9feebf0d601f216
0108ef04eefbf1f6
07f6fc08f80df300
f606faf9e20807fc
1707fa01e8f614ff
000b0106f6f20dfe
0e0cef0408fce203
0205ff0500040cfd
0e09f403eceb0104
df10e20008f2e603
f1fee60815070317
02f6050fedf60804
0902f7f611f6fbf7
fffb0a0200010601
e4eb0a04f9fbf8e8
eefa0bfa050bf7f9
f8fa0a041702f906
dbfc09f20007ed07
f3060ef2f4fce9fd
fee9eff3fa06f110
06ecf3020f0af6f8
070403ecff00f8fd
13faf714efef14fc
0bf90203fad1faf9
0e06f51004061600
1609f10d10f801f0
0e01e903fae9f4e1
1c0410040906f9f1
fdfcfffff9f9ff01
fafff1fffef1fc0c
1b000308fdf322fa
fc06fdfe10f6060a
eeeffbf8feffe6f9
f8f3fffb0702f0f7
030503fbff04ec0a
f1f4fe05f1d405f5
02f406fce20c05ef
0906fefdef1a01ff
f7f10500f7f91904
05f0e4f5f906f506
ea121df9e7fce00d
ed0914f5fbfb0c08
1df80a1a120211f4
030600f206060605
fa07faf9fb07fdfb
f8effff6e505fc00
fd0f06fcfc08fffe
09ff04eaef020917
fa08f9fefa00fcff
19f5082c080704ff
08f3ff1503fcf9e0
fb05f718fd0df30e
18eafc090d09feee
fcf2082b09eaf8e5
0216df12f1efddf9
0013e9080302e4f0
10fefe07ff0605fb
fde9040bf6dd031a
fffa0312fef22108
04f4010ef8e20f0a
0ce7fff8fb06070b
f90a0d04ff02fd07
08f6f4edfdf309ed
00d5f500fffffcfd
faf70303fd040901
efea0607e3f3f617
de04dfe1ee1318f3
0efbf9100b1512ef
f014e7f9ea0108f5
e912fbf1f1f71f09
f30dfff2040f120d
fafcfffbfefb1003
ec04f30aee0004f9
090afb05f905030d
ebf3f4ebfa0301f1
e1faf5f5f5fdf201
fefa02fa00ef18f8
0303f6fd0103f6f0
081df1f10efbef0f
1c17f7fc06f9f90c
fd10f70d06f1fd05
ea04f4060cfa0007
fe0201f10a090be9
f4fff9f9fdebfeec
ff0cf8f9f70904fa
060f09fe0afa00f9
f4fcfbe9f2f00600
f31afbfe00fafff0
fe14f7041107f9f0
f911f4f4ee05eafc
0a14f8f5f4f8fc03
fa080bfe0bfe190b
f00c0ced04f80ef6
f305fe08f51b041d
060103e6f3180611
00030705f001250a
00fd1407f9160507
09000401f0020dfd
00f913fc0604f4f3
f9fe01150af505f5
100209fb05f9fcf8
17f8f7f9f409f7e6
1b0cfd09f2e92af3
09f8080a04f71ef3
00080711f8ef17f0
07e60513fc1d04ef
07ea030fff0a0404
04f7ff03f003f205
fef6fc01f20201fe
fa04040b010505fc
f8fcfa11f3e803db
07f6ec0816fb0215
0c0af014fefd1d18
10faed0e11f8f70b
27e8f6211aff19ea
14f3ee1916060d09
100701100f030e03
00ee0c0c050613f1
04fefff3f8050701
03f9ee0802fc0004
de15eff4f9e6f411
08050d1e1bed13ff
f507e404fef6fc0a
ef24fb04f110f705
1402140016fdfdf8
0406fa0303f0fef0
f413f1fef8f4efff
fd07010a0afffd0a
0bfef3040a01010b
f8f00102fc06ff10
f8f40c09fce81122
e9f3ff12efe7fa1e
f9f509fbf801f603
05f804f9f605f0fc
07fa09f4f6080000
fffbfcf001fef5ee
fd02f4ea16e601e5
fb11f2fb2317fcfc
0bf6f706e004f8f9
ff06e202effafcf9
fc09f1ffff0f0203
f809feec0efd0605
f109f3edf0fe1308
ee02f9ebfe0e040a
0df5f200ee0002f7
18ed0209032308ea
16f61503fb0cfee2
ecefee0607030800
f5f4fafc0e07fef3
f3e7fc04f30803e8
fefd0101fefcefeb
021802fcfd0ffbef
f3140702f0fae1fb
fbfcf8f71b0c09f4
f9f800022105fc23
04f5120a0d130017
f2ff11f3f900ecfe
ea08fa04070df709
ed0418fe1617f7ff
060dedfefe010ef3
090e0706f6f104ed
fb1f15fcee01f7ef
fcf816fbf1fffd0c
11effb19fa030609
29e4f8111401130a
0aff07fc03f6f3f2
ff030403021116f0
0800fef7f80c0302
f9fc04fbf4010511
04000212f00c0d0f
13020602f714fd04
0efc00000df0f4fa
e906efee0af2f80d
effe050e01f4f90e
0ff802f8fc08f8f9
fb050302f313f5f5
fb0f02f9fee0faf9
f403010100f1f9fc
fa02f9feedf5f7f1
000302fcf7fcf9ec
08faf8f3f408f703
0807fff70d20fffa
ff1307f80303141e
f0040603fdfd0ff9
01fdeb0f04fa02ef
fb10f100fdfbfd0e
fcf5fb0c0a00fe00
15faf90b0afc0906
fd05020707081814
f01306f7fff9fdfd
f8020002f8fbf8fa
030f19fa0202fdeb
0d1affff07f7f7f6
e91108eae5ee1100
f5020802fdfc0313
f9f2eee605f51004
f9fcf3ecfb0c0d11
edf8f7e6f2eafe01
fcf70afefaeeecfb
edfbdee7ece5d3ee
eafd02f7f307e003
170d07e107fa0deb
0902ff0409dd04e8
06f5f30a0ff514ef
05fceff6fefffbed
02f605ecf70112fa
03e9080e0afb0f05
f212ece709ff0009
ddfbf7ff0df5e7f8
f90309f6fbea10fb
13fb0009fce9170e
09fc1311190812e1
19fa181f1bfcf8e6
ff0c0301fcfb04f8
0b0c0c12f2e004e8
060006fc07f7f709
0503060918eceae7
030005fe22e5fdf0
fef8eefa1ef514ef
0022f6f420141af4
08fe1502031610f2
16ed0bfffe1127cc
ecf7fe09fffef5fb
02fc0d0afd19fdf1
e2ea14f4050e03da
11eb1c19fc0305ff
0613220bfa16f3f5
fcfc0305ff04fef1
f40afe0b06fe021e
1802080afbfc0312
0efe091d01f00528
0af01404e3e10ff7
23edf1fdf1f6f301
200d05fff8012101
03e8c9090ff1f00c
faeef4fe09fe00ee
07f7e3070af80308
fffc05fe19fff2f6
fbffeff01ae7fa00
06f8e4e126f8f40d
05fcfbfbf2fc0202
ecfaef05fefd0c0b
eff911eb0a20f727
dcfbfdf70109fa17
e5faf707ff05f2f8
d304e8d30505d90f
160200f6f618e70c
1bff02fd1100e402
1514fbef18121806
f9f8fbec02010200
030404f5f81403fe
150bf9f30d170608
0204010b08fb030a
03f6f7f61908f312
0c15fcea0907fcf7
0517e71e0c05feff
050ffa050df6f8fe
ff1fe602f7ffe0fd
fe0201ecea00e9ec
00fd03eb0100ea03
f902e5fe03fbdf08
f20901030000e9ea
13e7f3fef7f8d2e8
f90de7180a04de03
ebf3faf5f512ed00
f8e9ffe3e80100f2
17e21403000818ec
f5f3ebe9fc14f710
f4e7f8e4e915f405
e0edf5d4e810081a
f7d213e4e61415ff
dde511ebcd1b0204
dddf00d6ec17fd0b
fe040b010eed15fd
f70e01f8f703faea
08fee5effb022bee
0cea0af8fc020000
fcfc0600f301fe06
05e50207f6fc0303
fd16fdd80f07fef6
0004fefd060efa02
f9f4fc08fbd2ebf8
0902140214fef7fd
10000a140509f6ee
1010ff100407fcfb
fcf4e9f8edfefbfa
faf3f0f0fafaf3f8
03f2e8f5fbff0901
ee0618de0cf30d00
f401fee4feed0d06
f601f9e40bf105ee
0de30803fa200cf4
ffe80b140cfc09f6
fafdffff13070fe8
c3f3f101ee0d0902
dcf40103fa0402f9
da06f702f9fa00ee
2502110303fbe012
14001305f005ec04
0c060df0ddf6ebe4
f804170cfd070020
030108f2edfc0505
09080805edfa0718
03010301effd09fd
f5f30cfc0109f703
f2f90df9fcfe00fb
10faea0303010ff8
0705f5fcfbf806f5
dd0300011dfafaf6
08fef3f51500eff8
050206fb07ee03f3
0efb00011ef9ff06
faf9f2fdf912fd02
fe06f0fdfe0b02f4
030605fcee12f2f0
e1fd070ff80cf805
f608f9fdea16f410
fb02f8dcf21be1e8
011ffbfe16f0fb1a
f504fe020207f813
0dfc05f50713f809
0b0703f0ebf2fc08
f4fa01f7e8fbf7ea
09ff0601eefee6e4
11f7fdfd0ffffb10
07f9040004f2fa03
04f805ff04e102fa
dd1bfdf6f907f4f7
de120ff0f204e80a
070713f5fcfafdf6
f7ee0002edfdfff8
fef80707f9011a0f
020cfc03120307fa
0bf600ff0006fdf5
ffefff0307fbe4f4
02fde105ff05f504
f8040b14fc0b04f7
fdf3fcfafaf901ec
effff4faf6fbf8f8
070600f1f8060215
f3f6f902f9f90308
f80b06f4fcfa0906
e8fa03f3e90df3f4
eefdf8f9000d0600
fff90307fbf2efff
f3d8f9f8e307f703
0adff421e7060705
fce50711fefb02f4
e7fb07f107fdedfa
f9fe24fb0601f6f4
ec010807f0f8f60e
070b07f2030c0303
060205fefa020e06
fdf8fc14f5160df7
f9e9e5f7f6f1fedf
f3ffe4010df901f9
f4ef0606070affe5
ee0f00f70b0ffffe
fbf7010c15180900
e4070eefff0e0401
17f8010a0f080dfc
05ed01faf9050be8
f3f4fbfcf8f81bfe
e0f0f70702fd08f2
e2f4fb0306e7f902
eff7ff1302fd0804
07fb06fbec0cf2fb
04fa05fdf9fb07fe
f6ea04faf207f7fe
f60801fb04071beb
ef00fafd0df308f7
fc090301180205fd
03f8fbeff9f6f703
fa1504db0005f2f6
020308ff09fb0807
08fefdff01f50c04
fa0afd0a00f90e10
fe0305f704040705
ee06040ff4f504ff
f40df6f3ffffe80a
1009e8fdf1f405f3
f10107f7faf4f4f7
02fc04ef0306fbf5
f1f9f4e2f709e6f2
ec00fa12020d0e12
de04fafceb03f7ff
fb0801220a240900
13ff000011f4eb04
04fefa010b15efef
f802f1fbf019f3f7
f9f50600eef3f9f0
0af40208f006f3e9
0009fc0102f803fb
f212fafe09f217f5
df17010903070605
0506fd000a0305ef
171cf7f7f50a0207
07fb0502e9ff0e02
0d02fe020002f2f5
0b030a04060110f7
09ec0e0b00fd1ff5
f4fb05faee040af6
fd01fafc03fbfcfe
0d1101020207fe0e
ff07f7f2ef01f111
ff2505fa05060917
140305ff05fc1513
17ea04020ffd17fa
fe0b04e8f9f4f301
001f0bfa05fdff00
151df10709f003fe
eaedfefaf5ee0803
fcfe01f70bf80e0a
f2f70af3fb080319
19fcfc170cfbfdfe
ff0b17fc0ee7faff
fc13fae4f4e8f511
f80304f7ef05fef3
0709f8f3fafffcf7
161ef4e10d23fde8
f5ee0115fbf9fa07
fdf9fb0700fff3f5
1303f2ea040307f0
0406fb0005fbfb08
08f600120bf706f6
f7f40306e0f9f808
f800fbf9f1f701fd
0907f900f6e0fc00
0cf91315faf7f302
01fdeff7ff000807
fcf901010bf8fb02
06fdf70802ee0308
0c00100a13f3f704
09fc0d090d0202fd
f6fb020514f70200
04feed02f9f4ef02
12f8f103f2f3fc03
0506ff0015090b17
ee02030cfef7ee01
03ffff040302f9e9
0105ff030cfc09f9
ff0e1afff210f5f3
e90604faeefff9f5
f216fd04f8eaffe3
f9f1ffffedf2edf4
f6f1fb03f7fdfeee
0ff2f80ef7030110
eafef7e4ff0ef3fc
efea05fb0205f4f8
eafb120efb05f514
f908f813090a08f9
01fc0f05030afb04
eb1a09030d11f7fe
0206f808f1f2fcf0
00fef7fd03f4fa08
f504fe130ae9f909
01fef602ff0107ee
fefbfe04fef8fdee
1201080012fc07f0
f301f3f5f8030013
f7f4fefa040afdf7
06fbf6f80512fddf
f5fdfb04e9ecfd03
f3fefe02f9fbf4f9
f5fff9030807f317
f9f202ecf2f5ecf3
ed09fdf504fceff6
faf1fe07ef0feff9
fd15f90003f90a08
f5fff8ff07fcfef9
06fd09f9ebffffee
fb0a0002ff040400
fcf510f7f600f707
f51310ecf7fffcf2
faf107f6fdfdf8f9
f810faf3f307f4ff
ff1214f5fdfe050c
0205eff6f9fb0cf4
0506f9fa0606fd09
0a19ed0e0efb12fb
03f5f4fff9f3f7f6
f9fdfbf90705f6f8
f506f5f70105f8f6
fb050c07f800fff9
fe0104fefb02faf7
040dee09fff0ecf1
f2f30100ee061f12
f9ff1405fef316fd
09f3210ffbfc0cf5
e100fb08f1d2de06
e6fc041b0200e912
03feeaebe0040fef
fb0709220d0e1112
f00b1a1009000df3
04f20412eef8e402
27140701f40322f0
19f6f409f4fe1c01
f3fffd1ef8eae4f4
e5df00e2ff14fce3
f81209ea0af1e713
fbfed8fafcf80609
e82f08ebffdf1618
03040c040efdf901
01eaf3fa0be410ff
1af7ff18ffff0219
0efce509effaf4f9
e5f4f6eff30403e5
07f00013f4f6e20c
fbfd0106f4fbf3fb
ea21ea04fbf2f1fa
2702040919fbed05
010504f90e0dfafe
fb1a0eebfaf6fdfe
0a19fb0323051707
e9ffe9fd25fcfa03
0ef7fcf807fde1fb
1af3f3db260506ee
0afce7f9fd0601eb
e5edfdfffc01ec00
0b1901f20625f4fc
0708070727100203
d7061003090805f4
f1e80e140420fe0f
e7fc0dfc0618fa04
0102f6e1170e03ef
f406f5e4f8fae609
f101050bfc0a0dfa
20faf9ed11f1f7ea
0afa0f0b0b1f2011
fcfefa0109fdfc13
1a07fef2f70cecf9
16fffff725f3f6eb
27f908ff12f005fc
f108f5f9f0f7e803
08fd000dfefc1c10
ebf70604f902faee
0adbf6fae703e4e5
13ea010a131feb0a
020b0705020d0a04
f8fb02f9f3eff8e0
07f80505f023fbfd
24f4fafeed0cf9f1
f7f3f80500f4faef
08e4ebe4eff4f311
faf602fade07ca00
00f908100501fff3
fbfa1413090918fa
020af80cfffaf00c
0505e71a11fffa04
fd0f010502012210
faffe7fc0cff1b12
01f0f0fcf2fceb08
06040700ffedf302
f5e20cf9f10d160e
eaf2ecfcedfcefef
fb1404f507171706
ebfff8eff8f60df2
f606131b0aeafbf0
fe03122617f613f8
fe1eed171403c5f1
1c18ebf507f4f2f4
1304edf7f9f5f6ea
0101eaeff60101f8
e7f6f708e300e2fc
1000e606031110ff
fef20b06faf6fcfe
f40c0ceff90600fd
f80ff3ff01fe03dc
fa17f704eb0bfee6
f71004fe1905dde4
0611f502ffe10313
0af9031c06f3eefd
00f0fcf2f8f2f9fa
fe10ff0a07f10ffa
f4f7ff030e0d1007
02fd0308fd05f0fb
17ed151814f9feeb
06fa080dfcf003fe
100826060d00f505
0c15fd03d8e8f50e
04f508ffec040ff7
f9faf3f7ecd8f808
160d0afb17f1fe06
f80806f2f1fcf9fa
f5e6f80812f8f808
0f0208ff0c0e2203
04f4fef9eee60716
1ff2100af400fffe
f4effa0afff905f1
e7f30308fd01fd01
01eae5fc01fff3d6
f20300f9fe10ef06
f71210000306fe04
05fff3f7f40df2f5
05ed1a22fffe0d1b
150af4fb03000af7
05faff12fafb12e9
0101da13f6e2120b
13f902f1fcf200f2
e8faf8fae6ebed06
040005fe0ff504f6
0a040af203e8f6fa
fd0004eff4eefa05
03f5faf521e8f3ed
f6f9f70305ecfc07
ee01f3f2f2f20310
f5d2f8f5f2df19f4
08f904fff0ec08f2
06e6f903fdeafbdd
00e606fd050ce7ee
ff0307f7f4f2fcf4
e50a0105010bf8ff
f621faffedfc1108
06fc07fbfddd02fe
e422020725fd130d
0cf705fe18fe11f6
f60efffd00fa040e
06f6f101f7fcfb08
0b0a0604120408e2
0effff190b0a0003
ed080f0afa02fced
fe1cf8e80ffbf5fa
0ee6fa09fb0700ed
e206f8f0fcfae3fa
02ebe41f070cf910
0ee7161b15f4e2ee
1ffb0d082103f3f7
0808041a120611ea
f90df11704f012e7
09140b0811ff06f7
18ea012e22e7f8ef
0cf61a18050eeaf7
0ff7f3ff07f90d07
fdf207f8f4030203
00f006fd02fd0f0f
f4f10109f4e6f411
eff908fa0200e800
0206f606000af1fa
fbf90613fc05f010
fafffdfa0201f500
01f1ffed0a0bfeee
fff2f3f1101200f1
01f0efffdc02f6f2
f6fef905ec02f8f6
f5fceaf9fc120702
edff04f00af200fa
01fe00f702f606f8
f3fbfcee04090b09
07fcee03f5fcfb01
0af3f80ef411f5f8
09f1f7ffef1206fe
e3f0ecfd0cf811f6
f9fcf8fc09090bf2
f601f203e9ff02ed
0c0106fdf4f6eb00
fb060507fcf4f603
f5060700edfce209
f201fbfa0c0107ff
fc02f0fd21021111
ecfbfdfd280d09fb
00fffdf5f900ed02
02070afbfdfcf701
f30d18f3100bfb07
fe10fff4f8f505eb
1102080801fe08f2
fc1b0c04000402f5
e7fb0c00fc0dff05
04fd0df702fefe0c
26f5fffcf5021206
fefffbf8fcf6f403
fa010607060810f3
0cfef1f6f20afcee
f9ffff03eb0c07fd
fef9f912f81d1400
01fcf910f61a0106
01fcfffe05fff6fc
0405050601f2fe07
0b0208150df9f11c
04fcfaf3fa0af7f9
00fd070bf41202f5
08fefdf4f8e3fbf2
f10705fbfeebfdfb
f0f8f8fdf5fbf4f3
ed0bfffefaf110ee
fe0308f8f90bfaf5
f70c0700f41efc00
0808fbf7f91e0402
fcfbf8f4f7f8fbff
0101f80e07fafa00
fd10fe02f9020e10
0002f901fffafd05
18f4ff050bfd0600
0cf2020508fb03fa
f3070bf3fe030801
f30e0e08040102ff
ff0b0df1f801fff0
ff0ffcedf7f2eefb
e81002f7eefa02f7
11080c0803000905
fdf8fbf6ff020400
fe0bfcf8fb07fa09
f9f9f9f1f0f31109
fefc0b080aea03fb
ff10f9fa02f7ecee
ee0df9f3ecfde000
120000edf3130404
0cfd0cf309fe1800
f91417f20707fb01
fb09f5f60b12fefb
0312fc081611fb05
f224f00f0f06f3ec
0c13e8f304010cf2
f60ce9e5fd16010f
fefeeef0f90c00f2
ebfff6ebec0d180e
f7e4faf3edff1004
0cfbfc03ee2a101a
040bf80df5f40321
16090204010cfd0b
0b011bf6f9f91002
f3fc1ef60fe5faee
dc04fce0f5e2fd06
f8f6ffed15e0eb01
f116eaf90becf604
f50ae6f7300107fd
fd02edfe231614f7
fefff3fd07fcfc0e
0aef0000fd01190f
2206fbfeeb00f207
2ef71ffee0fae5ef
051209040af2e5fd
00de11f7caf4f4e0
ebfaf1f9f0f9fef2
02fdfb0afcffe508
f3f61303de00fe15
e8ff04160af20906
eb051408fef60a01
e4fb1e1e04fb05fc
05dff10219e313f0
20e9fae2e8e9f8d4
f9f2daf42be90af2
f2010608edf017eb
fefb0efaf5fae6f7
ff0a0f1a0ce6fff3
1204fd1efbe213f4
240602fa05f8ebf0
1a02e409fefe0dea
e6ffeaf7eee9fb0a
eff8effbe9eef9fe
e500f3e4f3efee08
e2e7fe05e30fe30b
16fff8fae911ee00
101507fe050bdd10
f3f4020008e401ef
fd10fcfa05e10805
fd0cfcef0dd8f40d
e5f2001210e71216
faef040401ed0615
f1fcf8f703d308f9
10fb0c051c050e06
ff0cfc0304fa210e
e32311f105fa020b
0012150603fbffe7
05ff1d090204fdee
ff2b07fdfffaf904
0ae80be6f5fbeef1
f6d714f7ef06f3e8
f5da06d3e2fc0fed
e300e304f2f7f9f6
ef1cf10805d3f6ea
fbfcf3fa04f007ff
ff0ae01cfafe00ff
fb06f4050216f7fe
02fbe0190803ec05
16faf40c0b022f0e
fd19eefa05161906
1c02f2f6fe0f3fed
07f0fdefea0af7fc
0305ff0509200b12
22fdfc07eff71001
f4f80204fb01f2fb
050217f8fa041006
e8f51108f0ecedff
010401eb060905e6
e907fcf205f9e300
f7e408e5e4f80501
f1e7dc05e2f704e3
0324060b00f5f3fa
05fdf107f7f500f3
f719fdf806e5ff0a
0f09010500010e0a
f3f7f2e7e40101f7
150dff11fbee06fd
0e0512fc090400e9
e9f3f1e804f708f9
df07e909fcf0f80c
fd0e07101e080504
f311f8020d0509f4
0f00fc0c15fef617
081607f7010712f7
ffedf708f1faece4
09fafb07fa051200
0df60101fafffdfa
e91602fcf5f5ed00
040905f4eaf6e0fb
08fb0ffbfb0aed06
ef0a11fd10010206
fd09ebf5fbf400f7
fd0dfe1009f70a18
0d0301edf0fefbe8
f4f90612ffed0405
0d0e0217ecf010f9
0114f0f1f2f9fff3
0cf80913fcf902f2
04fa14120e141e02
11fd07ee05feeeff
0106050cee011108
120904f6090204ff
ff04eb0ce2fafc02
ef01fc0510dc0203
ed06030bf0fcfd06
dd01fef9f2fbf2f8
1ee405f6df02e2ee
040706060f30fa0f
12f00108ec04fef6
edfefa130712fcfa
ff0c01fcfc1b10f8
eaf5fcfdf2f1ecf4
f100040601fdfe06
f4fa00fb0feb0bf8
0afe0300eb03f1ec
fdf30bf804fcfb01
f70b0904fffdf7fe
090ee9fd00040a06
f804110c12fceee7
08110c0f0efefe11
01f2f6f60104f4fd
00120af3fc03000d
061001071408f3fa
0c00f9fef8ff05fc
020902fd09ea00ea
090513f3fc02fdfd
0315f5fbfdfdf8fd
0319010cfb0e1003
fb08fe070406fd0c
0901eff5fc0b130b
07ffe51015ffff02
03f7f70106010109
ffeef1f1f60a0af7
07f4fa27ffe6e7f8
ee01fbfafff1e407
e6f802f1ed00ed01
17f7fbea0310ffef
f3f70514fefefbfa
f80e08f30b02eff8
fe02f71c05f20fed
f805f4fc0cf20adf
ee09fbe7f3faf2f4
09f2000d0722f8e7
fa0509fa08f6e105
f309fbf0f8f0f503
fdf408ff160a0e0a
f5eefd02fe0d01f9
f1ff04fa00f2fa02
1c09031d100f02f8
140bf7180a09f2f4
01f4f208f2fff7f0
f5e3fefaee0a0ef8
09f70afae7f1fef9
f600ff04eff7fffa
091102f405000606
fdfdfef8f9f2f905
03fd01f8f0faf4f7
02f203f413f91aff
07f016f9ed060bf1
f4f6fa00f2f5fefe
110409f8fc0812f7
fde6f7030d0e01f3
f3fafaf2080900ee
00fe02050109f806
050704f1f60304e9
f5f101020cf901f9
0f01010afe1cfb00
fded00040701080e
f4f707fef9f0fefa
04fef3feed0206fd
eef9f5fbeff80702
f8fefcf7f9fafff9
fcf807f103f9ec01
0e0503f1f7fdf1f5
f405f703f1fcfcf0
03fafff510f20c02
f9fef6fc08de02f6
f80101fef5f4fdfc
fc0107f90ce121f4
e2fefcfe09ee0dfd
f9f2fbf9f5fff1ff
fbff04fd010cfe01
fff901fffdebfcff
e8f8fb06fbfcfefd
0a0d05f701f5f6fd
f50206ff03f00d05
fafb0702f4fc00fa
08efe6fd0dfb0f05
f009f4dedcfde911
fcfefdf5f802f2fb
020df3fc10fb0de4
faf5f8fd0405fc06
f50afdfbf802f5fa
f0f7fc001007fe08
f51cfcedec00f4ff
ff02fa01fcfdea14
10e1f8f60d07fe04
f3da26210c0301f7
fef404030b0100f3
f4f6ef02ffdafde3
0701190ef9ee06f4
0ff6ff0808f902fb
11f4141d2506faf0
10f3ff25170102f4
0ff2fcff10f7f8f4
0d1b06ed13011fed
0aeb04fcf1f3ff08
fff311faf5ee0d0f
08f6fd15f9ee02fb
f5fafd04fff3faf5
0c18000607ffff00
0dec0307e9e4000f
f5f402fee5fefcff
1e1bfcf416060bdd
2f040118f8f5f405
f7faf9f1faf703ea
f002f4ec08ef0009
04fb01fa09feeafc
06f60203e9f810ed
f5031001fdf30cf2
f2eeecf8fa01f7f5
f908fbf3f7e5f100
17090c140ff9f2ec
ff05fefa090634e9
ec00f8011404f203
fd060900230cf605
0afdfa04f00f05e7
fe06f20dfeeff20b
1412fd250c04ea0d
f105fcfcfdfe02f8
01f0fd05ee01f101
1d080e0df10b00f1
f0f0ff2116fd0909
0f0cf2f8f8f0f102
fd0c03f51a0df5f0
ff01190305f6f517
0ef4f6f3f6fdf0f0
06fa08fd09f7eefa
080003ee14f901ff
04f0f0f9fbfef7e9
05d00107fcf4ec01
f40103ea17e2ee10
ef030dfe0200f402
07031304f5170608
1bfff0f912fee9fe
edfcf400fbfffcf3
fefb0112fcf905fc
0afb02f6fdffe207
ef02f7fefbf6060e
0403f8fb09e10705
0df8fafd02150103
fcf50203eb0702ff
070cf70c0227f1f5
0f1002f4ebe80d13
05ea030001faf30e
fb0102fd050f170c
10030502f0fe14e9
fcfdff0b010804fd
f0f7feff06fafe17
f0210005fafdf212
f6fef2091003fdf8
fef0fc0503070403
f00602010105fcf6
0bf2fefd0706f9fe
f70911fbfcfcf3f0
0cf4e601fefbf402
e6e3faf8ed01f7fb
eb150de3f0fefa05
16ee070d141d0fee
ebfefb0bed0aeeef
e91017fdf81204fb
fbf7f5ff05ff0a07
00fc04fb05ecf700
0010f410fb0a09fe
0005f4faf3fee5f8
fbf500f8f41306fa
0af4fd16060b18e1
26fafbeb03e42509
03fcf825f9e3001d
f30c0616edf7ea23
0e0c050f04070007
060e0504ff011bdd
fe040e0f040108f2
0bec04d7f5fdfd06
f805f62b03f9ddfb
f8ef01f9fae501db
fd02f20714e601f2
010905141af701f8
f80001fe0908f219
f51706f8f6f3050a
10f122090410fb08
00ea1704dbeb13ff
e8fdf4e7ebcf03ea
f31e25f31cde04f0
0ae9050a18f3fc01
020cf7f7030809f2
12f110f5f1061deb
0c09f1fdf1f60dee
020702fbfc01f50c
ffff0a080d181202
15120a1af6ff0313
03fff506f7f5e5fc
18f72209ef03f4f4
02ef0510e50109e4
f702eeff0f06fd06
fff805011c09f710
fd040b011c0c1601
09040e0100ff0ff8
1c000506f802fd15
09150207fff5f407
05fedcfa03f5f0f9
1e02f9fb130a16e4
f1ff010807fb22fc
f3fd02f62702fe04
050513fd12f6fbf5
06011124f20509f0
26f7faff1003fc16
0304eff7120dec05
01fbfd0bf811f2f4
f303ffea1a07ea12
f6ff0c1df50407fc
f1faefee0efde7fa
1bf1fc0cfb100fea
20f8fd0904f903f7
f9edfef40603faf6
1b02fef50c11f6ff
1216fdfff611fe23
020afbfffffaf70b
20f100f2feff01ec
06f5f9f816e90c0f
f4fe04fb00f60a04
07ffdf0f13000ffd
fb08cbfc06fffa0b
fc10f0f6f3f8e418
fa1009fa0401fb09
f20e05fafc02ed02
fe0d010003f8ee15
07e1f31414f50dea
14f6e9ea03ffdcf1
1cf4f9eb03fcdd0d
e9fbf1f8ec0bf801
fbe50f07f5070ee5
fbf7220c08153310
fc04f407f411eb0b
f1f9fef6f1fdece4
f9f90203f80405ff
f704e1dae5ffe20f
e6ee0ef2d616220c
ffe310fe09f617f2
fefe04fc0cf6ffdc
ec0209fcfc10f7fb
f3f00ceaf80cf502
f916f4f10a0bf4fa
00faffff0a140503
0afbfee8f50bf4f9
160cff0bfafff7e7
0310fbe6f1170000
f606f70b0302ebf9
14f50d1d0519fee7
0af9f90dff05fa04
f702f9e9f5f80014
100e090d0cf7f405
fc0af804ff09fd12
0200f5f2f5fd0006
08f40b15031101fe
f10cf2fdfb0dfb09
fefffcee06f6f609
f8ed0909fd090f06
fef1000bf7fe0afd
e3f9f6010305f4fa
0efbeffb060305fd
1005fdfaec0306fb
fb03f5fdfef6fdfb
07fb0bfee9fc03f9
f90cf300eff2f808
03ff09f3f9f8f8fe
08ef0d06f1f5fb00
04fbff030301f6ff
fd0702eef6f8f9ff
efe7f90508f1fa03
f6fc1104f8f0fffb
ecf709fb07fdf7f7
fbfe1002fbf61400
05ee02f3f8faf1f6
f3e6fbfa08f7fff5
f9fcfcf6f3e90603
fe08fefbf40103f7
040805fff0f906f6
fc07041003ec0fef
16fcfc0cfff50df2
0f01fc01f8f6fc02
15f9f3f5ecf8f9eb
0600fb0004fb0aff
090af5f8ecf6fd04
e91002f50e00f905
04fd0402f4ff070e
ed0b0001f0fcecf7
f8fefb0100fafe10
fe0c0203fcf00517
f706fbfdf8f8ffff
fdf70103f7fafdfe
050403fef9f2f50b
05fe00f905f8fa09
f0ff06ea0809f609
fc0c09fee707f712
fcfe05fafafcfd00
eb0d0dfaf8fceded
fef80a01ffff03fc
081007f6fa09fb06
0a1ef9f30c05f822
03f519f3f8061408
f60105f0ee0307fd
13fbe9ff0eff03f6
0afb100f11030ff7
fef5f3ee00000904
13f1061703fb12f4
0bfcf81704190b03
03ffff0c12f60d04
21fde81b250dfe00
0e0605080c0af7f1
0bfc000e1b000ff4
fcfefcdf04060c03
e10afbe80311f2f7
1a06fbed15ef27d6
0706f6ea0e10fd00
ef01fcf40ef8f414
fa02fae802fafafd
fefcfee811011cef
ed18f6defd17ee21
ed1af2db0b070af7
0cfcfcff03edf1ff
ff040a04f6eee6fe
1ff2152722f1fbeb
fd09fc04eeeaf001
020506fcfc0bf8e8
0ef7f404f0e6eef5
02fbef0c03ec0b08
f509fef4fcecf510
0905f9060ff41916
0ded16f3eb10fde8
03f9f41200fefefd
05f71df0e5201ee2
effaf6fc0f0a051c
f7e804ff04fafcfd
ece2faf6fb1015f3
0bfb0afdf507f8fc
fe06fc1214000701
1df11cf8f5020aed
fde5e2fd08ee0dfd
06edf301eae5ecf7
f7e1ee23f5f1fe17
f7edf60203fef50a
f9e4f505f4fd06ec
0ae6f406fbe60f07
f4e5e90409f5fe05
0ce6f6faf2f2e6f3
e7ddc91001f80c06
e305fafaf3dd051a
070205f7f4e5020b
e704f1e11ae3ea18
e8060de801effdfd
effbfb07fafcfef5
f00609eeffeaf517
e509faf7fee90706
fb0412fdefd608f0
dc08fce305defb22
e204050f10feff12
f403050203eff019
fd05fdf91e020605
fefe00fb0809fe0c
e80205f40cff0500
0c0ff8ed0a06ec1e
ebeefc010b0df609
050d000af5fcec1f
0bf2f5fe230efbfd
e4f209e5e0fde0ed
e2f61be5e1f9f1f4
0211f3f2f802ecf7
e2040cf6f602eff6
f5f9f2dfec03dce7
f30505e2e1f8d7f1
fbf9fefbf4fafcf4
ecf91efef60a01f4
f4f9050e0403f2de
f8efe9fcf9080ff8
0ff2f60c06130b02
03ebebf6ec0b1af1
fefff010f803f9f1
fdf7f706040dfc0a
fce1fdf9f719f802
f50ceefef50e10f2
05fffe08000722ea
fdf600ebfa204ffb
25f0ff03f30410f9
19eee600fd0414f3
1710fc00e6000bfc
ed03fafbfdfef7e5
f60e0207fbf9f6e6
ed0a02070505ecf3
0721f709150119f5
eafc09fdfd19ed03
fa06f7f1fc04fc00
fc01e70ce8ff0e00
0401f612f1080405
09fde7fffefb15f3
04f7f6ff0adbf2ed
04110c010cfe0cfb
100d1003fae6f910
060d1b0621030717
fc0710f9ebfaeef9
ea03fcf2f7f8f408
e10fe904f9f41508
f41aeafe0e1316fa
ff12f606edf31aff
2005fef60801eff6
1df8f309e6f0fb04
0ff5fe0eea03eefa
220407f6040c031b
03feeefaf6f8fd11
edec03fdf1feeb08
df1025f7ec02ea13
eaff140decf9ea1a
da041b00fcf4f108
ede3eb15fcfcfdef
ecfa0103040606f7
f8fbfefa0efff5e3
08faf818151dfa08
06fe0418010cedf3
0bf0eef80705ffe0
1d01fe0a05e909dd
1f01fdfc0efef2f7
160306fc03f1f6e2
fb0801fdeef6f502
f5f9fdfefff305ec
09faeef9ece7f300
ed080cf50cfe071f
fdfa0bf5eeebff19
ee05fef200f2fb13
09e001f8dd02e305
1500ff01f608e402
1feffffde8edf5e5
e7f900fd03fa0af0
e1f8fcfd03f80301
e40307fc0cf7090e
0f0a090020000c1a
ea05fb07fb080c06
fd0600f9fc03f6ea
fd030c00fd051306
000bf51510fd1cfc
fc0afc051a002a12
090500eb0404f901
0e0507fe08fff6f3
f60d02e6f306d9f8
f90c0beceffd0fea
f2fa0ffaf3ffe220
eae4f1efe807fc04
ec09fa07f3e6efee
1921ed1117f8f1ea
2108f20d1bfd0cf9
fef2141b14ebfcec
0ef006060ef3fd00
11f9fd1312020ff2
15f505180dff12eb
0d0112050de401fb
04fd01f6f702fffa
f81512fc131af6ed
f1160ef0120aff0f
061203060b170810
fe070fe001fa0df7
fd03fbfaf9fc12ff
fd0b02020208f5f8
f8fc0400e625d814
0d050700f203f31c
fa1df716e6fef716
14163b170deee8f8
f80a03ff11ebf700
0a0116242407eefe
06fffd1800e8f0f7
f7e2f804eef5fbf5
fded0f1616f1eefc
d00a04caf3ebfd09
de1611e322c9ff16
d91811ee21ee1106
23f911060c0c11f9
fd04fef7f80ff4f3
0cf8170329fa080a
e6fa02040b071df5
e4f60609ecfaff02
f4fb1106fd091c15
1410f4feeaf6dbe9
08020b03d904f3e9
2309050feaf6f0ec
1903e80ef5f202ff
07fe0c0afb010101
1afbf901fdfd010a
faf609fafcf7f413
1ff7f7f2fe040b06
12e501110f04110f
090a07eff0e6ffe5
f3ecffe7fa0af6fa
ecfaf2f2f70eeae3
e1000208feef110c
f800111912fc0708
03fb05f70ef20509
0708ec0320ebed04
e002f1f7f010f50c
f6fc000006f9e50c
0e01001fec091207
ee07f11b00fa19f0
05fde81c010c2101
ea0f01102420080d
f50afb0900fd0a0a
0f0a00ff1f260301
0416fbf5f00b0b07
0302fcf808f70412
f60b05f70a10181b
01fe03f004eff906
fbf70308fce3f5ff
15f0fe0401d60009
f703110109f7e7fd
ed03fefdf900ed00
f6060ffefa0305ea
ed1204eef3fde301
f0e803dcf003f5f4
00fe12f305fff807
0fedff06fbf9f6ea
03fa05ecf3fc00f5
0cf309f8f704f100
efe903f4fa1602ed
f1e3f904ef0f04fe
0516120af908f5f5
f5f5fe01f40604f4
fdfcf1e9e8f3e3ff
ef041708f6fbebff
09fbdae9e228180a
f8e6eeffeb1a27fc
00f7230b041336f5
f00202f405fcf10c
e8faf2f2f2fdea0a
edf9f8f5fe07f417
f5fd00fbfe021007
0111f9f501070a00
0afc0703f1fd21fc
fbdffdfde802f207
01fd09fff507f309
fffe07fa01f8ea0b
f8eb09ef0a0a0610
e80f0aeb00010208
e40d0fd810f70516
fce8f813e7060906
1afc0512fe080600
0efaf517f8020ff7
ddfcf0f4f0ee03fb
e9fefdf5f9060216
eb0b04f201020705
07000400f2f3f2fe
f8fbfcf8f1f8ef02
18020becf5f2e8f3
ff0bf0081cf3120d
1008f7061107200f
f41208091f091df0
ee06fd00fdf2f0fd
f011f302f1fcecf9
0bfcf603e8fbe8fd
100a06fa0cfc0df7
ff0ffcfbf70400fd
1d08f8fef1020ce8
100518faf706f101
030b07030403f30c
f81703f700ff0616
0d12f7e1fe04fdf1
031508f0f8fc00fa
f90303fff6f4f2eb
0000f008fc0c00f6
f905ff0af109fb0c
f504051af60f1808
0bfd01020700f3f8
040111f910faf10d
0606fbfa1004feff
04080c07fafdfbf9
17000f05f2060cf4
ff08fa02fd070204
04fe04f8faf4f504
fce6fbf704f5f5fb
f3f6030603f7e9fe
0b030500fc130200
fc0300fb0414f904
0f06fbfc0612f9f6
f7fa02faedfef6fc
01fd0203f2f0f8ef
ed03f8fbf6e8fb09
fdfbfff3f105001b
f4f403f50706f303
0debfde5f9fcedf9
0202040906021602
02ff0204fe0306fb
150dff1a13000df2
07ed040bf80205fc
fcf3fe0106fdfeff
fbf00afcfdfceb03
17ecfffc030a05fc
02e3ecf4faff0e03
eee4f7ecfb0c0d10
0811fdf7fff0e6f7
f307f9fbfdfefbfd
f41af4f0f3f6f3f9
f50df0eceb06f9ff
0406f20401fcfb04
fc02edf4f1fb03ff
f5e5fb06e5f5081b
07f7fcf8fce71601
0becfd02edeb13fe
000f12f61cfafd02
1205eeec03faef02
05f1e8f9f6f3ff12
07e7050606f013f8
f90c04eb0bf106da
f70bf0d8230f10f4
fc0bf5f007d71009
faf2f909f8fd0aec
000ce30af7f7f805
19ef14eefd11ff02
f3fe04e301f20505
fa03ebed07fd0e08
020ef20a00e31a0b
0de00819e915fbed
17fe1715e8fdfefa
dbfafef1f9fdf9e3
eff902060dfb0a00
e7fffcf9000a07eb
0af8fc0101100d07
0d03f602f60cf2fb
010a0cf8e80affe7
eaf704fe07081602
05ffec090bf10d0d
f30507f90d170e1b
f51905fd08fd17fe
fe01f0fe030104f9
db0b1ff9f5fefa0b
1f02e717f2fc0b0f
0405f90d00f1fafa
f008fcf509f80701
df14020113010211
fa04020d00faf30a
1afefd1207fb0d1f
09fe01f5021cfef6
08fb0ce9020200f5
0cfc04f41a0d0501
ee0709fb0b1cee18
08f9f206fe11f700
0c020201061dfb03
ed0605fb0e0f01f3
0803f4f312fee4ed
fc020a131101fd06
f8fefd03fb02fad7
fbe90107f3f3f3f3
f60ff9f8f4ef0ef3
191104f91515021a
08f6070bfe07fd04
0ffaf8fbfce109f0
e60d01f70af6f000
f2f702fbf20ff405
fa1c02ef080e0c1f
05ebf70911fd0300
02e6e70813001ef1
f612f7f7fa04f908
0205f301fa07ec08
03f702fffb050106
01ebf4f9fa001504
050800000c03fbff
fe09f8ff07fbfd0d
f703fcf6fdfaedf0
f0fc03dde30b2116
eafff8f7eff30d01
f5f20bfeece701ef
f30101dff508fa11
f1ffeaffecfeff11
f5f6fbfbf60a2417
ef0f05faf1f912fb
07f9f705fdf7ebee
ee03fbf8f3fdeafe
f4f6fce911100bdb
15100d010e121eee
140b0afc111c04f5
04faf7faeb0efbfb
f1e0ff0df1e50d00
f50a07f20d0d09f9
f61b020b0113ecf3
00f700ff0a0afcfe
fafffb14ecf2f704
06e51514f50df2cc
27f0fb1b061cefe9
15f915101610f6e9
f10df5f603ec0800
f3eee100f5ffff03
1301f909fb090911
f8022ce81af7ef10
e406f6e4eff11518
da0ef1df05f90ff3
f8f0f70718140315
12020801f80a2806
0de606f6061a0bf2
e7f812f6fbf2f3f0
dde6fb01f6fb01f5
ef150000f602110b
24f816120805eaf9
0407f0fdf7f3e400
f108040e09f8dbef
15f0f700e7f7df11
f4f2100cf3f4fc1c
0bfefb16d80b041b
02050cf50d0303f0
0b1405e9e90002fa
00080515fe000d06
0d000c06111af9f6
081802eaf708feed
f72301ef150614f0
feff0afa20e6f207
fb05fdf517e9e5ff
03fc03f220f7f711
f508060dff090f08
04fafbfff7040306
1105000f05f3020a
04fdf70f030efffa
0405fb1afb08fdfb
1204fa11f30c14f8
1c07fafdf71c060a
fe16f7f602000902
000cfaf50c0bfb0d
e5f5fffaf7f2ffeb
0008fcfef5f609f8
08f2fcecf8f702f9
f51000f606f8ef18
fefdf7f705f6f40d
0a06f9faf9fd0004
e2fb01edeb0501f6
f11415e7e1f9fa18
0212f7ed08fa0401
09f8000f07fdf8fe
0ffbf7f4f5060503
0c12fe050105ff18
ea020cfefe03eae7
01f00e020e0ce8e7
27eef60712060be4
f80e0101f2e3cfed
0efbfe040bf4f4ef
08fa0501faf6ea0d
f706fbf9ef050a03
ff0e03edf1fe0d01
feee00fc00fdf707
f7e122fdfa0911ef
f409f2edf217fe07
ff1002fbfd0f0b17
04f510f8f4d715f0
1101f9000be224f4
1bf8f5fcffeb29eb
01f6f5fbfa090901
f7fd0508fefb01f5
00f7f9f2e9e602fb
ffe60304fc07fbfd
fefb05f6f2f9f8fe
eef100f7f7f2ed02
faeff200f30a24e2
0b0500100af90ed7
0004fa14f80408f7
fc04f8f4faf10509
fe02fc01fd010206
0409ed0403f30204
effdfbfb01f702fb
f4f403fe02fafdf8
eff8fbf3fbf802fe
f008ee050d07fb07
f9fd0c07080013fb
fc02ff0126000202
0903f5000ef2f700
040804f70afe0202
ef18fb070ffc06e8
f802fffefcfbf801
fe0c0303fdf800f4
f20607fbedfdf3f7
0a0bfcfce3f8f803
060f0afb09fdfc07
0601f7eeea020100
f50af8fa09faf2f8
f5fb08ff00fafdf7
e90b04fff4f8ea0c
f805f4f4090007fe
fa0700fefd0106f9
f8fa0bf802fd00ee
ee07f0f3fb00f315
fef8fbe90d030603
f0fffff407fc0c14
04fc05fe060904fb
0bff0101080a0202
0f00fffc0ff1f9f8
ed0703fcf8f80bfb
0201fc03f30202f5
0efef4010001f9ed
3202020701060afc
1b0cf9fc0e0502fb
17fc0702081304f2
f8e90606ff16faf0
01f90405f705feec
08fc00fdfa10eeef
fffb0308fd02f703
02fa000101fafffb
fbf301f9ede3f6f7
1203f00f19001107
0811f60c0f010b10
0908fd051cff11ff
fffc010505fc00f6
01fef10f0dfbfb03
0809f40f1405fcf3
05f7f807fb0505fa
030001fefc0306ff
03fffb00f8f8f405
eb07e9effae7e0f7
0904130504f6f4f0
00fbe9f4f6f5e2f0
fb0505f9fd04fb03
fef801fdf8f7fafe
fffff9fdf8fdfcea
fb1102f6f006f7fd
fffc040506000ef6
01f1ff020000f7fc
fcfa00e0eff501e8
f607f4e609e8fef7
fb01efd80f1af6ee
fafaf0f802fef701
fd0901ff0b0801fc
01040bf7fdee0bfc
07f204e5f5fffe01
05f50206f9fcff0a
fcfcff09e7fce70f
f2e3fe0ae80502e3
0ae61d0f09fcf6de
fdfcfd05ef0ffe09
02f3e707fafb18f3
18fef706ff1205f2
08fedefff10b0cff
e2f5fde7e6edfef8
f312f8f7f8fc14f9
ea0c12db03ee0a07
ecf2fc01f8000204
0df60aff191010f7
f4fe0f0409fcfe02
fc07f70d0bf105fe
fcfefc02fd0118fe
fa12f7051d0b04ef
f004f9f90203e7fc
fb0702fdfbfbedfb
11010bffe6f5ecf5
04ff15edd9fff50f
07f003010103030e
2200f0f6e7f9fc0d
f8e00301f9faebf5
fae508130706f911
f7090400fc01fd04
fcf2edf7f6e9f602
021105f8f1fffef4
02f905f106fe13ee
0501f9ef17e6ea02
ecfb0bdc06e4eb0d
eefc062005edf80c
080303ff0507fdff
0b030af409ffff00
050303faff0705f6
0008090cf8f206f4
0102f718ee0c0bfc
00fef518de0701fc
22fb02f7ed07e9fd
f301fbfc0921f104
0debfcf0fe0bf503
03f7f9effb0cfef5
0704faf0fb060007
1506ff05ee13f903
05f9fbf9fc01ebfc
15f0fefafaf2f9f0
05f603fd08e6fdf8
f316f001fe07f513
df1df8f80304ed0d
df0f18e7effe05f8
07fe0503030207f0
071507ff06fe05fe
0f07f31710fe0601
06f7fd070bfbfdef
06fbec070dfdfffb
faf3fe04fffce604
f6efe5ebf2e8e8e6
0cf5fae800f8f3f5
eef2f3e3e00007f9
f10ff5f7f5f2f4fe
f303fc0703f4fdff
e91105e5f1f60afe
ef0beef1f501f3ed
fe06f2fa0007040e
fee3fdf9f3220d0a
0e06f9f7020102f3
0102f908070dfdf4
100bfe00fa100af2
0109f9f4fe00f6ff
eff803ed0202fdfd
fd1a11f713030100
021706d80efb04d6
fc1505e300f7f2e4
f713fde10df403e4
fbf30c05fff11cfb
080807fffff60ef8
0c09fb030fe6070c
fd1a02f30cf1f204
041604f40606ecfd
fd0508f9fff8f406
19f3111407daf0f7
f8f9160007eaffd8
0af60b1308e7fdf6
0617040af5fa06f9
1007fc0bfd01f708
0515020e15f9f701
0bfa07040602f8ec
f60408040901e6fe
fef50316200efbf5
17010c0df71304f2
13fd070bfa08ed01
070e0d08fcfefbe7
00fefd03f9f4f9f5
05091602f9f5f4ef
fff200040205e5f3
f9e50304fff2f3f1
05d6f7fdf8fdfbf1
0fe9fa0309f5f7f4
ebde021c00f9fb09
0fe5f7fdeef5eee5
eee90a21e7f3f60b
faf8fcf7ff08ed0a
1afbf115020c0bfd
0c06ea01fb0401fa
080004f203f1fdf8
fafa0207fff01604
f101fdf1fff4fc02
ef02f5ef09e2e60a
e301f7f0eee60106
e803f5f000eaf107
09ecf8fc02fcf2f1
0bf203eb05f1fc02
0cf8fb06ff28e609
fe08fdf60204ff06
021003f2fd14ed0b
f40afffc041bf816
ff0103021306fa0e
0105fe0011f9f40d
060dfc07070af90c
16fd091017fff9ed
15f9130813f90bf0
0e04060f1e051cfc
fbfe01eef202e4ef
f8f303ddeffadf05
f1fb02dff5f9eef8
ef0cfa02f905e902
f1f400f50200f0ee
fb16f8f2ee08eb01
02f0e9f9fc0706f6
16fc0902fa12fc07
0e1804ed0013f4f5
08ed0202050609f4
f0ec01f3f815f602
f7fb05f1f81704f6
ffcde6fcf61103ea
fce2f8fef30beff3
fde5f511f7fa0ce8
04f3f60df9fc0115
0deafd05f8010808
fc0c0a00f8f3fdef
ff021409e5f50a04
04ff0203f9fd05f8
ee0004f7fbfbf7f7
0b030ee20b09fef7
140a030120f9feed
0b1207ec0607fbf0
f208f1f609110b0d
fb01f002feff02f9
06f50008fef600ea
0701f6eeef010c08
0e1000f5fcfcfc0c
fc030701fae5ecfe
f6fbf7faef050e09
050d1c010ef5f7f6
0200f9fa05f9fc03
e90dfffd00ecf20d
fb03f0fff90e0803
0807fe03f40c1202
040af103f5fcf5f4
030afa01e800f605
01f2000aea04eff8
0403f7faf509f904
1a0afd01fe0cfc02
0af8fe0002f6f609
f70c0bf50c05fc08
fb03fafd0101f307
f6fc000407f2ff07
f8110a04effcfe02
0203110305080307
f4fd04fb09070aee
0a02fb02eaf4f7f7
08ec001ffa07f401
0ae7ee09fa07f1f7
0b0305fd070b03fb
fdfcfef6fe02f0f7
030100ea02e6f4f9
1a04f2fffa030103
12f905fdfc070606
0afeee05fafcf8fb
ff0af60301f5ff13
fa0302060cf80805
f2fc07fc0601ee13
0eebfe01f807f1f1
05fe000402fef8fa
030201fe01f100fc
06fd0503f60302ed
0704fbf5f6f800fa
f504fef0f3f40502
10f8fef0070ef903
fe05fe04050506fb
0df1fff60011ec07
0bf8f31209ff1508
05f2f515130014fc
f4fffd0e0cf70e05
030cf1010a060a27
0108fafc0200fe07
f806fdebf4fce0ff
f8f90705f10312fd
ee13f9f80306f719
f7030aebf2faf210
f80e01f1eff00304
0714ecfa07000600
02ffff0805f10cfa
f6f5080005f9fbfd
02f3ff0e00f90407
fee308120604fdfe
02f6e2ebeffee1fa
00e6fa0409eef0fc
fae700f8fcfaf0fc
01effd04fdfcf700
13fd0805ed030604
02ee0210eff8000e
0403f8fef7050c06
0af3fe14000efc09
fcf902fbfe07f9fa
0af80400070200f1
010305f6f410fc05
fdfcfc0df603010b
f7fc04fdff0bf9f6
0100f803f0fc02fd
0114f000f70910f7
0905f306fa0612fc
fbfff3f9ff14fb04
07fff50dff06fdfe
fc0207fef603fb02
fafafb00e80a0108
eb17feef02fe00ff
fefafffcf40400f5
f80df0eeeaf5fe01
f3fceef302fb00fe
f7fd00fcfe0205ff
f9020207f6fcf705
fbfdf80304fc0a06
06fcf7f8050bf803
fa0ceffb0100fe0b
05f9f7f3f502eb06
f503ff03edfb0afe
ef0a0d04fff70004
f40ff1f6f5fff5f7
04fe01fdf5fb0001
fa0c09f808fa05fd
0b05f60601fef808
020c0204f0fa0508
ff080c0afaf606f9
ff00f4fafbf801f6
fdfefc00fd01f7f8
1200ff08fc07f9ee
fd020605f806130a
fffa03090bfe09fd
06fdf9fbf2fe00f6
fffe0a060bf8f808
05070702f307fcf8
11030604f4fa0a03
f600fe04f906120f
ef0cffff0100fe00
06fcf90ae9f404f2
fafc070105f5f9ef
10f9fc00faf7fcf4
fdf6040204f402fa
f900f9fefc08f4fc
fe0b040902000502
03fd0205fcfd0306
06040203faf707f9
f7fffaf60800f503
0d08fa06fbfc0e13
10f1ed080d070305
1007fefc01020902
03f20af6fdfa09fe
0100fe010bf8fd04
fdfe0a090f04fdfd
0cfa010300fc0307
0ae8fcfe0303fefc
f4fbf1fd01f4fc09
fdfd04160efdff08
05fef9f50bfe0115
fdfd040a040104fc
080000000df80000
0607fefa03fdee00
fb10f704f5fbf70a
0705ff03fef0fe0f
f304f8fafaf70313
f4310eff1906ebdd
03000af7041009ff
03170ffe1635f60e
04fc23f1ed0a10f6
12e2faf3f8eb12fd
060aff01f61114f5
d7ed08030221d80c
151215120800f617
eb12f81aebf5f406
25f535171922e4e1
08ff030414effaf2
00082d1c1e17e7fe
f7fa050dedf309fe
e6d4e3fef5f8ed03
01f708161effeffb
d02706e6f3f106fc
071903f41ce80d0f
f415fdf810f9fb00
0af704071f220e03
ee0b150500ff06f3
0bf2040e29fff120
e70505fef8020f03
d5f6090bfcfaf504
f5f51f000c072110
170ff001fef5dff6
09011100e20eeef6
20fbf91ae6f5f5ef
21eff718e404f0f2
16160c06f40a1113
3f07f2ff0004f901
101a1e03f5fe0c04
1406e6e5ed080302
09fbf70dfafe0114
f00501e8f8f100e5
e3f000ef0112f0f2
e5fde7eef804f2ed
f4fff40004f2f909
f0f7f9141103f0f9
f5fa0b0403fefd09
0c02ea0101fbf603
ec04f8eefffbe4f8
0403fb0403d803f8
01ff0416e7ee24f9
f3fbee0806fa0e00
0f02ee09ecf520f9
012604052d1f0420
f813fcfe11020d04
fa09fbf92823fd22
0506fcf5f00d02f0
1004fc06ff0007f6
0405fc0a02100f0f
f2fc03ea07efe5fa
f6020209f7ddfbfb
0b0cf80106dd0819
ee16faf70904f510
040c03e5ec02ec01
f0011effebfb00f9
00000a0c02fde401
f0f8e4e3f1fe06f5
01fa1af703031308
07f6fb0c0906e9e2
13ff0712fe030a04
08f60ef0f9090f12
08f10eed0104fdf3
fbea0b04ef00f700
fe1c09f8f9feed00
fcfcfffdf1f6ea01
e513f3e7e0dfeee4
f7fc170bf9e8e7eb
0507fef5ef2c1e0d
f2f6f30ff323450c
08e92b0e11111cfd
01f9fc01f6cd1bec
0bfef0f904dd2bf3
11f0effcf7ed21e4
fef3f3fbfa010dff
070703f803f801f3
03ebfff6f3ecf8f4
00edf9f1f8fff305
080007fbfd010104
fcf8fbfcfbf1f5f9
fdf6f300030915cc
1101071a18f8ffd1
f702f61107ecf8ef
040ef4fceef4000f
0409fe03f90609f5
00faed0408fdf802
ee0beef4f8ecfff8
0c00fd01fd02f9fe
03f7f0f6f0fb09fd
f501fffdfd010cff
fd041606110009f8
f9fff60414f3f9f4
f405ed0616fc06fb
0313fbfe14f901fe
f80cfa070df609ee
eeff000301f9f30a
060605fff0fc0efc
f709f402ebf604ec
0f02f10be4fff705
0e07faf803fefbf3
0c07e6f3ec05f9fc
02100501fdfbf6f1
f608f90a02faf7f9
f6090100fd02f003
f709effbf6fcfe00
fb05fd0405fe0103
eefe0bf9ff0602f8
ecfde3e204f9e80f
06f8fee01dff0613
e907f2f00def041f
070410030cf1ff00
060307fcfefd08fa
06fc12f90cf4faf7
f8020701fbfb0501
fa070501fef6f8f0
1204fe04f600f7f4
2407fe0202f91700
0ff1fa0b0e040bf7
18ed0309fd0509fa
07f0f801f315eef5
07f90509f41407ef
02f30307f31df3ef
f9f300fcf1fffbed
01f8f906f802f902
09f601faf3ecfdf2
0e06e70c19020f06
fffdfd020afd110b
0103ecf40706f40d
f702f80a120606f5
04f4f91c0a030cfd
f909f40a15fbf9ff
01f70904040607e9
02ff080bf6000707
f20bf701fcfc0006
f2fff9f5fbe4eded
fff70f0803f8fae4
f5f0eef6f8f0f4e6
f312fcfef906f7ec
0b02fdfef7f0efee
030d04e601f809ef
fb09f0f9f50bf701
06fd07120205fcf7
03ef0b0901eef800
effd0101f508eb08
01eefe06f6f6f9f5
05e2070cff000000
f50100f80801f208
fdf8feeff3f8f5f0
ede70501fbfef416
f9fefe02e7010d05
f5fc0202fcfc0bfe
1ce7061708231cf0
f8f0edffeef500f5
f6efdffff3ff02f1
fced0a18fe10f4e5
fc0e12f206070610
e9f5f5ecf0000203
e51002f9f9100113
03e9fd10f0eafff3
fafbee00e30810ec
01f1f50cf60a0af8
f3faee0603f003f9
e5f6ff00f6fa0100
e2fc0303020020f0
1cff0df0ed03fb10
fe03fdfbeef2ed01
fbf507ebdd01f605
ea0bfbfc010516fd
ecfef10a19e0fb0c
fe05fdfe150c1707
fdfdffec05fd0400
ec03faff0efef002
010afefd0303f60f
060c0602fe001000
020bf3f7fa020a00
f813f90e02081a02
e8131cf5010bef18
fd1e04e5f704f1fa
0517f20ff6f2050e
f8fc00f9ef05f7fa
fdf804f1fb01e7f3
05fff8e905fee8de
f905fa0df217030f
fe03f10cf1020907
0b01f21602181d0a
13ff0b001904edf6
f1fd01f70410f9f1
f4fe0cf80217f9fb
fcf9fefdeefcf3f2
f7f9fdf6f3f9ffed
f41b0803fdf10a03
f9fafaff14f90f02
f8fb01faeef8f3ef
fb0105ff01eb18fb
1506fefdf60502f1
faf70400f610edf6
f913fe06fc04f707
06070cf803fcfffc
0500060505fb0ff8
fa130f0000050a01
fd03f70908060705
03f7eefcfcf9f3fe
00f0f801f801ff04
051c02040ffc0405
0efd0c0c0cf90ef1
13ed070e0f050ff7
010901effff90701
fc18fbfff1f203fb
061419090ae504f9
01feff0707050807
03fbf7eeed00f802
eef40701f1080711
1b0b17141ceb0cfd
f81bf8eafde808ef
ea23f6f6f6e9e702
ec100de50cf9071c
ed06f2ea0c1600fd
0c0dfaef1dfa25db
0809fe160cf20a0a
f2fbfff7f508fd1f
ffecfd0af3feffff
ea0512f6fefaf419
f7dff80ff9fceb1a
f3f311dce4dbe51f
ff0413f506dcfc14
fdf718f706f40a02
25180609f1fc1609
04f500030eedee09
11f3f2fdea0ff1ec
06fddafefdebe802
0ef3e1eedb27191a
effaf2e3f1181a08
e6eae2d8dbffff0a
0c0616030d080aff
1a14141d240dfa06
2dfefcf71b100406
09d801fffe1a0af0
e30ced0402150902
ee02f00109f4f9f7
eaffedfd11f1110c
f913f0fe14fee9f8
e80af005faf7e5ea
03fcf00b28041207
222009f718f309f8
f10f0718fbe307f7
fbeb0e0f2dfd0a08
0204fcf410fbe509
ed0516e012fcedfb
110d0f020efef905
031214fc1afa0d09
f8fa21e70a01e8ef
f8ff08eff210f818
fb08130df4220efc
030a0ff808f91b22
fa020df9010e0309
fe0003fa0318f709
030108f107fff805
0c0b1007e9020608
f00115fdf00dea15
0b030ff10609f7ec
02fd050b0a180d18
f900060e1124000c
0f0506f7191ff111
f60bfcfff711250e
ed0b0507e30d070c
fbf30805ec0c0bf7
3ae1fbfef315f303
f2f100fb0d1b04e4
eaf3fd00de07fef5
fdf5f106f303f5e8
fd050b0505ff03f3
f1fb0c0d06fbe9fa
ea0eeae9e4fce705
f7f70808edfe0e15
ee1601fefdfce302
08ea0b0e00ff0915
1006ec190bf8fc05
000cfa01ecfcf814
ee0f09f9f4162011
001903edf11d0901
f51bf1f4fa1514ef
0bfdfc0b011b3202
f4f909f6fbd9f117
080a03fb101211e6
041c06ee03f6f705
031ee9f8fce00a11
17fdf7fd00ddebf3
fc120317fae907f5
fa0408e9fe1201f9
100201e403ee07e1
f9081200e9f9ed09
f203f3f1fd0bfffa
fffb08f503f200fb
01fd0af9ebeffef9
f918faec0d0af503
ff0ef1ebf60104e2
0de9090b0d02faf0
fe0d1100f9e4e8f5
14f1ff1b13e10301
fceffef4f907f9fb
fb061102f8fb04fb
070e0503fce203fb
ee06e9f5e3fb03f8
f7101b0213d8ec00
1604f21e11e50107
f9f60f0fff0514f3
04fd00050f0d000f
0e050c0efc060df2
fcf2f6170afef205
fd04fa0c1209ffff
1c050402030d11e9
f509e10804ece516
1cff051a0108f00a
0606040ef7f80efc
01f80dfd07f9fffd
09f1fbfcf501f2f5
f9f0eb12f504f10c
fff90ded02fff803
fcf2fbfffc00fef0
f8ef08fefdf5f207
ff0307f0f901e9ec
0be001f701fee3f8
faf8e30ff2f7f810
fc07f3f402f4eb07
ebfffe0501f01011
f7fa07e611edf110
0b050604f7f3f4f8
fbfbfd0a05ff0800
fefd01000df6fc09
08fa0200e8f60802
f506f410fee522fe
e708f4f707dc021a
12090403f803fdfa
000e0708031cef07
0bf60000130d0008
0608fdfaf2ff0a03
020f02f60c0fe604
f70f05f00403fa0b
0ce601faf513f7f3
fc0803090d15fe15
04e7faff0f08e9e3
ed00ebeeea01fb08
e0fd07f4f905e2fd
ef1afd02f7f7f4f4
fef601feff05f6ff
fdfa0bedf8fae7f6
ff11f2ecee01dafc
f5e8fe04fc011105
fb02f200f9fef9fb
fd1d0b01fffff7fc
12fd08fe0d0e01ec
fcfa06f8fe1cfcf6
fddc010500040ee5
0701090406020cf9
fc0bf0010205f0fc
fce4edfdfa16f2ec
060d0401fbeffdf7
0df6fb0afc2608fc
11dcf5fe002325ed
fc0702f5ffec0bee
f107fd02030be70a
110efbee06fefde8
09f0f102effcf6f1
00fcfa03110101f9
0509f715f0f4f803
fa00f6db04f8fff5
0502f7f5fb110302
ef01f7f5efecf101
0efef30ff00006f8
070514fe01fc0206
12fced17fb03fb0e
f10cf4f5fae9ff07
0b110b0904070f00
fcf706fcfdf2fd03
00faf5fdeefdfc04
19ff0f04fc02eefd
000cf50af30a0bff
020fe6ff020611f8
1712ff09080604fb
0c10f404f2ff07f5
0510fe0403f1f702
0e03f808070007f5
28110403f7fbf4f9
eefcfff5f2fef806
fafc000df5f40bf8
f2eef505ea00fcf5
09f9f907fef6e401
0d0afe0b0afd0bff
f1f9050b11f500f6
eb01fbf3fefff3e6
ebfefe2108fefa06
ea0715ed04fbf200
02eeea00f6f60401
09050afa05fd070c
25f8eaf9f6f0fdf6
f809010109edf602
09fffb12f7040afe
fffa040905e90208
0b0211f40501feef
0ef6f90110fe15ff
20fce90f03fafbdb
f100f80b00e5fe08
0efb130ffdf30e04
f503e813f4e70c14
22f902fd020302f8
00f8fb0109070015
fad7fcfdf2f9f9f6
f2f602fcf30be505
11f904fcf914faf9
01f00401f8f3fcf7
e5f8fffdfdfc08f7
0900fb01f30708f3
06ecf60001eaf9e9
0810f908fef80812
0a12fc0c0901f10b
00000c050006f818
fceef617100504f6
fe090e0804040d0c
0907f40d0508fdfd
f2f103ebe6fdeff7
fe01fcf2fcfaf20d
1b01fdf8fcf9ff03
0304fd0902ebf2ec
fe120402040d0a0f
fb00ec07040411e4
0402020afef6f4f5
f3f70008ff02fa0a
0801fd1503f908f8
fef6e601ff01f9fb
1500fa0c1104eef9
07e8e600f21c1600
f7fcfe02ebffe80c
09f70216effaf61d
14f2010cefdd1914
0710ff080bfdfc02
040cfef8040b100c
0d0af007f810f403
fbfde4e1011cf2fa
f2e0f90cebfbec04
09e403ffc9fff209
dbfae8e8f1f92704
d909ebdd0cf71317
ee01dcf5f50d0af8
022612f500e7f407
1806f90b10fb0807
f503f8fd0705f6fb
01fbf508f9db06f4
e0e7f8eb16f90bfc
e3e2e3f6edfdfdf3
f01df2faefdbe9ff
e90ef90212e6d6f4
ec05f2fc09fbf40a
1cedf9fd1501ef00
140910f808fc1305
08f4f509f3f8f109
f6021600f30210fa
f5fa0f0308f2f3f1
f303ed0a0debff10
fc0f10f7f6e206df
002819f5fff702f1
e60108fdfcfbfaf9
f4f9fe1609f5fafa
f6fd100c12fe011d
efe306f5fd08e6ef
fdf8f4f90fe7fdfd
fb0b01e7fdf208e9
f91a02d80cfeea04
18f80410de090804
14fd1b01e9361400
0cfa09ef021509f6
0401ff0b0bf30b0d
13ff0af60b01faf2
08fc0010fefc08ef
ed0101050ada020c
dafefff8f318fbf3
0b010f01e907fcec
f7d9f7fff2ed15f3
01fefc0bfc11f8e7
18f8f81bee0705f3
f800020d201b10ff
0a06f8fefb0e040b
fdf2fcf7f2fa00fa
17f6fafc0c000d00
e1ec0307fef4fedb
04f6ff09d910f6de
20ea020e1af71a00
0ef3ef1418003000
0dec030803033c0b
0d0501ff06f9fef9
161903060dfa0b0e
04f514f1f50308f0
fc061e0401fbf2d6
0cf100000d03f8e9
03fdfa1200011605
1111fd04fbd7ff17
102e03f8fff10b2c
0e37000519eae60a
faeaf9f90716f30a
02f8010210fef4fc
1704061012f7f608
19fe03fffc0a0a06
050900fefc081c14
112911f8fefeeefa
fa00fcf800110afa
f7f608f51304fdff
12ecf60301eb0d00
100e0b02e8f80af3
fefff40e0a11f1fb
ee06060fe3f7fcf8
fbf7ffda0106fcfa
f5050ae1060c0ff3
fc0f14e6f2f208f1
0dfff00adef6120a
080a0f04f0fcf90b
06ebefecff0d0bed
fc16fe0202d1e50c
1b2c05110cf80205
f2fcf7efeef0fc0e
f706f0fcf201f40f
03f713ff06e5fbf4
0cf9f8fff3000105
f111f50bf9ff110d
0909f5080d16fd00
f41206faf70a00f0
19fdf00602ff00fe
0d16fdfdf4fb12f6
1603f10fe6f5deff
f2fd0e04f4f2f0fb
0f0706100d0bfcfe
f7eef90df1f6f2f7
f70517fd01faecfc
050f1708f8f5ed04
e70118fc0cffed0b
ddf1fd080703eff6
f0fd0a0a0df9fe0d
fef70dec0003fff7
08fef7f0f8fa12f6
1302071606ea07f9
0bf3f314f3fb08e7
0d010b1707f505f1
0bfff80cf71e0404
f90803fbfb0bf5de
13fe06f500e507ef
17061e0e0be22305
1906e7ffecf2f1ed
f4feef0cf8e2fd1d
fdf80c1200fe0808
eefaecf6f7f0f024
2ce303fdfef3df07
1016f9f00e21ee0f
0ff00602e8eff2f9
d7f7f9f9f3f400f0
edf4fafef30604f4
f1eafaffede108f3
fffdfa08f400f2f6
0818fefe0b0e1f0a
0300f9fbfdfbf1fd
0703091007040ef3
fc1404131404e3f3
0a06f5020107180e
f2090908ff01ff02
0201071110f80808
0707f6f2f406f402
fb06fee0dd000508
0212f80304feea1a
10fbffe2f1ff0217
ff18eb0a000df0f8
121af6f0fa0c03fc
fffced0608fc02f4
10010d2327fe14e9
05f302fb04fe0e19
0af2fe0609030df5
14f6e8f8040cf4fa
f8edf6f6f915e707
0de3e6e600100404
07f8ee06050cfafc
0703fe09fa00f7fc
00fff6f302fafa02
f5ff040ef6eb01f4
05ecfbf50a190508
e8faf3f70dfbecee
ee110cf404eef6f7
eb1b04fe1a03f900
e80ffd03f8e5f108
fa1905fe00e61a1f
fa11f8010a0ef9fc
1402fdf5f9ed03ff
0ce5fcfb06070400
f607f9f202f70209
fbedfaf9ef0cf8f9
1af4fa07f4090ced
faf41cfa0afe13fb
060308fb10f0ee00
0c140afddbf9ecf9
f800f201d8fefcec
f6ff0af8dafe08f2
f5e401eff9070afa
f00c11f5fc10fef3
e3e7ef03f60dff0c
0fed03fe03fe1608
210209060300ff02
11f20cffdf05fdf1
dc11070d1df11fed
fcf10511fbe70bed
e1ea0a0714e5fefd
02f2e504ff00170c
0a050302fffa0efc
f5f6f5fd04eef9f4
05e6ed19dff9010a
0eefde100ff31701
f2ec120d1005f8fb
08feec13e1180ae4
14fcf20af705110c
0805faf5ebedf5f1
e7fee7d3e2fbe3f4
02f909fffbfaf9f7
f504eff0eee8fcee
e607fbfdf5ece102
e2f502f6fc0c0212
f4fcf4f6f2f8f2e8
f5eb07fb08e605fd
0205f906f1e00504
f402f7ff08d904fb
f7fafafcf8f4f6fb
0808f8f7fb0e07fe
f402010202e8f508
0f0303fe05fd0608
150004f72109fe1c
f8fcfafdfde316fd
1ded00ec11fd02f7
09e209f5050112ff
f413fbef0406f913
0705fef2f7fffb00
01fe0100fbf700fe
f6e501e0e703f3fb
0413edf20afe001a
0ef3fcfc00fc0c10
0006e7e20104f409
14f5f615040f2017
0e02010c1319fd17
11ebee1c241719fa
02de23fe03fd1c00
f8eff404fd1f0219
0feff9020b09fc00
03ebfcfc0c0109fe
04f90d0a0f080713
0fe4fc1b0d0110fa
0a100cf0f600ef02
010e0f0e080d1306
00110cf9ff0201eb
0e0cfa02fefdfbf8
0af2051503eff6f3
091506ed0d0506e2
031ffe1a0decfcf6
f808ef1905fb07fc
ea05ef0ef9f8e002
ff0a11f1f81ef102
12fd0c020a05f210
01f70007fefbfa03
fb0b15f905f9110d
f1e60201fff4fef5
1afc0e14fb00f9f1
0ae718001520fce9
fb00fefe07f7ebf6
fef9f2fb15f0f5f7
fffdfdf6fa060308
07f4090409fe0409
06fff8ff13f80107
0e15020be8f7f80c
02f4050be6f0040d
1703f808fd01fe0b
12f307ff0e07f715
fef5f9fff5f8f903
f8f708fcf5f50bf0
05f6fa08f6120c09
010201fafd1dfa11
f7f7f5fbec06f0f6
f80a1802010a07e9
fb08f8fd0202f8ed
fae0100dfefef3f7
16e2fbfe060de6f6
05e8f3fb0302f4f7
01f6faec1af512e0
f106fb0ff4eb09fa
060200fdffff0df6
fcf910ed04e6f7fb
0bf8f012f60f0b03
0605f5e8fdfcf4f7
03fb00fd10e608fd
eb02f3f61003e5f6
ebfbf8050bf108fd
f8f8f9f2effb0202
fa10fdfd0109ff13
ef090506fa12fe0c
fe08ff060304e801
f9fdfef904f4fbf1
f7fdf9fbf9e4fb01
ebfffd010bf1fd04
000c05f50dfcfa15
04ef05f6f0f81203
f6f4fffb03f6fbee
e7fa08f7ff00f70c
eb0700fef4fbf21b
edfe030bfe01f401
120807121906030c
fcf4f6ff0bfffdfc
ed0c16f8f800f808
04f808e6fdfffd05
f6fbfbe7e8f6e5ff
0ce7f2f202f8eafa
06f3fc0209fa0004
0c01190c0eeaedde
000f0a0b01f6faea
00fcf60cfa01090a
040207ff00fcfae5
06faee1e06e7f3ed
070c200911e5e6ff
f9f30e03f6f6f6ee
08f412fdfc0f0b00
f0fb0708f4ebfff8
1703f7eaece51fe5
17ebff0706d912e4
0a0104fe13030ef4
f90ef4f4f8f5faec
01fcf8040a03effb
1801f0181cff1ef2
110dfdffffeb0fd8
0118f8dc1c010ed2
fbf1f8e8ffeb05f2
0a0d0b0e00fb1302
07f6ef0cf3ff09f4
020a03f1fcfbf903
05eb1106fbfff5e7
fb010afa10f608fd
1d2907122ae5012c
37daf72b101502f0
18002b19fc0c01f0
ea05f8f9ed01ef04
071205f8fef806fd
061bf9f8fb0821f1
060502020412ef0c
090dfa030c0408f5
20121305e303e800
0efe1cfef9160d09
fce41002ea082202
0ff304060e1b1410
0ffef80ff6ff0d05
eef6ed05f7f60b02
d2010b10f5020e07
f0f8e0fdfd0cfd05
fee9eaf7fe08e905
06fe0b09fdfeeffb
e20ff61d1929f90d
f1f6f0130205f616
16ea041dfbf0f611
e307fa03fafb090a
00fcfaf0fdeef903
0d0206e704ffe9f6
edfe04ee1df303f9
fdf7fbde09e2e0f7
01010112f20f030a
00f8e50326050dfb
f6f9e6d809d7d3eb
dc04fbf41be0f3f4
fc060207fdda0cf5
01e90507f9fafee8
07f6fe01f7fa03ed
18ef07fa0f05f70d
02ea0000f405e6e7
05e906f70beb04f9
031408f908fd03fd
f5fdfbf8ffe6f6ff
f723050514190324
1be7d90715f604f7
1cfad00517fa09f3
fbfde4141afc020e
03fa1f03ff0d02f6
ed11f2f4f7faed08
08fdff01fe00fcf8
06fe0108080309eb
0707edf91205f0f8
0506fef70102e2f6
dfe8fff3eeee050b
e8f1f2f4ebedf602
e80502f2eae6f3f1
e7fefa05f4e9ffed
02e6f1120fedf5d6
f9f60615f9041514
eff1ff12050918fc
07e60d1410d1f9d8
fcf0f703fa02e6e9
f8ddf6f7f40be709
00ef0200fb0ce8fa
fffc06210604ea27
f5f603fdf90b000e
fbfffe04f9fe06ef
10f607110e011dee
f4fe0b100d04f825
f3f9080a06140019
f1fb000908f2ed13
e71eedeaee08f711
f50302effe150a15
ee0c11e4121e0815
f7fadffcf50dfffe
f2e5e60900180dec
07dcff230b200ce8
e8080fee0c0f0212
e5130ae10a03001a
e40b08e40e07f006
e4f2e3f4fdf5ed0d
f00e00fa01f802f8
170c06ebe8fffdf1
ecfae9f40cfb0605
ea00f2011bf001ff
e30c09ff0c0e210a
15f212fd0df9f103
fdea00f3ecfbe6f3
eef305f8f50df1fa
ff12f6f6eb00f0ea
0119070ef0fd1203
ee1a230df60311f3
0dffe4fff7fbf1fd
0e08e3f9fe02f101
0816f305fdfe071b
1020effa120513ec
0511fff4fd0216fb
fb0b06fd080a0ef2
f6000b0febf91104
0702021400fc0601
1ffcf421ec0a2cf3
e60008fe01f8070f
f005ffdd0106ef00
ef07f8e80000ed11
f9000706ee1e1007
05ff0f09f1191614
12fb0304ff0111ff
f4f6f802ee03dedf
fff1000201e4fcf4
ff07fbf8fcd214f7
eb08040af80106fb
0705fa02fcf604fb
fd12030c05f412fb
f7fdfa0611fe0604
f2fe010904f80afe
f815fe05fdf21317
f6e902080207fded
10edfa000c0612f7
0df5fa0317031713
ffff0b03fbfefff1
19f0fd06060205f0
1af9fa0609041b00
03e900f70af8010a
feeafff00104000c
f0eef6f2fb0ef812
e903dde3f6ece9f9
e7eaeefbf0f1f7fe
faff12130df8080c
f81cf2f6f4f2f902
f010f4fceaeceee6
001bfe07f8d3e2f2
000f0af2ff2d0b17
f3ebfbe8ed131808
f1f10b05eff5fff8
28f2ef0303f41d01
24f2ed180a131a02
ff0bfe040ade0aea
f5fd080200f3f5eb
fa050b02f3fa01f3
f4f7fff5f5f9feea
0625fcfc04e30be9
f4110b021701fffc
f903e7eeeffffcf9
0a00eb0ffb060fe2
020bf304f200f9f9
08f50d0e04f8fdf7
0500fcf61ae0f8f8
fff709ec03fa13e2
04110a05f1eaeb07
0700120519010a0b
0a1a21110f07edf0
0406eff7fdeffb03
e90bfd0f0a0413fa
f6fef3030e0d0907
090a0303f6031df7
190417f5f4fcfaea
1801ff01f2f0f504
01ecf8ffd603f3f5
0efe0202f505f507
20f7fd0bfe020604
eff9fefaf7fef1fa
f40e1a01f6fff61c
ed01120806fced13
d9f7130c16fafe06
eff2000bfe0b0efc
edfe0efafc04fefe
e9f60fff03f1f4f1
15ec07151e12e8f8
03f30d1b0003f8f4
07e7ecfaf9fd02f0
1203f40811f801ed
17020af300eb09f6
10fb12ec05e1eef0
f203fbf7fb05ec0f
fc02f7fcf707feeb
0cfaf4f800eb03fe
ed08f0f81606e20e
f9fdf60209011004
01f701f403fce808
18f301fbe7fbe9ff
00fffd09fefef1fd
01ff0200fbe90a0a
fff3020104ef0ce8
edf5fbfef7edfaf3
ec0906f5f7daf708
1b0e06f103f9ed02
e20700010d070f11
0cfa04f2ef0be6ee
06fd04080afa21fd
eb0603fb06fefd00
ec0ef20106f901fb
f407e5f508f20312
f9fdfdfa0206f2fd
de160bf3effbdc02
faf5f4eaf6fcf6ed
fa130aeefdfbd11c
00f1f2eff2fcf6f8
f0080206f2edf0e6
0d22eb000bf0f3ea
0d17fe2313ec03e4
0bdd181218ef04f7
04fbf4faffeb03fd
05e5f01113030bf1
feee1a0bf6fe06ed
09db0dfbf9ecf8f1
f9eb0be9f804ee06
0a0f0a1f0cf5ef02
f0ffeffbf7fbf1fd
ecf9f70df301e207
0f01fa03f3fb10ff
f6f60310f404f102
10fe0ff6ee2012ed
04f4030b05fcf001
000af8eafc01fae3
ff15e9eb010df9ca
17050f030c0bf604
f7f7f4f2f7f6f3f5
fa0e09f9f5f4f0fe
fe07fef3ef1608ec
0410f20eee07f80d
ef1003060306f9e6
f1f408fbf4ea0200
11fb10fb0ce9f8fa
fef4160a07f8fce9
1a050b04f7fb14fb
03f7f801edf4f2fe
05ec0108f4e8eb07
f110ef09f8060302
fdfff706f1f1fcf9
f4ef07fc0700f8ee
040902100dfef60b
0b081301fe140cf2
0af5fb1817ef020c
f6011407190211f8
f7f8f9fe02fbebef
0bfdfaf0fc04faf4
051223f1e2fdeb08
fbf915f3f00002e7
37e5fdf6dd00fbf6
0f0200ef09fb03f1
03e8fc0cfff7ee02
2be1e7e8e900d802
1e030601f404faff
0405f707ffe9f6f7
0903fb19f51208fd
2902f61303fa01f2
15f8fa0ef7ea1605
f8feef1b14f5060a
010106f4ee0dfdfd
f9fa04f704fa00f8
ea01f7000beef318
def9fa0103fa03ff
f8ecfff7eeebf9e9
fce706f10e06f305
26ea0603df00fb04
07f004ffff03e8ec
f4fcf7f0fd17f2ef
f3ea050bff10f601
f60407031717ec07
15f7f7f20a1ee012
0414f900f9fc0b2d
f302f8f1f5f7e403
f6ed0be7f8fce7fc
fb04fe0906fc2100
ff0a09f7f500f101
f6110fe2f100d1fb
09ee010703f601fa
f30bf9fcf000e9f7
fb041c08fb06feee
1ef60a0f12071801
05e504100afb02ea
f9eb06fc0504eb09
0b02f9fcfef9e7fa
08fd0a03061005fd
fcede9f0f50ff003
f909fdfcf8180019
09e4f5eaf31f01e7
02e8f0ecec11f4eb
e6f40d05f6eee917
fefafb0006f50005
0bfe120df70108fc
fa01f503f908f20d
07f4fd07041efc06
07f6f61df3f80116
f8e1ffee051f04ff
0fe70d08f6130df8
10f4fd1003010c03
df06eee3ebf00b05
f3f9f9fe0df416f7
01010307f6010ffd
fa28ffe9eff5f710
f70ee8f41007ff26
ef15e9f614fd0717
0301fb0bfceaf703
07e1ef0afbe80703
fbf6f008f405f90e
fff2f201e4e9dcfe
0510f2fdf5f3ef07
fe0af107f2010b0a
0cfe03fd0efbe60b
0416f80307f6ea02
020b01fef4f4eeff
f31008fa050707f9
f010f9f61bfa2300
ebfb060807000a09
ecf6f1f0fefbfbe4
f212fa050b08f7f8
ed141007f9eefafe
f90e00edfc00f1e4
f913fcf21707f2fd
e0fe06e90c0bf6f9
fc08f5fdef03fa04
fa2005f20106ee04
020ef2fdf30b09ff
0200f902dd190cfd
f8fefdfaf9200e0b
23ff00f9f50600e3
fc010110fcf70e0a
1aff052014091105
2205f01bfd1000e5
000314fafdf70603
f1fd05ed01fff702
eb060002efec0601
f3f7fd09f6de01f5
e7f3f90508f405fb
04f8f908f1e60504
00fafb04060ef4f8
fcf903f9f313fefa
f5e6fbf5f6effee8
0705fd00fe00fd05
00fdf8fffd13f4f5
09fffefd080501f0
01edfcf5fb08f7fe
18fafe0e140818f3
0804141308031c0c
f8f507fefcf9fbe6
030600fcfd0305fc
06ee00fdf9fc16fb
fefe1b1709fd1ff0
0efe021a140630fe
fff00a06000021f0
ef06ec02faf2fc0b
f718f901fa03fa0c
0514ff1c13f1f008
0609fdf7f70ffdfc
00f802080e040105
10fe070f0704ef0a
fafd0407ed0110f5
07160cfafcf625f2
f51f08f0edf50afb
03e2fff600fe05fb
04fc0611f9e80ef2
06e90b0d0aecfefe
f400fafa0102f70b
03e4fdf9f1f400f8
fff1faeffbe70009
00f1092106e1f508
0d1419180cec02fd
07fdfd1215f5fa09
fa02e5eef3f7f9ef
f8f6f107080f09e6
01e5f603010dfaf2
fafe06eb0b05fb0f
d6eafde8fbf5f70a
e50bf5e81a150909
06fcfd030c0812e7
1af51b15180113fa
2408121901fcf6ef
e305e0031bfdfdfb
f7f611f5020afe04
eef3fafd0305fdfc
fb060efe0402f2f9
f0f109040903faf6
ef1010e9e7fcecfe
f10100fa110504f0
19e7101208010f1b
f8fbf7fc141116f7
f707f1f6f004ecfd
f90be9ff09011202
03ff0302f9060703
000bec060d0b1100
1309edeafd010206
fb13f909fe0e0600
f623060105020b03
e817f7072013fe1d
ec0b0506040bff02
fdf902f00b02f6fc
eefbfbecfc05ff05
f7fdf7e50200e703
f80205fd0511f111
f7ff07f7020cef05
0305f0f808210706
fdf901eeff19f5f8
e6feeefb051c04fd
fd0003ec120802fb
021501fefcfee8ec
04fc020004fe0cef
e51ffb0604f506f7
f404fcfaff0107f2
0af70509f20af4eb
0900f70cffec18e7
0d17fa0205fb04eb
f90205fc14fd0c00
f51dfff5170e1008
0afffd0f160209eb
1af0e6040d040902
00ffef08f8030500
fdf903fbfc02f904
fe01f1fdfafa11f6
02fae60009fc1806
1809db251efe2100
0b0ff30903fb0d05
f31af50d05000601
f6fcf7f301fae9f7
edfefceef2f0ec04
ecfc03eef1e5f702
fcf80bebf7ff0a1a
ef03fce8e608f1ee
ebed13f8f2e9fe0e
f20215f601ecf709
f0ff1307f908f9f4
f0fc0d0dfcf6000a
1e12f7d8162619ef
1a070de30de815f7
1d0a0df315f233e9
00fff8e811dd0af3
f1ede7ec0303f3fe
06fafbfb09fa04ed
dbee070afadd0605
e90320f81114ec21
e30c03eb03d4fadb
1ff7f122fcfa1004
fed602fdf1e81feb
2400f429fefa15f1
1ce4f40f11e7e7da
fe11f8fefb0c0702
0a00ff0805f4e80a
13fded101401f5ee
010fea0101061107
1ce506090f0a0201
01280df91b051408
05fa00f91b2206f8
2104060104070904
07f60bf1191121e8
0808f50113ecebfc
04f71603f41504fb
f5f015eeee030ce1
151316ff021904fb
01f203f9d40915fa
fee7e81ef8ecff1b
04fa0eede6f6f813
f2fdff1deffaf41f
f9e7f40016f0ef09
f3fceb0ddafcf7f9
f0ef05fd0bffee07
e103e1040cfc0b08
01f4fe01e9e808f8
f3dde12c1ef1fd0e
f7fff7fe03fef617
0f01fdf41105ebfd
e9fbe5f40ff1fe0e
f2fa0adc0be5e1f9
ed020d01fcf402f6
01fb0be304f0e6fd
ddfffcd8f6ede705
e7fc0c08efe81503
e102ecdd04e2de20
1af304f40e24f8f7
1f1bfdf40b0ce6fe
160b06fb04fff910
e808fcfa0000fd04
0af505f701f9e7eb
fa14feee0600f703
f402020c1200fcf4
f21004fc12edf110
140e03f204f61a03
0a0d0b130cfb1ee1
1106f515250713eb
180fee181dfe02fc
f71be9def5f8e0e5
f8f710fd09f3f7e1
fc0bf3e2f402eaeb
fff5eff4f202f5fc
09031a1202fc08fa
0920d6eb05f7ef0b
0002e2f7fd10f015
0101f6e3df06e8fa
f902effffb0500fb
04e828ff0bf517db
edf0f9f5e60af710
11f2030b0104ffec
feec06fb05e905ff
f415eef9e5111c24
1cdff2041f0f3305
ee04fbe90111e9f6
f012f9e70af4e5f9
f20be6f61508ee06
04020003000bfefe
0bf80703fbf61207
04f9150f01100b12
f6e4f6f7e806fb05
fbe404feebf7f705
02f30807f4f20b04
02f81100f115f2f9
0f051bf30500e61a
f3050dda13faec18
f40002f9ebff0e00
07fc0405f7f10002
07fbfbfff6f80b02
e504f3ebeee209fa
eafbfaecf7e909ff
f10904f402ee0afb
feeffefef3fef5fd
05ff0c0a1301fcfc
10ee03f103f4d8fe
f509fc081201f4ff
1203fbf2fc080df7
25060a0a14f918fe
e8fef111ecf8fdfd
ee0febf7eaf2fde9
01130206eb0009df
12f70509efff0300
18f5fe090a0f04f2
1d05faee0d0d0af3
0f110afffdfcfc00
031106fbfaf80b07
0b1b10030f081917
ed05fae504fbfbf4
e71700f3f6f8fef5
e9271100f9f6f5f6
fef8f40cfffcf0fc
ee0702fef80cf5f7
ebfaff0d0609fefa
1302ff01fa06f8ff
fffdf5f90714f109
f1f60500fb0d070f
09000808fb03faec
07040803ef0df7de
19fff2060114fde3
08fd05fbfdf7f00a
f7f806ec1217f61c
04ef05f3001ad905
1607fa06ff03f3fd
160e0811031e07fc
02f9fc040c070c0e
f3e7f9faecf0e8e7
f9f7fafa07e8e9f4
06f00106f4d5f406
f40707def5f9fd0f
e116ffe3e705e406
0000ffeae801eb05
00f3030ef7fc01f6
0703fd140a061006
0e080b1a12fb050c
03ebfd0000f5eeeb
04f5fa020902f5ee
09f4fb1006faf4fb
08e9f2fb020600f8
fcea08e1f90302fa
f6ddffdef00503fb
fa00eef5e7f8f2fe
fffef8ebf602fbff
e916fef0f3080c13
f0fceef8f706fffe
f7f3ea00f10314f8
01f9fdfdf40116f8
00ef03fff4030401
10f00211eefc0700
0adeff09eef30007
f81004fa07ee02f5
080b06ff0cfaf408
fa09000d0bf8ef16
07d90705e6fefc0d
fce9050ff200070e
18fa020a040c0eff
050100f909f1fd00
f1ebed05f9f107ef
f2f8fe040308faef
fe070104fd0df812
f70008f90800f906
f90afdfc0407fd0f
f5fedb01e0f6fbf3
edfae9fbf50009f6
0afdf604f9030700
f0f1f6f402f70ff1
effc05f9fdf7f500
ebfe07f4fff301f6
12fd04fcfb0a08fa
f4020004fbf90102
02f807f4070e0b05
ddfde1ff08f405f5
fafaee080dfbf7fe
f5fd01f7040f07fd
01f4ebfa00080e0c
0108faea06f8fffe
fc10fff8030c0a0f
02f60010040a01ff
07faf904ff010500
02fdfa0f0d0e100c
ef0709eef306f0fd
04faf4effe05f7fa
f605070900fe0610
f60705e8f6fef607
04fb07f50303f6f8
fe00fef0010cf902
04faf20f0805f707
f4fff7190109fefc
f6000409021104ff
1d0611fc0902fcfe
f5fd03f6fd0bfbff
fa060c03040a02f5
f203010df7f9feee
00f0ff02fff1f8ed
010c07faf8eefdf3
fe0703f502f90609
f7fa06fffd04f8fe
0103f8f707f3100a
05fd0103dcfffbf0
fffef6fcf2faf1ec
f809fe05f6faf407
050606fb0af706ff
07fdf70801041bf4
fb05fcf8fe060bfe
f80ffc00f402f20e
0afaf8f904f80507
08f206f8f20302fb
0405fffd0801130a
01f906fc05020702
080b040506060504
07fe05fc0af40a07
fb16f6f2f2f8030b
fd0a01fdf5ea0106
02f404010efbf609
f2f3feecfafefc0b
f4041101fe130715
031402f901effaff
f10ef2e8fe010505
000eeefff7f7f811
f6eff9060400e506
06f501f6f701f10b
08f7f31409f8fa17
09eafef8f30a14fd
0204f6f6fefe14f3
01fafa080a041be5
e41f01ff0f10eb12
e7010ae1f90cec07
fa0300f11504f31a
f711fde8020a061e
f81afef50e030215
f70607f9100507fc
fef4e6f9fc0300ee
04f7e111f81115e0
feeb042404190dea
04070ce4fa0af80d
f819fcf30e01fc15
e606fcec05fde704
fc04f6f6faf6ec02
0d0f06faf503f1fd
110e04f2f401ffef
ddfbf50310ff07f3
e406f0001bfd0d06
f1000c02180d1107
15f10405f0f9f402
09f305f8e000f2ee
04f4faf4f7fdfbfa
0608eef8f4fc04f9
fb14020df1f514fb
eb0f15fcfcfe07ed
fd04fce6f4f4ecfd
0904f6f7f6f9eb07
1002fb09f500020a
0bf9fffa00f101ed
f7f60005eaf8fdfb
ef02fe0205f80901
fd02fb16f00a1300
03fcf614f104150e
10fef404001517f0
f9020df0fd08f9f6
0408fbeb07fbec02
ee01f8ef04ffe50f
f40bff04e5f31409
f908030ff4ed1515
0a0a070efef11900
fffb03fd05f8ecf0
efeffa0609ee09ea
f8fefb00f7e50efa
ff01f902ec12fdf1
0afd0002f502f608
fb1bf800070b08fe
fafcf80108f5f814
e7fdfafdf7f8faf6
ea05fe0405ee1112
04f2fd060bfffbf9
0c02f6040ffe13f7
06f9f4010ffe0f0f
00fe060c020102f8
0f0402ff070111f6
12f70601fc050e02
ecfa17f0f709f00b
defe11e9ef0af606
e30009ebfa0cfc07
f00100f2f8fefb0e
eef0ebf4fb080814
fffdfb0d01f60102
fe26fcf8feeef6f4
ef1bf0fbf4e0dee9
fb0ff40701d5d9ed
0af7f60008220fec
ffe4ddfa06171df2
f0f4f0fef50705f0
f7fff8e7002aea08
04f205fdf3f70d0c
f8f01c12fcf4ea13
f202f3120715ffff
f4f1f50704fe0703
0305fff60e0c00f5
06f4f5f50507fced
04f3fd17f6fdf604
0df4fffff8020601
f418fbe7f2f7f018
f8ece2eeebff0312
f50deceee5220e04
0e14f81113e5010e
02fbf6effd10000c
0813f901f206120a
04f4f203fe0af60b
f605f5fbfd06fc16
e503fbedfff70505
0803f5f2eef4ed0f
e908f8faebffffff
f402e3ea04030009
130a0cf3010315fe
1102ebfdf6fde808
10fdf4eb0bfcff02
08110ffffb090602
fa0cf6f6efe9fef7
0108fadff804fcf9
f9f1ee05e7fdfaff
f406f4fbfcf90103
0712e3f9fefcfe04
d505f50a1ef80411
ee19060c0dfe03fc
f811f607010013fc
0205f30604070502
0912fcfe00fb0ee8
0301f701eef21006
f8010817f7f21403
060205f8eafcf1f4
fcf9ff07e8131d19
ee080d0f03e30ef4
0cfe050c00ed02fc
00fe0b050ce50700
fefe06eaf6e0fe05
06fdfafaf200fa14
ff04fb0204040808
00eefa07fbfdfbfb
10fb0407dfea00e8
0401040efb030ce9
fde9060406fdf6fb
fbfbf90305f20ef5
ff0303f40c16fd00
1808fc0afffa1103
08fb0606f1ea0ce9
eff70207fbf71cf2
f5f51cf6f601fce4
07faf7fffdfc2705
16eef91417fa100d
1c0905fd0e0205ee
00f1070c0b06f2f9
07f20610110200ea
faf20b06fbfe1700
f7d7f4fcfcfb2006
06ebeb0d0a050ff1
f9f5de0c01f4ed04
f90ff51205e4f704
0e1af6eb06eaf62c
06f20912100a0bf2
0b061111230104fe
fa13ebf70102f30c
fd16ff00f9ff0005
0c07f8fa0afa0624
fd0bdd0801ee0919
16fefc0a03f9060a
08fd160deef10804
ede71906f3f2f0f0
ff030b10f1f80405
fbfe010b02f3fa0c
e9f500fdfaf7f712
00eb0714f2fdef00
feed0c00ecf20af6
02e50807f0fe06f8
f90100f10c0a1f08
f7fbe8edfc061af3
e5f6eeebef0806f4
0ff4fb0e081c00f9
03fbf9031904fcff
fe04fcf30105f803
edee03f8080d03ef
e2f7f2f3fcfe08f7
e9f2f3f7ec0704f2
fd1b03fb0f04fe01
ea00faff14f9f804
f2f0f4fa05f7f7fe
fbfe04f7040115f6
fced180302f7fe07
fbf4f6fdfcf4fef9
fef70302fcf7fdf2
f00cfef710fefffd
eefd07f703f5f9fb
fe0d0d09ecfb090a
f6131bfd05f800ff
0202fdf1fcfbf3f8
0ef8fdfeff010002
07f802020c020efc
fcf4f6080bfefbfb
0d0d05fee8f80507
f91507f8fa04f9fc
f81c08ebfc00fff6
00fe07f2011504f6
07fe04f4f72802f8
0003feedf40dfbfc
fb02fffbfb05eff9
fe040af10215f8f6
ee0501000207f8f8
f3f802f4f503f404
0400f9fafb0df9f1
0a0209f1f108f6f7
0c1301080705fcff
260efd04f70af8eb
f509070af1fbf8fc
0e0bfafffe0001f6
f303fd040cf80c00
f804f70500f012f9
f501fafa07fbfdf8
0c0cf800f5fbf0f5
0705fe04f7fdf7f2
110af5171d031cfb
16fbf81016002808
e7fc00fffdfafb04
1c04f90204f70607
04fafefd07f80ffc
f106fce9f504f301
0dfffa010dfdf6f0
13f8fb0203fd0901
00eef90506fe04fe
f51007f7f7ff0509
0804110811faf902
02ff01ff06ecfefc
0afe1dfe0001f203
010a0bf6fc0c000e
11f3180a01000406
01f80fe9f206fb09
fd1001fefe03fcfc
0e0402f607f3f2fb
f2fffaff000fec0a
f4ef020bfbfe0215
08f5f914f9eb0416
0eeef9fdf1090211
0903f80104ea03f7
0810080800000bf3
e20906ee1b020304
e9040bdc07f7fefe
f1ebfdfdf0fa0706
f611fdf5fbfcff0b
0410fef412fe0117
f5f8e9e705050f0e
f406e400faf5fae9
f3f6e9f7030507f6
f7f304fdf70f0eea
20fb0b07f821f105
13f6fefffa03f103
f4eaeb02eb05f4f4
09f501fc03f9ef13
060d11f70105f6f9
161703fa0701f1fc
f702f8ff02f9f405
f50102f80c02faf5
11fff1fd06070708
fced04fbff0406fb
ecfc0df80e0c0c04
dff9eb080af50f0a
0bfce50e08f20df6
f20ef0010a0120fc
fc1408fe05f603f6
fffceeeb04f4e003
fe04f5f509faf504
0509e901f202f6f7
faf3fe1a06f90704
fc0b000a0eef0e00
fe1b10e9fffd0313
ec05f70ae60f0f0b
ef040302f61c100d
07ffef0ff51910fd
e20202fff90303fb
f706fbebfd06f8f4
eb00fbfcf109f1f1
fcff0401f5eeff03
f8fe0df3ebfcf804
13fa1efef2f9f3f4
f1f6fcf607fbfaf9
eff3fc0b05000f04
f8020011f3ebfdfe
f1fa0409fafdecef
0905f806fef1f5f8
09fff80904f6fcfb
e611fafc0dfe150f
f41001060c171008
f2f9ff18e4140cf1
03f109fd0302fff7
18eefffe07fc0df5
24f8000711020a06
01fe050104fe16f6
0ffef00a070012fb
11f4f91608fb08f3
f00b08e7f004e71a
f40ef8f9ec06f208
fcfc06faeafd0206
f600f0fafb0dfc13
f50b04f80105031f
0216fd000105ff13
fb0cf8eef7f104f1
f3080509fdf6f5e8
0d11fcfd05faeaf4
03fd01fa14050601
fcf4fc0d0600f40d
f60afff503e8ea04
161704de071749ed
15eef9f10a1125f4
060b1601f5d52aee
f9f8071502e9fbf2
f104fcf20b0cf8ec
fc0b0d060300f209
fdef0400e4eaf808
e40306fcfa00f7f8
1713fdea0bf40fd4
39f7e73bfadaf911
0e02190ffef002e1
f9f7010b17e4fff5
06e90fe60df4f2fc
0cfc07ffe8e90ddc
02ff0f03fbf4efea
e3e3e9ebe60df8e4
002110f4fce5edf7
17f0f31e07f5faee
f206f418fdfe3005
f61c00142f140202
17110e232505ed0d
11fa0010040bf4f0
f810ef1005fcf71c
09ea071d1ef2e804
ddf9ed06ef00f71e
1bf9f908f40500f6
15eef20efc0c010a
f3fafa002af10217
0c200efcfff9e6fb
1813ffed2bfcfddd
effc04fdfef4fef7
12efe90909f3d6f3
0edefbef0b02f8f9
1ef707df00faee00
fdf1f1fafa03f9dc
0ccbdb23e3f605ea
fc06fd071ef302fe
0e001af70d030d0a
fd01f7edf606f90e
0303efe0f505daf4
e0080bfc02f6f5fb
fc010a0302fcf20e
01fdf7fdf3e4f9ec
ecfaf512fef5230f
f8fce0f201d6f00e
02ebfcfae91b0013
0bff06090e2bfa11
2105f71802350a02
f018fe00f8f10713
fa00f9ed0c0ae10e
ef08fc060f230b1e
0efbfb03dbea15f0
eb0ff80f0cfbe700
fbf1fc080beeea06
f60c2800ec02f707
e6fd1c10f806ece6
27eff1fefbfbfc06
effcecf606fcee06
06e30cf5fef8ebfa
ecfd04fffb02eaf0
fbfde4fcf503fc07
f3f8f3f5faffd702
050c06dbf6faef08
0b05fd13102b0fe2
110a0811ed1cebec
0f311afb041e03ec
03fb09fffd12f7ee
f7fe02f904e8e201
021b0b03ed0d00f8
160ae00bf9fad7df
01d809f8f52307f0
11d9f8120a0212ea
f702f902fc18f4fb
05ffffea0d1d05fd
1802fb12fcf113f4
f8f5111106fbf90d
07ecff02f40700fc
f7e8050ce7f5e805
f5010c01fc07060d
f5f200ee11f3f105
fcfbf7f900f8050c
f80af405e5fa08f9
02160a07eff30010
0afde808ea0500ff
e81e0cee10eaef13
fd04e3fc00df0100
dc00e9e801f7f5ff
23f60113f113fcfd
0ffd00fef305f8ff
0ff20002080cff05
f8fbec1206ecf616
050df6090601fcfb
fafffd080ef9f9f3
09efff0506f9f102
f004f4f3f6f6fafa
0003fb0bf5fde3f4
f7f8f8fa27fc0dfc
fe0800f90c0a0606
000409f9040009f6
fd0808ecf3fce5e0
0202f90b03fdf302
f907140006fef8f6
0302f2ee171507ef
ea0900f10e06f700
f1110ae4fc02fffb
ff08160c1100fd08
fcf9fffff8f7fd0c
0205040607ff11ff
0b050214e9ec0902
fd01030412fe170a
13f7f9f908f400fe
f9ff0a01f30d1a01
0703160afdfe0cfa
0bf9fb08ec0305f5
10fb0e0712f80701
f3fa0805f7ef0201
0104fffc06ecf0fb
f0ed0405fafbeaf5
f9fc01fefb160607
0af3fff2f0e8f302
e609030607150602
fdf70606e70709df
f4ecfbf8fee902e7
0908fb0c0615fffc
000700fa101701f8
00020700050416ef
06e62507f40503f2
0609130c00ffefeb
071202f303f90105
f9f810fbf50afe05
04fe000d030111f3
f5f4ee01050300f9
f2180902f6000112
fb07fb0800f9f907
fd06fff6f0040c0a
142404000cfdfcfc
edfaf906f604eefb
0b07f9050ef1fbff
00140505080a1bfc
01070602feeb04fe
fd0ae7eafbe2fdf3
141c051a19f7ff08
fd05ebfef501f202
03fafbffff00000d
ef0e050f0410eb18
df091702010ae8fa
eef50bfcfcfce801
1110ffe5ef1118fb
07f400eb04080110
f6f907eefb07ef15
f9e71100ee0ff802
10000d0a0fef01f5
0a2208f3121cf7d6
07151c021204f310
fe090efc1dfdf0fe
04040ff915f2f20e
16f8051dfc19ebe8
f9f5f402f1eceeee
f20515fb1f1afef9
e703f8e6f6f60c09
f4ee0df21dc914e7
f9de2a1510fef9e3
1ffafeffff000207
18e61603f7fcf805
fcfd1d030f05fffc
e7e8f5040401260c
dcf3fafcfb1a09ed
eee70d000b09f8e5
0514f51019f5f0f8
1a062407ee0cf1f7
12fb091d19070a0c
0701fb070b070401
0dfdf20d050719f7
0df2e3f2f40b0dfa
110cfaf3f0f9fc14
22f3e9e6f805080b
26f9ed06eb05fbfe
041909dde500eedb
f4fff1f4fef411ed
14f30801e8e2f4ff
f8f802f5fb060e08
edfcf211f2f9fd06
edf9fefbf7f8ee02
fbf603fb11e6fa09
ecfff4f61ce8ea0b
f4fcee150d010d0d
1501f10fe9110505
e1fffefc0819f3ff
f4fcf4fff9fce6fd
e40b050a15fc120a
eb09fff71ae91912
e41302f9140bfa02
fdfffe0dfb0ef1fc
1805f9f50912fef8
0f1703f308190609
13f0fefdf70cd9f2
0e0407001cf8f700
050af603180df229
db030006f502ecf0
faff0eede9fdcef6
ebfb0504f305e5ea
f8fb13f0f601000a
f00200eaf203ec07
eef2eed9ec03e90a
02eb011b0201f002
0de9f6fb0b02e6e4
f21010f40805fcfd
07fc0304081b2700
f1e81604f1180d0a
e1ed0ee5e51ae2ed
1afd09e9180808fa
e0eafceae9f3f3f3
f4f10fe0e80f0606
090300eafa1dfcf9
e7e7edecde2814fa
04f2fc0aef0e04f5
fb0809fd06f0fd04
ee100cff05eef3fd
f51a02ff2307fe0d
f9fefff60306fe07
ffeb01fefaf20dfe
07e4f207eaf30006
f7e8f911fbeefb01
05ef07090ff1ffe4
020e0df80efef8f4
03fb18ff071203f6
f7f314f4080909fd
000d19f0090f040b
13000616f52afb0a
f7fdf709f8f3e303
f7f1f900ffff00ed
f204ffeff9ff08ee
eaeaf9f3fef90403
01fe22040418fff5
08f502fe020004fa
17fc0002f4f5f8fa
0cf40904f60efb0b
d8f4f8f906ff1104
dbe50ffbfc0112f1
d8070e05060408f1
ee03f9fb02fbf4f1
f1f00afafc07f401
04fcff04fa0c0107
080601fafffb0403
f406f50e11f505ef
0af4fd1bfe051806
1a1004fe01041209
0404ededfefa120d
fd0b04e9fdfa040e
fb1af8eef300faf7
050aff06f3fa080c
04f00019f1f80cff
09fa06f90404fd01
ecfcfc01fd0300fc
f9f8021af2061006
05f9f60c06f9030b
02f7f7f70c08edf6
f303fdf90213ef03
09fdfff1fc20faf8
f3fefbed0601ebfc
fbf7f9030f07feff
011206080ef8090f
eb05f90510da010d
e81502f712f5061c
011408070205fe00
f9fafe02fef807f5
00fdfd02f5fdf4e7
050107fcf903eafc
fa08010602f3fa0f
fd1afafe0cf60f1a
fbf9f2000701fcf8
04effbf0f104f1fb
fc0403f6fc04ebf4
ff040402fc04fb06
f4fdeffcf602faf6
0b06ed1001fe1103
15ecf40d180214f3
0fecf1f80ffc03f5
fd03edecf8fbfd01
01fa19010d00090e
00f0fbf0fc080e02
eaf508f6f00bfe0b
0502f40408090311
effbfcfdf5fe02fb
fd0efff8eb0c010a
fe0d08ebfaf8f420
e3f6f0f0e7e3fff9
edf70b00f2ddea0a
f801080202f5eddf
f00914f2fc0ff904
fdf4faebfb02f7ff
f40bf2ee0d0a02f1
fe010902070b00fa
0908fbf1f503f9f9
0c15fb0c0a0906e4
0403f5e9fd0bf700
f60cf7fdf00bfbfc
18f01412fa10f1e7
fdff01000202f107
f6fdf6f7f8f2f00c
08fe100303f1fb02
020d0202faf7ff0e
0109fef1fdfafe08
0dfc1f160b0af8f9
f409fcfcf601f6fa
fffdf6f904efec11
fee506fef4101afe
feec0206ee06fdfa
f801f705fa00fdfc
1406f50afbf70a05
07070505f3f800f9
050bec01f3f9fe01
16ff09fcee010302
f9fdfa0fe4f3f4f9
020103f8f7f4f9fc
09fd0efbebf30c07
05eefff60004f3ff
f7f8f8f0f5ffef03
f5ea090206f9ee00
faf811fcfdf80402
f30001fb05f2fafe
04f81efa07f904fc
f8fa06f8faf8ed00
eef5fff80001f0f6
fd01fd04ebf6f903
f8020606fbff06fb
01ff0407fff9fafe
f709040a01f806f8
0c050404f9f404f6
040700faff02fb00
03fdfa0500effdee
010c020200f70cfb
0cfbf505f7f1f5ff
e614fcf9fcf90312
e7fc07fbf503fe04
ecfc0503f0f6f0fe
f8040505fd02f912
fe09040506f0fc0d
00f6f906f6f3fbfe
fafd04f9faeaf80a
f908ff04fef6fd0c
f7fcfe02f8f2f110
ea0905e6f1fef106
e70707f6e602f00e
f10001fcf609ebfc
f70709fffd03e5ea
f40206000605f300
0c050d04f9040507
fd1706f100ffee14
09f816f5fd020904
f70418f1f20cf5fb
22edfcfe11010309
0cf1160e0b0314f9
fef1fa00fbfbf9fd
0e01fa0ffcf611ef
0af3001804110704
1802f80716fb0c06
23f9ef24260bfdfd
06f30e09060dfff3
08f7ff0c14010cf8
ece30815ecddfe3f
f71f100e051bfd1e
100bfef4f1ec09f8
0bf60e0efd0f00f3
0b18040a1c0d1800
fdfff719f1f7ec02
f6fb02e4fb0af600
0b00fedf020c031b
e5d20808dfe2e61d
e5f7f6ede811f7fe
fc2212f809f6de19
12ecf00c05ebfe0e
ea18f7f4efeb1b00
0b11131b040d0313
02f1fbea00e7f213
eefbf2f6ffe0f91b
ff00f7f40801fbfb
d8dfdfd6ffe3fefb
fbfaeeffeef4f700
120a090e040b030b
f507f8fbf7081be0
00fff100ffe7eeff
0a1aee06fd0c12f3
0afef7fdee01fdec
ed11fd05eaf4f6ff
f80dfb052bf7f905
e916fbfffff2f3f0
0d07fdee0efe02f7
fdfc01fb15080604
f6f4f000110806f4
f6fff8f0f004eee6
0cfa090f17f9f81d
dc021dfcfe05ebfa
e1ec00fd09f40ff3
0509000211fbf502
040cf1e8280108f7
f9ff0bfbe50dfc12
03010c1cff0e350c
fffffbf111f2e71b
f4fc120e03031e03
1bfff62203101b04
0409fc01f007e5ed
ff03170c04fdf9ff
08fe17f3f317ff08
000015f2e107d503
f8fa0117f4ec1c06
edfefe1800110116
0500fbfcf5f8eff3
03f2fe00020cf803
fb06050704161620
fefb00f8ec12f5fe
e4ecfbf40601fe01
fb060609fe2713e8
07f206fcf90a1fee
11e4f1f0f203040d
e90b1207e5fbee07
fb12f8f5ee01eb10
10ed0b0d110502f3
0716170903fbff1d
f218fc07fcfc070b
f1f80dfae605e4e9
fd00fcfb0af907f7
14e8e80803fff0f2
f1290006fcf1fe02
041a121d0b0c1e08
08f8f5ff080a0aea
000be901fcfdf6fe
0bfb02011409f9f9
06f8070604f5f6ea
f8f10404ef020cfa
1014f90ffff5df03
f21615fef5f3f706
ff01f7e50216f5f1
010600f107fd01e6
ff16fefa112202f6
fcf4f5f5fa0cf902
fafcf2f1f2f5f702
0efcfdf609110ef2
f8f4f902f8fc0002
f9fbfdfffef7ffed
131bf1fd03fafae1
f21efbf9ece4f601
05f50b0b06eaf6f2
00011e0b00fbfef1
0104f00607fdedf0
f604fdf7fdeef8fc
0608ff0f07fdf9fb
e802fdebeff50903
ecfff60400e503f7
ecf717f607e70ae9
0a03f0fb05e9f109
04f8fff4020805fa
130307090f010518
f4f0fdfd010b00f1
04fa000cf301fafb
f4f508ff11080700
ff0df107f7f1f206
f5040209fbf3f4fc
1b030c010500ec13
f8e6ebfff0fae8f1
ffe4f606f4f5f505
10eef501e9f8fe08
faf3f7fdf803fb09
fdfe01faf802fb05
04f01106feff0801
0a0604f9f80200f4
fe020dfdfef6faf0
01e9f3f9fe06d6f7
f40507060ae91b07
f1f8fcfd0beafa03
e8060901fef4f90c
fafb0ff909f0fe04
fe0704fc08f40402
0ffc05fa0df7fd08
fdfa0402fd0a0cfe
07fdfdff04eefdfe
f506f0e8ff00f211
e9fbf904ff0aef08
ff05f8fb0b02f6f6
040300f81b1a0118
ecfffff6fb0bfc05
07f5fe00fff80609
fd04070402100c0b
08f10702f9fafcfb
f9fb04ff0209f5f3
1009ffed0f08fc12
f5fc0c13ff06fef9
f61100fdf806f0f9
e8fc110eedfd06f1
f60203f3f8fcfdf8
ec0305fdfefdf0f9
f4fc1509f501fff8
010700fd0bfc00f9
faf50bfffbfce7f2
08f7f7120904f7ef
fc02f601f809f504
0cec06050105f2e9
feef07feee1303f9
fc06fdfbfffbf5ea
f705fcf800050508
fcfefd04f80ef5ee
0606f4f5f905f70b
01fffff5fffcf5f5
08fef5eefefedffa
1d1ff6170c0100e2
ffef050cf3fbe5fa
ecd62602e100cb23
0318feeafffa1504
f40efee90efa0d08
06eb0814e1ece900
f421edf11e1101da
f0f311ebebf0f4e3
fccd2607eaf0ee08
20ef391c1e1f05f9
f2e8f7f214f616d5
ecf1f1daf50a0402
fb1314fafb1e16f7
0a0f17f8f6eef5f5
edf4f5f3031bfffc
39fe24340a110ad5
1e03ef121cf615ed
06f8e8fef9170af9
2805200a09080215
f2f912ffe2f9f4e1
d8f4ebf8f0f4ebe3
0b02f612050612fc
fc1a0afe031507fb
dbf8f2f8ece2f0df
14fe0818f408100c
080010fae50b10e9
c4fd00f6e3fe00d1
fdf01119f10ce70c
f2110bf801e4090b
fd170bf1e9f706f5
0d0211f0e5eef916
0b02220e11ef0716
f31613f8eaf400eb
08d5e919fbe4e3f9
ea16e3010bdf120b
eb2326f0eaee12f2
02fef9f71609dc07
f4f8f7fae815dfe6
05fff509cf0df2f1
16060f0010ed120a
01050020fdfa1cfe
050001f7ea1cf3ea
d700fb0807da0201
e206fcf9f9eaf7f9
17fefff1e901f1f0
25fafde716110a19
07f7fbf6f2d50de1
fd08feeef1e008f0
0afafafa0608fe11
0b0aff0306170a18
060805fce2f4fdea
07fa020216090a09
09f604f5f5e022f3
f1000603dfe1f2e3
eb2afb160b030d03
1d00f20214f50f0d
fdf8e605fa010515
f105010504faecf7
002e10effdfede0e
14f6dff2fefe10fb
f119190bfc0507ee
1116091713f90809
0e0df20afcf9132a
21ddf408110509e9
f4e701fdf6f91e21
e2f404e8eef0f20f
14f6f3f2091305f9
00ecef0202fdf4fe
14d50801fce20c0e
11bffa0eff000cfe
eddb07020210251b
fed600f4fbfafd05
1af9de3f0806f1df
09f20709f8ddfff5
0b01040b03dbf30a
e810fef0ece40703
09f0f7f21006f4e3
00f5e9f5f40bfaf4
f10bfa0821cfede4
041a001f0bce0203
edfd0122fedcf51d
edfe110406f60af4
e9f4e7ec05e936f1
0117fded010b0901
fbebeff51a400805
fc0d0406f913eb14
f0e4fbf4f91af8fa
44fe16270238fed4
0eef1afa27070ed2
ff1b01082107f800
f9020efe01f1ebf8
df0f04f7f0fcf2ed
f5ff03f8dbf2f0f2
030403f3f4fc0adc
d6f904fb092804e8
e803fcf8eafcfa05
14f5f8e912141d04
2ae418fbe7fbf5f3
f0ef10fade05fcec
021e1c01f4ff0df4
0811d806f4040703
ee091300fe0a15f8
0ff1eb0be40205fa
11f9040de7030f04
f3f9fc00ffff0403
07e60c18d9f7ff14
03ece11216072610
ecfbff1003061008
1ef8f2f8e307f0ea
fffee4e4fc0af003
f3fff113eef619e7
13fdf0f20ee7e608
0ef6f2180ce30210
0a05f0ebfafee9f1
09fef8f20fdddc06
d8fce2f40920f7f9
fb01f30308180ee4
ed02fdf4f60902ef
140104fef0c210f0
e60304f500c605fd
24d9fdefe6e409e2
1f0ffef0fefaf1f8
ffe8fc00eef3ebeb
211104ee270401fb
17fefdf619d50eec
e812fcfc09da11f6
1cf9e90c290a0e00
3fe7d3162c0533f7
0e19e1fcfefe0c1e
f3fbe6f701041a17
e1070af7f1fd04fa
fbf6fff1f4ff140b
ff22df080d030915
2a08cbfa09fa001b
fc14d9ddeffafe1d
09e201010c0af511
e0f000fdfc13ff08
fef2ec141cf3f405
fedb0feb02e9fff6
fcebf7fcf7faeff9
fcdef6f903ebe6ff
02dcea0a1ad9de20
ead116080b0d1220
e5c41a08f6f60f1e
ed14193005d5fdf3
ec0a0af6f90af3fc
f1e903efe513c61d
01210d1100fdfaf7
0e0ff7070801f80b
faf2fa08e3edef07
e728fee90e16ea0e
fff7110dfdfbeaf6
00d41f0de7e6e2ef
1f0f2c131e0adffe
02e403fbf5ef0213
f3fee6e9e4f60a0e
fdf32703171f04e7
070f060700ffe906
efe003f1061014f6
28f2161c150aebe5
0a07f1063ffa17f9
03f6ecfc01140de0
13de0b05101010ef
070d0108ecef06f4
d615f2f3fbf8fbeb
22f70400fef810e9
f0000bfbfc02f9fa
f108fdfcfaedeee7
24fc0105fb042105
0bfc1708dcf106dc
dafaf3f9ddf710d7
21e907f9011deaf7
f0000cfd12f60711
fb1311f1efe80bea
23f10efd07fe01f9
fdff0c0609f40209
020702f7edeb03f1
00d5fc07e6e4e006
d41ee50e00e82507
dc1a2afef2ed0bfc
08f903ef03f9ef0c
f7fbfb1af5f5fae9
13fe0c12d310f1fa
f60707f800fef310
1304f71900111df8
0006fdf0e917f6f0
e40afb01fccefbef
ecfae8eee9e8f8f8
14fd0cf1e6f9fada
f01ffdfc0f000521
fe01fcfcf4ea0703
fcfd00fce500ebe3
ed17fff912fb051f
1206f9f7f2fd1513
07fdfffcf507eaee
0ffefbf70cfc0d12
04f902040bdc09e9
e805f8ffdcddfadf
d209e9ebef03ef0a
03121907f201f1fb
06f0010102fe0607
fc00f6e7f6fbe106
031217f40300f10b
1dede5fb03fd03fc
cc300c04f7040106
0622fb0a0800f802
0e23e503fbf50728
14e811fc190c00ec
f6fb0a1bf0fe1d0a
fcfff5e2f1ffff2a
21ed0cec070105fa
f808ed04eb07040b
06f211e5f8e7010a
1cd4e0041d1827f4
fedafcfe05193a10
0ade0afc13fa0a12
ece20103ecffed09
f9e4fbfb0006f6ff
02faf50e0c07f61f
f70211eef810040b
fc07eef205fffafd
08f904ff0000080c
f5d6f716f2f20114
fadd0c13f7dbf011
02ea0b170ae0f309
d806f2d6fef3fa11
f50104f5050dfa0e
f00819e51302f61b
14040906f718fa03
10e4f40dfc2002f2
08e007210f0cf90b
e704f4e502fa15f8
f320f602fb1208fb
f20cfaed1b05f6fd
e2fbf3faf9eee9ea
ddff01f9efffef05
fff405fffaf2f801
02f505f9fb1812fc
fa05fef7170a1b01
fe031a0a131c2205
e1f803f60af5fb00
e7ef0bf2f9fbf9f8
feeb1707e00dfbf1
0717fada000603f8
081afc09fc0508f1
151707fef70d03fe
0ffef304ecf6100b
0e0ce2fcfa020b0d
090de4fe10061d1b
062610ec0c070706
f434ea06fe0012f0
fb0beaff01060bfe
0207030fe7160ff0
fa07fc00fa0610f8
14f70421f21323f8
f7fff30d05fdfc0b
f9f904eb12f9e513
f10806ef12fae514
0afc0cfff3250a00
f5020202fc101e0a
e301e902fe0515ff
f8eb03ffe2f6e5de
f3f9faf9f2f50202
0507f8f507e60111
f31500fe02ff0502
0006fbfef9130202
06070207111a1204
14f602fff9f5e7e7
0504fefc02f2f1eb
fe12fafb06c50b0b
03e4fb08070108ed
01f30202040000f6
03effcecfffe0a02
fd0f0bf5fafafb00
07f9ef03fafd0702
0feffe1a06fd0e01
19e6f30d19f60af0
14e8e10a15fd0402
faefe7e0f900f10c
f3f5f2edf10506f9
f5e9f2f5f2f30cfd
fae71204040e0a08
f200f6ecf306f70f
e91cf9eceff3eafc
f01511e2ef00f50a
f91005e6f3160711
eefcf7e4e9080f12
d9e7f9f2f1f1f50a
f6ed09f3f1f9f409
02eb03fafbfff8f5
04ec020ff7fa040d
f4140bfb0515f507
0a0f010c070d070f
f2fefdf5f409f214
0df00001f60602fb
fff2061203effd0d
11edff1108e6fc07
ea00f3f4f4fafa02
f005070502fefdf0
e6fcf7f309f70305
08080006ff04f40e
0c02fb04f601000b
f507f9f90308070d
f0f5e8ffe5effff4
f705f7f700fd16ff
fff6f2f211f706f3
eaf6effdf5eef5f4
f000f30c01f9ef06
eb0406f6fdfaf5fc
05fa0a0800ff00fd
f5fb06f3000601fa
fe0b1502f714feea
f40aeffc15fb0b02
fbf4fb0212fde609
f5fd0803f00c09ec
f90b00e5fcf6f8ef
0014f7fc040001fa
f0240bedfe0b02fe
0b000811f9fc0e00
0cfef508fe090907
0d04f10c02001308
071d19ef00fce804
f123fdf8fafdfdf8
f30ffdf9040118ff
02fafdfaec0408eb
0404fbfcfb140905
0ffa08f00114faee
05f9020d03090a0f
f5fe0e0d06050306
01fefa080608f60f
1d040100020ffb07
03fafc05f7210cfc
fe04f5e9070ef0f5
ecf2ff05e9e6f3f3
f9eefe09fe0305fc
f106ff06f800e8f4
f91005fc05fa0104
f8fffffe0514f604
0709fffc0efd0df8
070904f7e700e7f4
01f405f5fc00f2f1
0d1d03f5fee600f9
03f703f4f901fa02
00f807fafc01f4fa
02fe02010a06f9f7
ff030af1faf9fd11
fcff0104fd000c0b
08f9f91509fc1403
fb0806220ffa0ffb
0df1f81d1f041cf4
06eeee0e1c0301ef
0500fcf700fc10f1
fbfcedf1f6010400
f4ff05eaf0f70601
05f401f6020a030b
f10af8e9ec0cf607
e8f9fdebef0ef825
041108efef0be7f1
e90ef3ece90b0600
e9fffae4e4fd0b07
15f9f10dfb04250a
07e2fe20dbf2061e
d5d2060fe4e0e206
f4050701f7f2f30c
f4fe05120bffecfa
eb061005fd05f338
fecffe2dd10704fd
21d3fd0af8111ffb
1fe80d1ffc091c07
06f0fb13030508e2
e801e5f10406f8f1
d6f7f6e1f6fdeceb
05f010ef07140cff
ecf413f7180afd01
fe1a05eaf60d0616
efedf4f3fae905ec
e9f9e903ebf30bf0
f9e6f405d9f312f3
f30603faec011dee
f0e90306e6f0e2fa
e8dffb03fae9ecf6
08fc04eb0107fe08
13f30bfcedfffe0c
02fcf1dc03f5080a
def3f9fb10eb08e2
deffe50a0cf3ff07
e40bf1ff0f15fcf5
031011f2fff80f06
e6fe02e709fdfd02
fd00f8d60006f4fc
10f4f3ff061118fe
02fbfa1405050c09
fe0aed06090b1807
ed2717dad5040bfc
f118fae7f409e608
f70af7f0eff902ff
06fa0ff01001f809
0eff03f8fb2404fe
eefdf6e6e81dfee2
f405fc02001ce60f
e7fb0710f12007f0
f2fcfe22012d1e01
0efbf8fd031af0fd
0506fc020621fbfb
fdfa0df6e12ff0f9
fd0f0804f4e91505
f8fb0507f4e9ffdf
dc0f070cfae9f1ea
071c060c1101ff05
f309020315f6170e
f4fcf9040e0af4f1
180704f5f5eeeee1
0cf6080be0fff8f2
0711ff0af1ffedf5
0f1c0cfb13fe2109
12e8f3fa05072404
e4eef2f1f008e5ec
1409edfefff70e0a
fd00fbeaf604f803
05fd0ef6edf9fa10
0cf9f3f80efe12f8
0ce918ff04f93a03
21fa010417f71a0d
2407091223fc0e0f
1b17280e16000801
02fa05020af11302
0f0017f713f9f810
08091b070017070e
09f325080712191f
11090eecf7f5050d
0a24040bfff3f9f5
0d1cf9ea09f2e714
ecfbf9fa030cf811
f4fb03fbff0ef91d
e3f9f6040ff6e321
04eefadef703faff
08f0f4edf9fcf51e
1000f8f006020b0d
0005f5f811050300
f1f8f8f3fb11f707
ed0b010702fef916
fc07f5f9fd02ff01
f1fdfafa0b03ef07
fbfe01e6090df4fd
f00cfafeeff1f700
01f2f0fff30606f5
f803fffff206040b
09f0110702ecf8fa
ff01fb01050c04f5
f60d05f602fb000e
ffef01fa02f7f8f9
fee814f503f8fbf5
01f10eeaf100f406
f8f9f8f4fa0af9f5
f203fbf5fc04fef1
f7f604020b0303f6
13f40c03f4fc04f9
f7ee0402f70afdf7
18eb0411fa0df304
fef7eefdfff9fffb
03f7f10b01021601
1cf2e30212ff12f6
f8fa01f7e6f201fe
010003f403f00c00
180d05fdfcf80202
07e1f60502f20907
0dedeaf8e5ec0c0f
13feffee0a000002
ee00fb03f70200fb
f1fbf9f7fb08f406
e7ff04f8e206fb0b
f8f9f5fdfdf214f7
ff0002fdf802fd01
fb0512fbfcf10705
f1fcf8f301eeea00
ebfe02f9fcfe0b0a
ec090918f80113fd
f1f404fe02f8fffb
eb0906fffe000df9
f30d03f80ce91dff
f70afc00f9f9f7fb
05fefc01f2ef0601
09120119fe110004
fffc01001cf7fb04
fd0ffd0112fd040c
0003f8f511010d01
f4e714fef0fcebeb
ec0204faeb0b00ff
faf7fef2fffbeefe
eff9fd0009fdfff4
03faf50f00ff16ff
f5ed080a07fe14fb
f60605ecf905fced
f80405faee070bec
fdff05fdf409f1fd
fffcfef2f3fffbfd
eff1fffff20f1705
f9f111fbfe112213
f7f6dcf9f30300f5
0319f9eff9130a0d
f921eaf4030d1409
faf90104fb1614ef
02f9f0edf20d1c0c
effc0af7e818210e
fe0e0112fcfef8f0
0c19f4fd0bf11be8
12fdf209fbffffef
efea0900edf9ff0e
0cf90511f50c0503
ffe303f8e1f0f3f7
f711f8fb0c0cf3fc
faf1fa1008effcf7
f8e509f9fcf5e8e9
03e70f0500f607e1
100e161805f3fbf5
06fe06020109f9f5
fbfff8ecf8e5ff1f
070bf000eef0fc09
e9f3f3f3fbde0706
fe0320f320fb05fe
ffed08f710f70eef
f6def9f702fa07f0
03fd041709fa0500
160901080b021505
04f80403feff09fa
f5f7ef01f1f5f9f2
ee00fefb0303fd0a
e6100002f7f9fde2
23ff1efbfa00fdf5
10fb17fdf5faf4f8
f617fefbe7fbffef
0af729f3e704f309
04fc0c10fafafd02
fc061105e800000d
ec00fbf2060b11ef
f20911ee08050202
ea120ff701fafefd
02f4f6140bf90ffc
07f9ef05fdf715f7
f300fefdf9f6fff0
1805f50008f1e7fa
00ff0bfd14f10b09
0d0708f915f2fd0e
07f90109f7100302
1708020cfc150cfd
1cf906f20506e8f0
e307fefbf309ed00
d7f701daf20fe0f8
effe05e4f80ad7fc
08f509f9fd02f810
fc0706fe0c01f40a
fcff000006fd06fe
eaee04f5f5000be5
05fafe03e80607e9
fdf2fafee1f2fcf9
fa1103f11600fc01
060405fd05f003fc
f8fffff6fbf2fb02
f30c17f4fefcf5fe
ee161902fe06ed07
f50c0b020c04fc03
f9f0f7f8f600f3fb
fffb0b0403fe0ff8
fdfdf1fd02fffbf9
fe15ffecfef7f100
0b05fc0d0dfffc02
0b01f707fd05030a
fcf4f6fcfef0eaf1
f80105f80905f6f1
0202fc09f8fb00ec
06f80301fe0b261c
fdff0a04f6030808
fff5fb0205f710fe
09ec1a06080c0e10
fcf30bf2fdfd0801
03f6040907e7fbfa
f4fa0307fae9fffd
eef3ecede510f906
f4edfff8fdf0ea1a
f5f5f300f7f8f9fc
ff0a04fa1814fc13
0603f70ff4040620
ffcdf906ecfcf30c
07e40407ec09fd0b
19fa0ef9060ef3fb
f3df0bf51401f3fb
e8fbede9f6f3f200
df02efd2fff50c01
06ecf308ec0801ec
0c060704061cfd15
1311ec0500011b26
ea00daedd9f608f9
f1fbe7f0f30119fb
07fefe03f312f607
08f11a08e7f5fcfa
f2080205fcf2e9fc
fbfe0beddefedff0
f5fbf6fe08fa060b
f51301011a091105
0726f2fb1df21607
da00e3f7fcf3fbfc
0205ed0507faf50a
fcfbf3fef3110bf0
15f906fe11ff19f0
0108fbe6f7fafff5
0407fdf5100503e4
06f508f60604f401
140d1502ff011313
ef20170711010912
f90f00e2f608f609
f2030df9fbfb040c
eb03250bfa040cf6
02fbebf7f009eefd
fd0107fbf212f7f9
f505000ae90b0a15
04fb07fd0700f2f5
12f91010000efcfb
1f040a19060601f4
0702120aff07f6ec
13fb0101f91cf0f9
24fc0e12fcfef5e8
ebef0209fae00af7
f0eff90ef508f8f8
f8f2ff05f0d4fdee
170506ecf807f9f8
f903fff20619041e
140102fdf60afff4
faedfbf4e1f5f9ea
0afcfbffe703fbed
edfa04fcec07fb18
00f3fce9de06f60b
ffef0dfa0503fef4
04e505e3f209030b
f3fe040af9fdfaef
fc0b171906fc07f5
100eff2d1dfd28fd
09f0f51608f907fd
0e0b041c10fe1ffc
f51406e7f6fa0024
1cf60509130e05f4
f310ebeef807020b
f404f1fbf106100f
f80afcf7effcf70c
f81bf7eef2011110
0320fa0dfcee0d03
f229f2f5f8f1f60b
f225ed02f0f10016
070bfc0afdecf903
0aff092ef821f0fe
fe0f11dcf504faf5
fef01afafef6fdeb
e61ce9fa0cfcf6f7
ff10f3fbfd030bfc
f803f000f8fdeef7
03ed191af3fa04f9
0ef608ebf6ee0af9
0df001f8f1fe05f2
040701ffec1100f2
00f4fdf5edf50f00
f8f9fb08e1030ff5
08f916110f1df7f4
0a0b040501f2fb0f
f2fef4fa1300f7fc
fbfd0509eb1601f9
fff6ebfee00b08f1
11fcf012eb0ef5fd
00f6eefe11f6f815
f902effd12f8fc11
f506fbf80c0505f7
10fb0609faf0fc02
0a0001f9fdf9fd0d
0401fcfae7f5fd0c
f505f9f8040405fa
f10ae5f70dfb0c05
fffdf90300ee1403
010728ece0e4f1ed
f302f7020dfaf70c
fe040cfbdef30108
08e2fb09f5faffed
eff0f4fe0701f8ff
e3ef00f9fbf7f8fe
021217f9f5f21504
ef110ff800fc0203
e80514eefcf6ef0e
1c030e05e9f61406
f2fa090300ff03fe
0a0708e8fcf5f0f4
f3fe050af9f40104
030104140005fe04
0604050002ebfff3
1306fbf3ecfcfcfa
140607ff00f008f4
0e0407f6fee7f5ed
e20001fefa19effd
0efa040af8100604
fd13fff8fa04fe04
02f9fb05fe000312
0701fefe07fefe02
0aec01fcf6f10bf7
f30efa0bf50003f5
03030712e708fafc
f9ee0402f70300fe
fa0a08030cfe1c1d
1901f10b0c0312fb
ea0bf80bfcfff8fc
13e31fecf6faff0b
000506f4fe080201
f10404ebf6fa0006
00090206f700f918
0e0afc0d05f8270a
ec1809fdf7faff07
1c0c02f020f7f505
01fceb0e08f2f5fa
f50dedf6f4e7f8fa
0be519fb08f6f307
0af40f130a10effb
06ebfb1608f804ff
150dff020b030a09
1611fe0f1bf6ea09
0c16fe200fe2feef
1010f9d313fb13ec
0512f1e50fd402d0
0af8fded0de321d3
14f5ebf305fd0fed
0707feedf8f403fe
fcf0060306020802
ee02eb08f8f706ff
ed00fc0b0508e6f6
1d1914f411e40ad9
1401091efbeffdfd
0fe4061902fc10df
17f3062d030105d5
03fbf914f6fffcea
08fe1105f4e90ceb
14010bec10f20c18
eef005f718f1e4e2
f9fa0aff19fc0e00
1efe0cf8fcf91105
1004fefa141317ef
07e8190407130df9
07ee0e03091b1cef
fc09fefaedfa0bf0
0d0204fff8180ae2
f8fa1affed160dde
05dd1d03ef01fcf5
090a1b0be90af4fc
281206feed201311
f9ee0515fcf50b16
02e8fe0403f60f0c
0504f10fe7f2ff2e
fbeb05f9fbe6fd0e
17e7ef0ae5ec01ff
130ee9031afa1615
14ebe20317fc0802
1ff6ef05fbf323e5
e7ea07250ef91b1d
0707fd0024eb00fa
e9fff2e819e9f70a
df03ffd01ff0df1b
140401e605f5f6e4
f0f9fcf1faf0f904
e9fe06e607f9f92b
d1f6faeaf80ae002
eef80805ef1af701
f801f6df0c01d6ef
040bfff2010fe917
0c06fcf713ffe505
1918faef0218f309
f9f106f7f8e6f904
070ff907f5f5fefa
2115fe03090cfc10
06fafb070201feef
060605f90af9fc21
000ffaf201f5fa0d
ec2302041003e800
0405f8070bfdebfc
051adff805f6dbe6
e80fe9ecef00effd
0602f20d0900f2f9
f3fae6f21100e8f4
fcf7f2f0f2f5e6eb
fed80503f8fbd7e5
ff11eb05fdfbe307
f8d9f3fafc0bf7ec
e9ec03edf20414ef
fed0edf0faff1bd9
fbf0ef0201fb0b02
f3e7fcf5ea140c13
e4f5ffdbf1372b0f
ecd616ebeaf917fd
e3edf6d4d8131b21
e5f1e5f9fa080205
09de050df309f807
0a04010808fa09f8
14fa00040cf712e7
f3ed1401f0e707f6
f4f30e08fa09faef
f2e517fbe6eff5fb
081410e512f0f9f4
081701ef13effcfd
f50affe914f6fff8
f1fce8f9e8d717f9
fe05ef1302f708ef
12f6ec14f8f104e7
ea06ffd905f7f317
f50af9edee02fafa
db00eece09fcf618
17f9130ffa01f90d
0ef51001fdedfde3
1bfbff020df700fe
edfbee1104f8ff04
0900ea0211f80601
f503fc0a00180fed
ef040b03f4fee5f0
f310f8f4f802f40c
e30c0001d902d3fe
07f20c0109190aed
1c000f091005f10b
f9f511fb100bf8fe
f000eff60efcfaf9
ee01061012f6ebfb
e1f81bff00f9f807
0417f8ef080e0101
ff12140afbf80dff
f913fef6ff0003f8
01fc092608fc0700
0af4f91c04f3f90c
02fdf41203fe0300
f40904ffef0cffef
07f80303010d09f7
07ff04de07fdf4ed
f008fcebf516ff0e
14030902f9ff1112
1800eaf8e613ea03
14fd07f50dfbdf19
e5fb0a020e09060f
fb0605f81608e21a
f400fb09f3f6efe8
fa080708fbf9f302
050504fcf5e9ee07
f40d0602fdf9fcf0
03f9fffbf50108f1
f30f0501f2e519fa
0815fdff14fc0c0d
f705fd02080f090a
100bfaf7040f00fb
07de09240efe0de5
0c060f0e150706f4
0106010a01fb09fb
f20dea0af7f90a02
06f9f6fe04fa0e0b
fafee6fef6fafe02
f322effcff030112
fc1cfb0f0f02f711
fa0ef9edff050510
fc1903f1f40a1010
081b0a0201ff1406
0910fb0f01ea03ef
f90200eff5f30af9
01060201f7f4f612
f5f005e9ecf9fc09
00ecf5fe05f0ef02
f7f7fdf9f303edfc
f8f0080705020306
0104060900f2f2db
0d1bf7f515e9fae0
1811e9e2090fffe7
f5fe0713ebf7fe08
16feed0705050ef7
f9e9070bf2f809f9
f2f1ff20f8ee06fd
f3f0020905d9fff6
ecec0c0fe4f0ef1e
07e10c0300eaf9d6
0afd121710e8ffe5
fdfe19051af618f7
faf9f7fc090b0f0a
0206f306fdf8f60d
f3f5eff6fef5f304
1d0f04121feaf607
00e80d0416ecf4e2
eff902e9f3f61106
0bee0c0b041007f4
11f00603f31b10f5
020bfffb1007fcfb
0d15ea10f1e7fbf8
f202fe050805f401
f103fa03f405ffe7
0afb1bfcf30410d9
05060cfd08ff08fa
ff1603f800f8fcf8
18e7f3fbf30c000f
20e9ea20f8f1fc0b
f2000416e7fbee03
de0817f8fa02f2fd
ff07020a0001f0fb
f30a1a0000fd060c
df020506150709fa
0014f4011f0209ff
f72106e7040c05f3
e804e8dc09e9e915
e806eaed17dc030e
fffcf4f91ff9f3f0
2103070df80a07fc
1005fafdfff2fe01
17fdfafff8f6eaf3
f9fff3fff60efaff
edf30cf3f201effa
04060a10ec30efed
0113fcfa05e8f801
fa0e02f70ef2f61c
0701faf50a07e4f2
01e406fce8f8f900
0bfe01fdf813eafa
00fdfaf7f0ef0b04
ea00fbfefbf507ed
fae90300fff806f8
15fa070006f6eeeb
f510fff3ff01fc15
f21d10f201fee216
081f09061304fe00
e7f604fb0502000c
f0f8fdfefcff0eea
f5f5f1fcfffdf911
ec15f0e2eef8d304
1b04d8fa08fdea0a
1beeee1b05fcfcfd
e9d8faf5f80cefdb
f5d7f0f5fc06f7fa
ebe3e7fdfceff5e6
0efe0efefde81df1
fc0bfcfbef0110e3
fdf70af5fbfd0901
f6d02e0c13f321e7
fcf1230208fb0802
fcff1cf6f406fa1a
0dfffae8f303f9da
0d0204f019101ef2
02070bf7120e10fc
f909ecf9eff6effd
ef09fdf8000e00ec
fa140d01fff11001
0cebefe2eb1307e3
f3fef7ef06f8f7fb
11f1fcdcf6110ada
fbe9fc01e5f911fd
f9151307eb021602
ffec0c0f05f819f3
0a0ff0f0fa0eee07
101eef0806f40815
01f3010702fa0405
e70bf0fae5f607fc
06fcfdfef7f0eef5
f6e0e50ff2f61000
ff0bf2fff1fefc03
0404f0fb1715061b
111a120c11110503
15f9de070defeff0
080b010806fd01fe
14fb0e0206fc0806
e1fcf5fc05efe407
f30302feebf7f3f3
da0df91509f50206
fcf5fe06dcf7fc08
1a0a040ff7fcf104
0018060710081c18
f4ea01fffdffe0f0
e3f31b0f060608fb
0e00f105190b120e
e90d05f9e7fef0e6
f80b0af9e702ecfc
f019ffe6defcea16
03fcfc0afff2ea15
f404ee0e080f1011
eff8f6f7ee13fa0e
1afe0004fdf10cf3
0bf810090ef719f8
f5f8000601ff0107
0b07fb0e04db0507
fd03f90201e60105
f302051304e702e3
15f4fbf3faf3f3fb
131204fb0621e210
1409010c041f0b03
ec04f8f8f3f10000
e9fe00ffff0501f0
f2fe06fd11050700
03e7fb08f50cddf1
fd00fffbf4f8e9f2
fff70705c50bcdfa
040e000309fa08f8
091310041504fd0a
2f1c021e20f91e02
eb1ef701f0fef511
0d0b120b0af6f6f8
0dffe60601f9eaeb
f8fd10f5fcff0fef
fbff0a0516fee3f5
fa19100e15f801f5
06f8f1f604fee3ee
110df8f20af2eff4
0421faeef3040909
fe090a151bdff1f4
020ffc020605fd0d
fa0801eeee09ff02
1105e70100ffefdd
08fbf802050bfbea
f802e5eff305fddd
fde80b17f5ebf814
f6fc00fe01f8fafc
01faf300040d01f3
1100f6f510ff07fa
f70a030002fff302
06f9f1fdf2070bfc
0b01f915fbf10803
ecf9eb040ffdfcfa
ec1efeef0a14ebf5
e40df6ebfef20d00
faf300fef9eb0af7
0701fd0df8fc04f6
07f702f9120afe18
0ef8fa00f101fdf3
fcf80101fbecfff1
1ff6060d10ef0300
f1f409f810f9fbf9
07fa1bf8f1050404
f4f60403fcffef03
0209f80204ef0303
00fb01040505ff07
210f0f00070e02f9
00f3f5f90307fcff
fd06f703fb01f007
fcf50afb12f81df8
060012f50406fc08
17f7e9180af3ed16
ee17f5f40a09faf2
f805fffe08fff2fc
02edf805f6f1f804
01ff0207fcfbfc12
04f005fefe02fbf5
0afef4f302f700fc
0602f1031d02fffa
12f2f4ff12fc0a02
2ef5f1f4fe01edf4
02fafd00f30b0b09
f5020bfd0203f7f9
ff0603ff04f406ff
10fe08ee1102ed04
00f9fef1f4f4f60b
fb06fb0b00fcfdf9
f90c00e90f0feb0d
f20401fb05fcf709
f405fe14f8f10b07
eff7fd05f2f7fbf7
fbeefe0afff8f6fc
09fbfe00090c0206
0303f8020a00200c
fff0fbfef40405fd
feef0706f503edf9
0efc0004fc090d02
eef2f8051000ff01
00f90001fe00fa12
09f2fb0e05fdf9fb
fd00f8fdf805fdf9
f2fa0afdf7fefe03
e91aedf7edfe1408
f706f4f4f6ff0513
01fdf209fcfaf3f2
0d01fd03fff90408
e4fcf9edf3fbe502
f00212f6f402e70b
fb03fcfaf0fb16fc
f6fd0206fefc06f6
020af40500fcf9f4
08faed02fef60603
f7f6ff0206f202f7
05f8fcfcfe0afbf9
12fa27070f0a1202
f1f5f6f60003f4f6
0200f0f70102edf4
04f2f8f8f6ef000e
10ecfa0ae3f8fe01
00e601f9f3e709fd
fa0c01ff03eb0bff
f0130f0b0efff700
f412ea0efe06fd0b
fffef2fc00010100
f7f1fb09f00006fb
07d5fe0fe70f07fb
e9faeaf6fded04ee
f1f0def9ff0401e9
f1f6ecfaf70c06f5
0cf90004f80ffded
00f31302151103ef
0e030d030510020d
0cf1110206f400f5
f0f500f5faf605fc
eefef0f5e7fc09f5
f107fa08fdf6fd02
e5fef30416fa03ff
e6fa02fc04060ef0
0af304f9fbf9060a
1507fe0405f20002
16ecee02faf40dff
04f810f5e60afef3
f3fd0eff07f6fe00
f001f20106f3fe0f
f6f4f7f401f90307
0606fae4f6f2fe06
e7010ceee9ffff15
0700f50711f6fe11
fafb05100305040f
f9ee070ef803f805
03f4fb010bf3f800
fd07ffe6f3f005f9
f6080de504fafdfd
eaf9fef9f30f06ed
050417ecfe1af0fb
0d0502fd010ffaee
e306f8f2fdfceaf6
fcf70fff0013f7ea
0500fb1406080de6
f806ff020907f502
f902f8f5f327fcf0
12fc08f4ec13fbfd
f5e70307eef410fd
14fefe0de812f0e9
0706f808ebfef4f0
f302080010f91602
f60d00fe0b0af510
0ff8fafa0203f7ff
12fffb0604f11506
fcf7fe09f0f202ee
04f7fd07e6f7f9ea
1505f8f60ff90bfa
f704fa0806f82b07
f912000003fb1817
1204f8fffdfaf5fc
0b0ffe0505fbf105
f82011f2f0f80902
020400edfb05fdfa
09f806fbfe0017fd
04e4070c07ff16fe
ec0c07eef2f1030a
0315fffffcfcfe0e
080ee90815fcff01
f6f70507f7eb06ee
02fc1704f9f30608
09f80a0c0c0dfe19
0ffef8f90b09f20f
fe0900e8f7090613
0e25fbf6ff07ef11
f8f5fdef0911eaff
f40708fb0318f711
fdfe030dfff3e926
01ebfd00e6070207
08fcf4fb00fb12f8
ff05060e11fc0ff6
f31304ee16fcec09
f60bf8e6050ff9fd
05f503f40ef3fefe
f60403ede909fe18
f40bfaedfa140c29
020c04ef0a130514
e9f9e3fffdedfbef
f8ece706fe0405f6
f3ed0706ff0b12ec
fc0d0af60714f80e
f704faed0108f115
ec0f09f5040bf002
00fdeafcf5f0ea11
090efafdf2fbff06
080404f7f3fdf4fc
dffef10606f5f9fd
e5fceef50af60108
03fc09080b07030b
17f004fcfc02f602
f7eefffbf706020b
fcf4f8f6fb0af7fd
040df20af40202ef
ff0fff0901fb1609
ee150d00050205f1
fd00eaeefd06f4ff
030ef6f80406f900
0b03f00ffd000504
fef4f608f8f508ff
0301f8fffafdff09
09030a02f5f3fc00
f9fbf617eef71101
0a05f61bf4001006
13f8001cf61a1af6
effbfbf7fe07ffef
fcfefae6040feaf6
e3faf0fefc02fa09
f6fdfb0ff3f60008
f8f9010502f80506
1100040e0800f802
f6f4fe000df8f1fa
f702070502f611fb
f2fa0303fcea04f0
fffbfe07effcf6e9
07fff903f701fdf3
000a070c0df410f9
ec0dfef80f05f711
eaf90104fb06fa07
f704fa01f8f80603
04ef06fffd0404fa
04fb060506fd07fb
1c0100fc16020a18
f702fd0d05fa09f2
10f3f90c03fd16ef
11f801010bf812f7
edfd0bfbfa06f603
f6fa07eaf601fe00
0200f3f0fafbfafd
feffedf5f105e806
f3fcf2fcf9020306
0307040809f70012
f80c00f9faff04f9
f31af7f6fbe8fbf0
050c01f8f2ecf1fc
06f6000910150bfe
f7eeecf509f7f0f7
f4f8f107f3f7f5fb
051af7d41f212809
fd141eef060b0409
1102ffec04fa1f10
f81ae8f90a18f5fe
f7f8f1fffcf40800
06fdebf706fef714
eb0701fb13ee0bf3
f2f90901080cfcf8
f5f9f7e713fe1aec
14190a0bf3000307
fadf0cf5e5090b0d
0005e70104f42102
0af00dfc1ce5fcea
dc02e70e0bfdfb06
f6080bfc22fffaf8
10eb030c17f0e7dd
03dcfd02dd19e3e2
12f7fe21fef608f4
100e0d030e060803
1411f6fd2002040b
081e17ecf6050fe9
f7ea1408fcff03fc
00ee0e070aefee0b
f0e31cf4fa15fcef
e8f610fb001313ec
e2f9ec0b19ff0f0b
e3e20605011c14f5
11f21309eff5fa0b
0b000711f5f1fd08
de10020e02f31b0f
06ecff0427f30ef5
f6090efdf3fb04e6
f5f2fa111df4fafd
f5eee713fbfef80e
02fc06ecf902fe09
27f4e6160afa1515
06000b1113071112
0d06f004f30ae3fe
fafef5e51214f10c
dffbf9e7f307fefe
fa06fb1cf80309fc
f60007fb14080309
e8fa08d911e7e109
e40413ee05dfe6f0
f4f600e81effde16
0c0901021c1ee91b
0f22fffc0a09fe15
020a02f81dfe01f0
d81606000ef4f607
f6f2fef4f0f4f8f1
df1dfef911e21300
091704020b0602ff
0109f909fb06e90c
2507f9f011220519
f2080cf3f3fdf4db
180a03110d0210ef
13fdfe1c150d1aeb
081a07ed0a01e4fc
08e303e7fc01fbeb
06060cebf8f3ebed
e1f2f2f3f005eee8
08fc0afaf6080bf5
1209f2e1ff01f2e0
ec02deebee1be606
0410eee1f9fede0c
ec0ff7f6eafd0421
fdf70cf608090eee
f003eff8f91a0dfd
f8ddf0fbf20c0c00
fcef21f401f4fd01
00080cf8faeff4fc
f3f601dddceceb00
f717fbf8060ff2fd
e816f0f6080bdf09
ed27ebe71712f914
f7fe0a07ffef1306
060f11fb0bf21108
0f001511ee0a1c0a
feff0306edfff610
01f20407ef0e00ff
f3f80008e7f7f406
02e014fb0406ef06
f40d14e914f9e412
f6f114e712edf71d
fcf9ec04d7f51704
13f90efcfc020400
07fff806fefa220f
e2fd08f214dcff08
e5f603eb01f200fc
dfed10e1fce507f8
09ee12060103fdfd
ffec0e081500dd03
0e09110e10fde107
030ef702130d08f7
1d0b0b02080a0bf5
0d1902051df508f4
f3060b13eafbe9ff
f906ed08f2eddcf7
fc120514d1f7eeef
0af303ff0d050300
0fe5eff9fc0200e9
10edee0a120006f6
0f0e18f7f6fcf8f9
0b0b1b0200060506
f317140409010908
fdf6eeed12fe06ee
fd1205ecf2efebda
f81207ea04f9fce3
efff0409060ce6f4
edfff810ff07fc12
e904021d0903ef09
0904f608fc0a0905
020a05fa060ffa09
090408faee100af0
f400f7f0f703f7f6
fb0107f6e214f0f2
0a03f108ea10ecd9
13ef02ea0b100311
e7f703ec0923ed0d
04e0fefc020df00e
100806fbf91af902
1210010c06130c07
040102090400fe0f
edf3fafcfee6f8f4
06f1fafb01f2ed02
fefeff09fad1f9ff
fa050fd5d9fc041d
d6fb14edf9fbdcfa
fa0412ede9fff8f7
15ef0305060111ef
070ffb0311030213
010514160602160a
0ef10df7f6fbe1f7
fbe20703fff7fef5
01e5f7f8f9f1eff0
08eb0bfa0efffcf4
f8e2fad2ea0efbf2
e201f2f5dd0afef2
f9fe00f9f2f9f107
f404f7eafef7fefe
f92cfffcfa050100
f4fa03ffef120cf6
100df8fefbf90609
01eff7fcfc04fde5
f8100efd14000106
f00d0fe9f907f4fb
0605f6f213020703
0cebfe06ec080a0a
f0fbf10ce10bf107
06f9fd07f0f9f803
0704fde50af5f8f6
ee16f0f40c0ffc03
f3ffeef505ecebff
0f0a16fcf50af8ff
08020405fd0eee09
12010708fd11010b
ebfbeb01f2f009fd
f6fde7fafbfeff0c
e5f1eef2fcf512fa
fef20ef01dfc08f7
ef050ffd0bf6fcfb
fff909f515f8f5f5
08edfb01021c10f9
0df3f6fd0ffe0b01
fb12f5fd140c0bf3
d2f9f703f507000a
f0f7fefdf3eef9fa
f20a0603ecf0f7f4
0c0113000708f502
07f70a0406fdf910
06f00802ea06fdf4
f901130b05fffc0e
fd0003fcf5fffd08
f40a0e08f503ff08
1013fef8f9fd0bf9
fbf50bec00f80dfe
ee09fff3f2f8fff7
0701e701050202f7
12fbf40feefe00fc
fef8f50b1306fbf8
0b030c0d1602fcf0
0103fb09f4fd02fa
110506170c0109f0
01f9fc02f9090300
0504f704f30df8fd
07fefaf8ec01effd
edfffffdf602f200
f8fd00f908f1f80a
ef0608edf6f8eeff
f82201f11801fe24
f30604fef108f002
01010100030df015
f506fb05f1f1fef8
03ec01f7f1eb04ec
f6fcfefcefe503e9
fa08fbf91102ef0c
f700feff07fdfa13
fe0a06fb09e70904
db2005f7e503e8f3
ed1409f0f7fee50a
fd100902fafcf8fd
00fafe12f9f50cf7
fef008f5f6f801fd
04fcfe1009fc0cf7
08f807fe0ffe05ee
eef506f1f403f4f1
f2fff9f0f508f803
07fdff0f02faf0f2
05ed02f4010701f6
ee00f606fafaf4fa
0314faf7f80b0913
f2fbf9f8fe06050c
f9fceffceef1fdfc
f30f03f8ee06f2fb
f0fff8fdf70df8f2
f7f2011206fc00fd
fef9fcee06e60900
030bed03fdce06e8
2400fc08fcf936ec
faf109f909010604
ff0100ed12ee0302
f8eefffa0ce40ae9
f4f90a05feedf60f
f5f90202fdf2f806
04f5140301f502fd
07fefefb05f703ec
0d06fc1a180c0cf3
0003ff1318fa13f3
f4f40ef20f0801e8
f7f51ef3f9ff0bf1
12f3fd12fbfffdfc
fce8f1faf90801ee
f5ef0000fb1307f6
04faf0f6ee10ffea
f20508fa110b1af7
0b071c01ee06fff4
ff0a020228f51cf3
e6fc04fc0102fff1
fb0802fa0216f3fe
eaf00bfbfafe26f6
e7eef4fa06120e04
fc0203ecee0906e8
00f8ecfafd1013ec
11faec070dfa0f10
0ffeee03000125ff
fc130209eaf6071d
1012dd0506f71405
1807e111fbf802fd
011ed6faf4fb1606
1904e9f2fbfc0f12
fffaf500fa051d07
effa04fee7f8fa16
f8f902ef0bfcf90d
f402edea0ef91218
0b03fae522fcf602
d9fe06e2f312ee17
e60400f802fbf709
f00709e004faeb17
e20306e50303eb0c
ecfc06e20004ea09
00fb06f40705f706
0e17fafc010907fc
06fafcff0ae30608
1f1d0506110e0af0
06050414050c01fe
020903070b030608
1dfffffe0501fb02
0b16faf3070617f9
010b010a07fe0f02
fb15fbffe9f40bf6
0bfedf0216fbe6ee
12e7f80f0903f2e2
1413e3152bf7fb03
0fe7eafb0dfd02f3
06eff5fffe01eaf5
0fe9ef021805feed
f7f2eaf9fffff4ff
fbfefa07f8f801ff
f21df2f0f303f619
e2e7f8e8f4fb04fe
f6e9ffeee50a0b00
faed06fcfa00fef0
e8f5fbd6ee0a041c
ecf4fa02eafcebfd
fe0b1dfcf81e0908
df0702e5f0eff010
e503f1e3e7f30211
e701f7f703daf209
1703f5010a0d0c03
fef80407ff16fa18
f6ec04fef3f7e910
1207fa0ff7f30702
eefff90bffea0407
f1120009fef0ea16
fcea17faf808f627
00fd0ff3f51001ff
15240aed200d09f4
1ffa001603faf7fc
f8fbfde6f3fa09f2
e3e3efe0fbf30805
040df3fb02050000
0010f90307ff0bf7
e6f708e0f9eb06ff
ece7ebedf9fcff11
f7f800fde6e8f9fc
0a050208faf2f5f9
0b0c1209110c1ff4
f10cfe01ff00fe06
effcff06fd00e6f8
ef04fa050f08fded
06fc00020bebeb02
09fd111001f7e9fb
e50c0f110201eef5
0603f5010ffff2fc
1bfe0a0d0b15f7fd
fd0b0d0216ff030d
0e14fafe00f4f6f6
030310e307f40501
041226ee040ef600
fb040ef2060ef7f8
0aeef20009fc01f1
050a05ea1b0513fa
1cf1f1f1f807f0f6
fddff20903f8defc
03fb20df060cdc04
f3020e03fd1600ff
0903faf6e401e604
1a08fa070b0b0ff5
0bfafc1dfa1620fe
f2fc0714f7080006
0df90cfce712f204
f8070bffff0a0009
e70a06020ef30e13
0c03010909120508
0be8ff01fa06f4f8
ffedf8f6f2f4fdf1
0e04f7fcecfbf715
ff01fa05fc0bfef7
e1fc05f30100f600
f4fd010bf30e02f2
040d03080727f100
0402fe0c0610f821
fa260b0bf7fa1006
03ef13110d0900fe
0af1f607030107ee
f6fffe07fdff16fd
0feb03f31300f907
fa02f5eaf706e7f3
fffa0008effa0a0f
fefe05f1f8fef906
e10b11efe9fe021b
12160cf5050a15f8
fd0ef7f2e9101414
f806f4fae9fcff09
fe0c0503fe02f3f3
fc0100f00816f80f
f7f903f6f0fff7ee
fa0efee5e80ffc0e
fb08fce1ea21ed01
fd03e4f1fc1a16ee
0811fbe2051b01c9
140902060a1d1bf2
1924fdf5083e0de0
00fdf8edfb0405ed
faf1fef2ffdef9e9
f50df7e907fff6e9
f027ef070316c8ff
fd07fcfc03f4f40b
ec10fa27f2edf909
18ed122c06fbfcc9
0fed061801f70704
09010d29080cfbeb
f301f0fcededff02
f0e2ff02fb01fdf7
04f11010ffe3ed00
e21d1ddd2eddfc0c
ea24fde609e2160a
e21b03e814ea1801
0c01100509100907
180c1206ea0517f0
0ef509081bfe1011
e50602fdf9060bed
ecf50a06fd09010b
fbec0ff0fd000efb
37ff1c03e9f4e5f0
fc14f704f000e1e7
21fa0806edf9e6ea
18eafd04f4eae711
04012a05f4f1fe19
17f3071beaf9fc11
100014f4f1010d17
24fb0bf3e0fa0c10
0c020327f5051d03
01e30afe1704fde7
00f90ceefafaf6ea
ebfce3fd0bf905e6
f707f6fa1accef16
17f7fb0a12f1e2f4
1afc00ec09e9ff19
08f909fd0cf3f407
0107f4f607e9ed0e
fefffbfa0bda020b
f8f80019f1eb1c0c
fcfaed240ffa14f0
07f8f5ffff051200
1df501f30e0efbfa
030d01f804e3020a
0f0cfef31629f525
05fffee5f409f907
0310f8f10af5ff09
fd0a02f911080f09
e6f5f8e517fafbff
faf6f4f505dcf40a
1300f5f311cafd0b
ff0fff050b0303e6
fb1c19f8fffffa06
01092e0302f71602
ee0e04fbfdf9dcf1
00e6f9e8f900f1e7
eb0ef4f10001e90c
0103faf30106d7f0
10f80c0202fde5f1
0fedf9f90707f0f7
f7f2fcf2d914f0f2
fb03e9fbf50f04f0
1215040401050008
e4f9e3f9e2eef7f3
ef01e9dad9e6d1f6
fae70303f0fcddf9
05d40e0809242f10
f4f9daf5ec1a2204
f9e9fbeffc1d2510
fd0cf8e90c1f01d7
0b1506ff0f180cec
0f1d18ee1a190cf2
fff2f6f6e60d0d05
f8d2fefee7e90ff8
f90105fcfb060cfa
f31ffcee0b14f4da
feedf4040a0eeafc
ec03fa2aedeff6f7
0ee613170207ffda
21e5fd18f709fef9
0e030c1d0a0cfde0
f214f303fee60ffd
ecf7e803eefb0106
08f9f413f9fcff10
fc0627fe19e7e704
d80ff7e2f6f4101b
da09f9ec13ec0dfe
000bfb12100f030e
10020204f7061f05
fce500f91013110d
fd0801fffbf4f4f4
d8e7f508f903faea
ea0604fa0a040e08
24fa0e130c0af1f6
fc0c04fffaecdffb
f210120d0ff2dfee
0be1f30ae6fedb08
ece81806faf1f313
1b06fd20e4f9fb16
0c051eff0105fdff
0e0e0ae4f0ff0bef
0c121009090c1613
06f90209fe0ff7fa
06180de9fb0cfddc
fa1cfff30e0910f9
020405fe11d9e900
fefff0000aeeee05
fb0302fb15efed18
0205fb0efd0f110d
03fef8f2f8ef0c0a
12fcfd05f9e701fb
fd07f70305fcf708
010a0017fb16fdf1
15ffec0afc0b0df3
2604faed050a000b
f60a01f110020e02
091a01f6090dfd12
eff600fbfcf9ebf1
0102f9fdeef204f4
03f301f9fb05fdef
fb1b07fa0e04fa11
effd01fb02f5f50d
ff0cfb08fefcf40d
f0080bf6f5f807e8
fb1d1cf3f8f8f904
f81e07fdfc0410fe
07060a0401fcf400
02edeaf9f1faedfc
041004040201f515
ec0714f4f803eee0
0cdf0e0b0b0bf0d8
2df7fb10170511dd
f803ff0aedf4cdf1
03fe030108f0ece3
000b05fef2f2ed04
f30aeefbe7fc01f8
f51200e6ed1412fc
fffa0bfdfbeff2fe
fde12806070918d6
ff0408eae6141006
fe0d11f5f9101712
da10091014e8f210
e72209fb0f0ff509
db14fafb1817e512
1ded0c14ed030f11
05f2ff12f2fd080e
09f3f802def41d01
fbedfef7f8feecf8
fdeafdfaf50febfb
ea01fee715fee905
040b08f402160c0c
fc0016e90af8f808
f90a1de30f070013
f1fefefdf81311f3
fc11e60fedfafd08
e7f9fc00fcff09f8
f9f503fbf30ffc11
fbf8f7f9f9fffc12
03f705000308fef6
0cf70402effef201
1eec17fdfefdf8fa
1d010d03fb04e609
ec02f802fe0507fc
f3fcf7fefbfcfef2
e504f60d1501faf8
edfbfd06ff04fcfe
edf301eff10a0101
f1f6fc0cf006ff03
010af306fb1112df
fd06fe0b1e0119fa
0af7ef1f02fe10e7
fa200df1f102f001
e80e16f00202f404
fb1e02e6f403f808
1806f9fcf60210f8
fa04f500fffb0607
02f8f4050c02ff01
fa06f904f616141b
ec03f80ff00b0316
ed040119f00f170c
11030b06001600f0
15070206140512f1
fffafdf70101feed
00fcfffef4fff4f6
05fbfa00f710f60d
f802050d0bf5f9fd
ef1301ff0eda0b07
e60ffcfe17f81808
df0bff0613f0fe11
0b10fb10f4f5ecf7
03ecfff9fdfdf7ee
09040111fa0af6e2
030efa04fafdfdff
fffe0100fb0900f9
f80cf8f7fcf91203
f8ed01f1fa01f811
fb0403e7f7fde60a
10ea08f30907ee01
fffd02140a0416f8
07f5fe0a00fe24f9
0afff3100bfc11f6
ffecfe01fd0504f9
f5fb05fcf80704f8
f8f0faedf30706fd
100311061011121b
04e70f0602110700
f5ecfbfb06080212
1913fcfd0704fdfe
fb120a0904ff08f9
0d17fef3fdeefaf6
fa07fbf6fef8edfd
fcf204fefb02ee12
f5f704fefa03e50a
07f9ef03f806fee2
e80b01f1f507fbf4
dce6fcf6f3fae211
f612fdfdfff701f5
010b0208fe0a0bfb
fbfc07f10618020b
12f6f42103ff06f0
fefa0404f5fff116
f6f61107e5ebee07
1303151cfe0df6ee
f8f3fbfbf300e3f5
e102f9d5f205f7ff
10f30610020105ff
05050009fa090403
fefdfefef7f4fb0c
0bf1fb04f912fdf3
eeeefff0e9f001f3
f11a06f4f304170f
0ae50904e7071900
f9f1fbfeed0309f9
f000f4e8e6f5e108
fbfe030901f60916
07fc00f807f70d08
050ff7070ef70a06
0801fbf5f8fa0704
030ef9fcf8fc06f7
f902dbfefeeaf5f2
f5f312ffebf80908
eeef02f6fffeed09
0e0aeff0f0f708e3
f6fe07f40409f307
0209150504010602
0005ed0203010f0c
03fc07ef0306f40e
080b0feafdf40e00
091d04eff9f001e9
f904f7f303e0f80e
00fc04edf4edf5e9
e8fa060ee0131606
02ff08fffcf7f9eb
0702010afbf50a04
fafd0713fe00f607
020503f3020700fb
13021003f71403e5
1007f4fb05070dfa
ea1301fef8f303ff
eaf403feefee0208
f8f4f90bf8eaf5dd
f8fffaf40903fc09
020206000b0503fa
03030802021b1100
f3fafb0cf7001701
fd060003ecf607f3
09fa07faf8ed08fc
e51200d7fcfded10
e90e00e7d903ea20
05eff01001f9f7f6
f311090003fef702
fd0210f9f4fef700
fafd0d1309f908f1
03fefb0208fc110f
fb04f20105f9f615
1e03effe0ef9000a
2be0f201200101e4
0bea0b0d15eb00ee
fce1f3e006fd050c
0c06061c0cfe03de
16051a1211fe03fa
fb09ff000413fe1e
2327050f2afb01fe
ec15f2f50901070d
fe0df50416000221
f4f3f3ee0103fe04
fcf50300f3de041b
ff1ffbfc1cf2150a
0af7f3e8ffff0510
02f7f102fe0a010c
1dea0414fbff1106
e6e7140b06ccf51a
05050bfd00ef0007
fa1106010de5040a
f611ebeb00dff5f3
f50900e701dff2f2
141e191605e7f812
fcfc07f718f1f3f6
f4dd0dfefe0cf9f0
f70ffc0b0ae702f3
01fdf0041016fd06
0fff010f0d14fb09
160ffc151606f509
f4fa04f920fff00a
f5eb05f60ffde7ed
0ef3fe09f6050a0e
fffe11ff000704f3
15fc020e0c0aea03
f7080bf5061e04f5
e4f9fce70d0b09f4
fd01031215090c00
f317fef7091113ed
02fdd6fdff07edf6
05feecfdf306f8f7
13f2ea0c17110802
09f5e4f910080602
3302d4ebf80ffef5
f80befeb0409f604
f916e4050e070311
f2fff213f907fb16
ebfefa0ff712e611
db0411f2f8111711
f6fe0700020107fb
f005fef81d0a2325
d2fc03f3fc09f208
e2f8fefdfb18e90c
f9fd0fe812160416
ddf9f7e4f91ffafe
effd09f401fe0bf4
110201e511eafef9
ecf0fb100525f3f1
09fe0205f6f301f0
0707fdfc24000c10
f403f80b06010afa
0f0308030709fe0a
0019fa0406110bff
fcfaf8fd0a01fae2
fe0a08070505fa05
1718f9f40015fa02
0ede05170efe0be9
04f0da00040406f2
03f200f6f20600e9
ffebf6030201f3f4
f8e8f9efec05f7ef
fffef8030504ef02
11f7d61609fd1716
070de8100c002f08
f317fc1d00051004
e810ffe2e804f1fb
dc02f1e9e512f10d
e004feedf3140d0a
e8f206e9f2fff30b
ff04f7d7eff9f7fd
fcfe13f306f5fe00
ece527eae0060721
ebfb0ee7e4ef1cf4
dbf3260cf3f412f2
e40a1320fbedef24
d91c19fd0000f319
eafa05fb00f1f316
18fd0503f8050a0c
140efafb06091feb
faf1f8f20601f7fd
f1e811fff40ff204
f00205f4f612edff
0ef1fce404e901fc
010e0cee03220919
f20a1bdd0b01fd0b
ed1c06f122edfd0b
04fdf802031f130f
0bfdec1af802f4f8
09f40e0a0412f8fc
f7fefcede803f308
dc00f4e308fbf21e
ecfd06f105eaf1f7
04dbedfafefee8f2
1cf813f4f3fbe706
0ff311efdff5eded
f70bfe00080a0efe
dbfbf4001404170b
02ec0afff40e16fd
f607f0f508fa0109
05fafff9e400eef5
f0f410f7ec1702ee
0009fe02e3040be8
e914f907080115f9
eef7f2f2000005ef
f51c13f703fcf600
f90c02fafcf7f117
11f7f9f5f8ef020f
161307e9f3fafff7
f700edfff1fd1af0
f1f5ea010aee0a00
0601060ae426170c
f007050ff4151d06
ed01f803dff51e18
18fb0a03030bfaf5
180305ec1af4f8f5
ebfaf5fc04eef715
0ffc070beef3000c
f908fe07eaff0212
fbf904ee0dfef4fa
f118fb0b0dea06fd
e10cfa0b17e20d0e
f117fffe10de0bfc
0a1104f70600f20a
0f01050cfe0afefe
080305070dfa10fb
00080606fef7ec00
f8f4fc0601fb00ff
ff0e08fdf6f21502
f3f4f4f50d03021b
ff0200f4f9fddb03
fafcfdf8fa05f7f4
07010a06080410f9
06f30b0805fa2211
fbf8f4f0f409f5ee
f7f408edf1fbfbfa
f9e815f3f404fd07
ed08efe2edfcf607
0605fffd0b091818
f4e4141806191e0f
f1f50af9fb020ffe
1815f4fffe060101
070bf41009edf1f0
fbf70bf0f603f6fc
f9090ff1f612fa0b
00e7f5fdfa1b040e
fae2ea0af9f8f0f4
0efcf50604f90c16
14e5e0efe4da0914
fee7f4f9e4f408f5
ea13f8fa22081cfe
fa23fce31b12eb07
e50a05fe0f07ee22
06def8030df213fe
eff3fce9fffc0df1
f600080b23e823e6
f422fcf415dd1e09
dcf1dfe706df15e3
e9fcd8f7fdf926fe
24f9fd1cfc25ed0d
0ffd1bf90518fd02
03001cf7020200f8
f7f2f10402f716fb
f5d6f510e81813da
2904fa33eb0cfdf7
0f0a0cf9f6e6f3f8
e8ff0cf8fff1faff
e909f9f4f8f0faed
fdf206f7001b28f6
071204050b1afd04
0501f7f3f41306f1
e2f201ec091310f6
e6fcfb0712fa0803
e4edf5f903fe230e
e4090101050105ed
ec07eae0fcf5ecf6
ec10fcf6e5f6faf8
0afef1120ff61427
05f3f30ffef00c0f
ec02fc020dfafc04
e7fff604eb090117
f20af106ffed0508
f60af90b17fc0516
fdfe06ffe51a1ff6
0a090bf2fb1201f9
0302fdebf7040e0e
ef05fdf90aecf20b
ef0a0505eb08020a
effd0bf8f7291000
e10205f30a0efc01
f2fdfbdeff0dece8
defe1fe1fc030402
ebf4fe100cedeee6
15e2fc0bdce6f1e5
06f2fbf7efe8e5ed
0d06fa0a160d0d0f
db0b06090b0a121b
f218fdfc130605f2
101003fa0301f5e9
0a010701f7fe1bf9
ec010114151b100c
1efcf9132c061dff
21e2db202f0537e7
03f2fdf7120911f3
f408fdf7e5fb0dfb
01180ffff801e905
0c16f3f7ff01f101
0d08f70f100620e3
180fec1a1702160e
130508eb0cfb1506
f301ff030204271e
f102fff0f9031318
ef15f1f0f1ed1906
fa10110a1205fce8
f508f80a05f4080a
0cf610010d1a25fe
fb12e1f1f2e6f207
f900fffffbdbedf2
f314fdfb0be30902
00fce9da07101dde
070df50711dc0ad8
18fdf7fd04042dd5
fce9fff90b10fa10
eefaf8eeedf7fd11
f8ebf8f30ceef302
f2fee22001f71406
f5fb0f0e03daebef
08f529f9faf510ea
0af2f91aecf601f7
07030e130a171dfb
1611122109effae9
ea0003ec0f020100
ebe61300eff900eb
00edf7f004fa000c
0003f9021cea0bee
f9d0fafd230a13ef
0407ebfdf90316f9
f210edfe23081efe
14ef2703f10207fd
fcf10dfb091422da
e3ec0cf9f20603ed
f00313fd1219fcf9
d40016eff00913ef
f9fe0ff0171410fd
f7021ff8db23fcd7
1403e3f7f60f08e7
0708fc0aeff50920
1310fc0ceafc2706
fb110710f2fb1424
150cf000f5f62618
2703e4f5eefc05ff
1f0fdeef09082bff
2600e3f90716fd16
00f7fcfafeff2dfe
caf20f0bdffed811
10f9e50b25efedeb
fefaeb0413ed0d01
08fcefe52ff8fc06
e3fcffebe11efd10
f6faf706f31ff4fd
e7fe0adbf923dc35
f0faede7161cf406
f1faf9e3fd05dbf5
0a08fce904f2f9f1
230801ef0108e009
17fdfefb17e4f009
0c1cfef70e19fa04
01fafa050a0e150c
0e02fa040204f511
17100706140ff201
1c05f9f312fce1ec
fd07faffffc20604
e412fefae8eaf6ed
0110040a0b04f5e5
14f209101400f2ef
0b13f00813fbe6ec
08f709edf705ebf7
05e307fcf5f8f0f6
02e1f4fa0f02e7fe
09eae90e0804f9db
13e2ee0a0ffde6e9
e628e3fdf9fcec26
f9e2ebe2f305e2f6
f7e302d7df1e1400
03e4fe01fb0f0fe8
e4e1eac1d92b1829
e9040de4e008fb03
ec0916c5eb1b051f
dfed1bdddd100606
d3ee01e9d60209f0
def4f70802cbfbe7
0212fbe50c0d1f06
12090408053628f9
040301eff0f13ef8
08ed0203f801f1ff
e1f008020d06f8ec
f3050b13060c0b02
e6def902ecfef40a
f216000ff814f0f7
1e05f4f708020fe3
170eff0ffcf4f621
201e13300cfee1fd
0bedff10fcea0902
01031603f512e207
04edf002f9ff09fc
04fff701f0f60602
c4fdf3d1f5e1f1de
010b22f40cf40909
3516f11308f8f2fb
eb04f01dec051a03
f9f5fe0519112ffd
f7fffc1400051b05
f1effc0df702fffd
f108f3fd15050202
04f9f31417f7e622
fbfbf30e0bfde506
2af1f803e2f1e719
f8edf4fde42101ec
f4f802182700f610
fe190d01fa00ef13
0d14f60913fc0efb
fd0203e8fdf80502
07fae50a0708faef
0700e8f3fc03020b
1d12efdd0100fef2
17fdf806fcfe07e3
ccd2ec36f3f50dff
0600fb1211f515f2
1ffe030a14e411f2
010205f428fbfa0b
fa0be509fd0ffd07
ed07eef4f701f00a
f203fe03fd01f906
f603fa04f00ffbf2
f5faef05ee051616
0bfcf40122e9fa0c
ec0602f705e6131e
f404f9090025fd17
14fd0318f31312fa
ef11fc0efce6fb00
fff5fdf90808eef2
05f6f8040ffcf9ff
f2f40208e5e409f7
eff9040611e106f8
e10bfef7fbe3fefd
ff1022f6effb00f1
dd1030fafdf9eafb
1aedf8e7fbfdf2f7
ee090700f5fff405
15d6f20600fff8fc
f4f701130e08fbf9
03d5eef4f4fae8e0
02e900f9fbfbe9f8
0909fde400fcfff5
02110d2e151ffefa
150f010c0b0bf8e6
f20d03fffdfdfbff
0c0ce9fbfc12edff
f5fafef70201e50a
ea0cfaf9f600e908
f017e3eae3f5d8ec
fff9f9f7f825f512
0de5f51706f00504
f5fe04090603f205
0b03fc0cfd0202fa
1f13010c0f1010f3
f7e800fc040203ff
02eff6fdf0e70606
eaefeef8ffeb15e8
fa15eef210110101
000bf2fd0614fcf6
fd14fdf31b0bf0f7
02fe00fdec0e14fb
00eefffaf40c1701
170f0c20ff1c03f8
fa09f0fe0504fc00
effae5f700feee00
fcf0f109f50608e7
f8090ef214f8f50a
fef1f8f701130c0c
090c0b011214fa0d
fcf7f0f8fdf5f508
0706f8f3eef6fdfd
fffffef6000e0c11
e9e606eb0900f9f2
f3f00efff5010af3
e3efffee030508fc
1b0611f91508f7fe
05f514f10ef4f70d
0bf20aee12030604
0800fa03f305fdfc
f5feef0a05f91310
eef41019e5fd030d
01f8e606fb0206fe
f003fcf4ff000e0a
0408e203fcff0ef0
0af4ef010306f5f7
faeff20001fafdff
fbfe0509ea08f811
03f6fdfff50afb03
fafdf4fef300f102
0803080b0fef0c01
fc040b0005f60308
020006e8f7f3f0fe
edfde7e205f7fc18
f2fbfafc00f50417
eb01f3fff7ebe907
ee0004ff01ebfb14
05f5f909fbf2fafa
ff03fb060be41200
fb0500fb12f5f914
effcfe030c00f6f0
fe05fa06eeec08ea
0bfe04fd02f6f2f7
ff10f6fd0902fb15
07fdf90002010213
030b01f3080c0b13
09e8fb0a0cff08f7
1afbfa101afe1bef
070b080e10fb1915
feef06f3fa0309e7
f608f4fcf6fbf3f3
0ee8edf50501fff7
f8fdfc08070c00ec
02f51af605040cf8
eb0f0efe0709fef4
030ff6fcf5ece912
ee0bf4f0f4eef80a
0b0bf20a0ce7ee0b
f4ffecf1f2fc0008
edfdefefe70102ff
02fcedf6ede2eef8
f5f3f9fb090cfff7
f300fc0afbf1fff2
f2f2fe0300f509f4
030500050ff80bec
ec0507f9fd05f8f6
e8dd09f5ee12e00c
0115fbfd030302f3
010306040509fdfe
00f408f6f5f1f601
00f8fa04050dfdec
f7000200fcf4f9e5
f7dd06fcf1fbf2fc
0c0a181012ea03f3
06fd0201fe0000f9
f0fbf6e7f4f70606
19f311130c09f8f7
0311f80807011011
e9f1f6eaf5010ded
1600061a0d0ff8fb
fff6f901130904f8
edf2f0f3fdfdfaec
0bf60e05e4fc0efd
01f405fffdfc0cf3
e907faf8fef9f800
1904fe05060c1300
070713fcf40602f4
f1fbf902fffee9f4
02ff0a01ea1625fa
00ebfffbfafa0ff9
e9f307fbea05f9ed
f6000c1307fdfdfc
fd0104fb03f9f9fd
f7110be708f704ef
06f00204f6ede60b
0a0108060c010706
0003fef7f5fc01fb
f601030de9ee1313
0014eefd00f2fcfa
fb0c00ecf7f306f0
fc03f8010803000c
09fe080804fc0af8
fc02050ce407f9ee
fe0105fafaecf9f1
0bf905ff0f000806
000500fcf40afced
0302f20008ec1000
faf8f1ebfef10308
ecfc00fbf8fe00f1
eff7fafefef0100b
0604fcfbf7fc010a
04f7fe05f506f4ed
080cff04fc03f80c
0206fcfe0a03fd0e
faf8fbfbfef7fbf5
f509f7fffaee0501
fd0b030203f001f4
e804fc04edee04f3
f60b0afe06fcea08
ff0b10fef601f1fe
00f0fd06f5f7fc05
0002f8f4f904f2fe
06fd05070706fafe
1000eeff06f9fff2
f91506fc0f04f705
f70bfb02fbfef404
f507fefbfc07fe07
0aedf718060c0600
0bf31c0d0c150e08
12f205f20c0d0f14
0aeffe090a010cf3
06f80508071d080c
fdfb07faf8eafc01
16ebe912171310fc
0ef01b071a1511fb
00f1f6f0faf70201
f8ff12e3f1fdfa05
f90b19e40a2efcff
ff0f08ed12fef7ef
0407f4fcfa04f402
f10cf8110af6effb
020ef311f2f7f1ff
0109100af9ff0003
000717fa05160003
000709def603e7ff
f6ecfbfbe5f6e8fa
180512fbedf9f409
10f10e02fb11ff0c
de0efef100f704fd
fd1202ff0b030cff
f71b0d0010e405f3
01fef709f5fef70b
0c1c11fefcf700f4
1affea0a030af8fd
0ffa02fe0302e802
17fe000e170a000d
0d060004f5170003
0b08f01503efda0c
190bf90f02f6f615
26f00a0c0af5e4ee
00fe00fb06f301fa
0cfcea1113fe0112
f3faf806ef06fcef
17f0f6eef5f6fcf4
06f7f1fff508fb07
09ecf602fdffeeff
f8e211fdf606ebf6
fceb0601170aefea
ece721eb07fee9ee
00050d05feef05f5
03000e02fcf5e805
ecf6effefaf2fdfd
f5fc0709ede9f90a
eeff0b0902ef0e12
fefffd0405f1ea0b
0c03fc0ef60111f1
fd03f7120a061206
0d03fc1f0beb19fe
1b020e08f6f503fd
ff0408210bf72918
fa091106f8e50504
f405fc0bf60b0605
ff12fd091e2d130e
04f3faf406150113
e5f603f4f5fdf8fa
f6fd00f10cfbf300
e6fdfef6fd04f8f4
fbf90009f60cffef
f902ff0c171a07fd
05ee04f7ed03f8ef
f5ef09f8e203ebff
f2010a0101fbf80b
effe05e2e200f003
0afe0f04f7fe0afd
04f609f507fcf202
0300f9e9fc02d500
06fd05f1eb04081d
f92100f2fdf9e922
f81910fdf207fa16
ff07f4f8f7fee6f8
fe0102fc0012ee03
fbe907fd0309f8f8
f40af70efaeeeff2
fe1101fafaf0fefd
0cf4e90af310f3ea
0e0ff60b000b0114
19feeb111435fb09
0de4dee6ee1e01ff
25f0df16f00e0100
21ebe006f5041704
fcf805090ff905f5
ddf803fbedeff9e3
f1f612fc0308e4f1
0af9faf2eded01ed
1a19f92a16f706ef
0d0efdf20aebfef8
df09fbeee8f5e7f3
0101f30d070e05e5
f7fcf11307f80900
0cf60a0af908fbee
fef3e7f903ee00ec
11fa0ff204f904f2
fdedf9fef7ecf7f7
1616181330120610
110604171d17f2eb
faf1f5f8f304f9f8
f309080803fd0bf9
f904040107fb0dfb
00f40a09e41216ef
100301ee06f803e1
161006fcf2140403
fcfef0fef8fefff8
1cfa0df4f000070e
0a0110f7f00e0e01
03f6f9f8eee7f203
ef072ff2f2f5f611
f00600ea04fd000f
f2041501f9f90f05
ebf3e00003fefdfb
fdf51000faff0af7
f5fafcf7fc05f1fb
05011928021f0805
f4e4001a0504f81d
01ee04fd00f6f3f4
14090c0c03f9fff0
1605f2f708fcf2f3
0e0308fafee4f0ff
e70100e6feeeedff
f3f6f905edf4fdfe
0701f2ecfef1e4f8
07fbfd031a090a11
f902f0e90de1f9fc
f1fafafdf7f3f204
13fa06f8f509f6f4
18f0f7fce8fff3f7
040a01fc01fd0308
f2f802f7f10509e6
ecfe030205f8ff07
fdff0302e7e8ecf3
0b0ef6eb13f8f7ff
f509fa0003fa1701
04eef8fdf3fdfae3
18fc0c0c1c032b05
03ec070713071df9
f5f30b03fdfd0500
f1faefedf305fb03
fd020406fcfde90d
f30df506fdf7f6fd
ec11f9fa0a0b00fc
f01ceee7f4070211
f915f2f3fb02e308
1111fcf5fef4f402
09110405fffbfffe
0ff7fb0f17f2fcfa
01e1ff0b09ec0aec
fcfef80d03ec090b
1805f7f909faf7f7
1be4031a1b061bfc
00f00f1413ddd6f0
03eafdfa05fbf6ff
0209f6f802fb08eb
0af5f3f2f01aff07
12f9040006fefe04
ff09fe0504ff00fd
effdfcfaf7faf302
021002021bf4f7fc
01f31106f5f1fb03
fb0b03e40013f80f
011b0afe07f914e8
1cee09191000faf1
f3f4f8f8f5ec0ef1
fbff0dfb11000908
00f3f9ff07eef1fb
02030300f5f606fe
07061300f9f3fe00
01f2f307010509fd
fd0d0bfef7f3f3f8
0efc090b13f0f9ff
04ff1608ff0b23ea
f40cf4130f02fd14
0c070efc02120eef
04f7fa0cf70d0ee5
fa08f40f02eff20e
0bfb00110302fb03
f7040101f9070900
01f3ed04f80df5fa
1df9230def02fceb
f7f0f7090bf0fd06
0c0a03eef3f5ec02
0d090efd0cf60005
fbf314040efbf10a
faf2ebfafcfbfae8
06e0080012f4f5f7
fb0b04fa140004f9
0becf3ffe4f5e7fd
f9d8e9ff03ffeffa
f6ff03e703eee80d
faff080f060801ff
100705f708fcf511
08fb0af30efbfaf2
f4040101fafefefa
06020004fde9fb05
0d0102feefeff702
ee03f803fef21702
e9fcfced07ea0714
08fcfdfd0c05fcfb
02ef0604fc08f6fb
1a1101f00a0bfc0f
0ffdf8f2e7060a0d
ef02fcf6f805f5fb
f0fff6f01206f510
fffa02faff04fff7
010500ff0a18ec08
0be7fc0e0f01fe15
f913f406fffbf605
f1ee110d0502fbf9
06040102f3fdf5f1
e711f1f1fbfcf3ff
05dd0af7fafce7fb
f613efeef6fedff7
fb000303f902fb14
ea0afafcfb03f801
ec050defe804f405
10e5efebfc0a05e4
0204f3fff613f5f6
0af3fbf7e91208f8
03e40b0e01000ae6
fbfef40400fafc10
01f3fb0bfe160bf6
0403fbfffe0301f5
12fef5f2021417f9
01f1fffe031038e6
14fb07050ce726cf
05100cfb010d18db
16f3f603f6ea2303
fdfefa0901030504
040202fbfaeff4f3
0200f809f703f106
01f9e6ddfaeaf8eb
e10ef8f7f5fbf303
e219fef40fe5fbfd
0ef9de28f40015e6
300c1b1cf303fa06
21faed18fde70106
0208e7faf3fc0304
faf707f30d0b0cf1
fd01f7000f06f802
1c01e7160df5fc00
210e0d0604feed02
3007ff131af7f4fa
f316f30ef50f1415
050ffb0a0b11250a
f61ff5edf60d19f6
04fbf3fb0ef5f9f7
1a1afd0713fbeffa
170101fefc0d0e00
00f407eae606fdf3
20f4ef0904020c1d
1b102706e80512fc
0014ff15fdf3f32d
180c130ceef9f802
f4110e160bf80505
ec0600f3f5faf805
fe16f9040802f3f4
e405e4fa04f8f30b
dbdce62affed1b07
11e9fdffedfef2fd
e7ece62824041eff
0afbee0200e7f2ed
200105fe03ef090f
0dfa00fa0d03f908
060301fdfbfc07fa
02020ae5f7fbf1f8
efff06deeefffbe9
daf7fdf90de30604
ec00f411fae31814
d5f4eff3f0eb04eb
1cfa0102e9f41e08
031b04f8f411f807
13f80308e1f614ee
10effd070204f7f6
000efff8fa02fc06
f9eb0203fcf1ebfc
f107fe0b04f21fde
faf204fd0ee405fe
f606060f25eb1cfe
1d0ffe00fef51dfb
fe101302faf7fb06
1111ddff09020ffe
0beff5fd090609f4
05f9f90900fc05ff
09fc05010d0417e3
0b11ddf5f6fe1409
07f5f5e6e8f5050b
0f1de1fbfd03fb02
f30ef91800e1fbf5
12f810040611fbf6
0202ff1109f51801
eb0e090e07fa06f8
0508030b0cf4eef0
0510130711f60ff6
fcd1f01204f21f0a
04e90b0f150a001c
faf1151a1bff4209
0c03ddfe1e0617e2
db0acb01fff2f8e9
0407e7fa2eeb22f0
e5fceee706e5110c
f0f90b0200eaff06
1e03f1e318f628ef
07e60ae0f4040910
01ebfadff0f3f207
00e202dcf0effc07
0e02001105f808f4
0705f40c10fdfde8
3016091cfef91002
08f5e5fbf0effadd
09f50ff805fcfaee
fbfded060002f0f8
e2f5e0f9c6021efd
f3fff2f2ea02f403
e805e0ebe5f90010
15041207f1f20f00
1a0df81205ef00fc
290116f901180c05
04fe0106240a020b
091bfdf3fe0412fd
edf4f7131b04fcfa
da08e7ff09edfe0a
f4f4f1fdf81f06e2
e10ef7fbf8f7f1e3
fcf71f040ef0f30d
09ebfe07f6efeeec
1a03060b32f11709
17e5ce0522fbfd0e
04f7e906fdfafaf7
f9f6e3fc0f00fa07
ff11f5f2ec000208
fdfb16fe0904f211
d3051eebf003edfd
f9fbf8f4fbfd0306
14ff01f4f2fef102
f4070a071bfd2323
d30117d905f7f815
e6020fe0ec10eb0b
e2fd16eb19f906fe
f1fc160f03f702fa
14080cff14f4f200
0f0202ff090015e4
13dc05f406040809
01d804fdedf40bfa
070a020c28131c1e
03f3010b082f0dee
021e020105fe07f4
07f70804ec2d0a11
04eefe03df17eef2
1704f8edee06e8fd
fcdc07fddd19e2f3
1c13040218021a09
0ce5fd0a06fc04f9
0602fd111909ddf8
14f6e8fafa0105f5
0efae00efb02ff0e
010804f0f0fe03f6
03040407110617fb
f51eeff7f2fdf90d
fd15f905fa00fd08
1310fc0c08f1eeea
01faf5f60017000f
f1fdebf80a20170a
e2050efefd0503f8
07ebfff101f5f719
0813fc05f80c08f1
e918f2e0f4f9e8f6
f3efedf7f4fa04f0
01e8f8edefe4e6f0
160b07d40a0312de
110d04f203dafee3
2101e8f50bfc2dd8
f70cf4e71104f5e6
0df8f4e7f6020dee
eef8041512f0fe07
daf8e7f904f5f2fc
ee0f030903fde2fc
160bfaf703de15ef
09f61f0ef2ee07fe
04f30f130a0515f1
0a070d231703fdee
01fd0b09f1eff4f5
07f91915fae70bf4
09ff08fa03ffff03
e40602f300e9e6e5
f51204f715f205fc
fa03fff621de06ff
050318f0191521eb
0ffa0a03f20317e1
13fe1c0006121fe9
02fcfa0feafd0c00
ff130bfaf81913ee
ede81bfa010c10de
13e6060ff2edf201
1c13101de812e8f7
1d061af4dc170bf7
05fbfd1706f20d2b
11f00efbf4f40911
0ef8fb12040a1224
14ec1501fee01b05
1af1f008f0e90a0b
330cff0e13042b05
0ef6edf2fcf9ec04
15ee03f301f90be4
cfe3050609fb071e
0206000a2ae7f8f8
f307f5ec1ce9f602
fb02fce931f8ef14
0d03fd09f4f2fff6
f203fffa0603f0fe
ecf710ea0a0deb35
d6040919fc0e0404
f807030ff717faee
fff7f3d51210fae6
1b0202f90315fc05
200efef30bfcf204
150105fd031b0201
fcf101f1fbee081d
051d0703fb0ff6fe
151108ff0f170c14
08effbfc1307fefe
060605e10aebe425
fc0df8f3f9eefd04
e61edc090201ecf4
fe170f0e0d03ec0a
081cf2f2fdf3f902
ed1305ddef05defb
01fb00fcf900eef2
0bfbe6f00405e0fe
07e804eeeef7d1e8
02f301eefaffc3e9
ef17dffe09ffdb08
ead9e2f5f206fff1
f0e5fae5eff903f4
05e50ff6fd0f0df8
f7f4f2f8f6fffd05
f7ebf8e3ea18fe0c
e0fe00c7df132a10
eede02dae40f130f
e6e4ffe9e726251a
e0d8e8f9fd07f506
0afff8f707060fe8
0902f10d00170c00
12fb0cf7fa1402e6
e300ef04ffebf9f4
04f51af111060efd
e106fffeeeebfdff
053f00f30b22fde6
1009f1fdf10414ee
f90301faf904e7f0
0de2151aff0ceff5
06ff080efb000f0a
fef40404f30917f9
e502f3f80cd50400
071e061106e9fe03
f9fe01fde1f50bfa
2009240b1d0fe815
f8f5f2ed11ef0911
ee00f9edff00fafe
f001ff060e05140f
0a0fff0504ff1702
080dfd0202fefa11
18f7f6fd02e8f3eb
0709faf1fd1011f2
0107ea0f0edfeff4
28100e04f9f5f911
fb180612edf7f2f8
f0f0faf8e9fae1f8
18f9070bee04ec25
1a060a04fcfd0d10
f9081701e2f2fff6
f7f001000b02fbed
e70e171c04fd0313
0602fd06f1fdfaf4
05e122250b14f5fc
ff0201f9f20af0f2
0b01f7fdddf504de
ee04ec0707edf0f8
0c05ff0c0f10fcfa
07fcf6f4fd02e5f9
00f6ee08f2f00ef6
0dfc08f305fb0fff
1af8f40807e900fc
04f8f91402ef1304
03fffc0400f2edfd
f602f802f5fb0519
0c0a02eaf11bea09
24f003f0070ae608
09fbf800f907f2f2
ebf00500f2f3fbed
e515ff0df2070bfd
07edffebf4f7f5fe
f41003f40f000a1a
18f8fbf5ebe6fef3
00fb02f50d01e5fe
00150efd08fafbfc
1c050d0311fb1809
111208141df80a0d
f80400f4fefdf4e8
062afe131005eb0c
1e0af9fa0201ee00
e03411e7fb0c0320
040809140dff08fb
f4ed0dfa00030ef0
fbf7ecf8f0f3dbe3
07040603fb00fd12
18f0e2f601eee1f9
fbfa041708fd0fe9
00f5fb05fc0a0f04
03f5130b000609fa
29d10d2134011ddd
fb01110708fdfef4
0c03f1e604faff04
f0fcfbf4fa0002f3
eb0413fb161bfc09
20f0fef9fbf70fff
0f02ff13effe08e2
03f4f8020112f7fa
ecfefc11e0e6e7ed
ee09fed3f6fe03fa
fb0802ef140b1b05
f80b03f5fbf0fde0
08f1ea05d6f10ef4
07111f09eb06021c
01f4f0faf1fe06f8
ff16fd03f9daf522
2223051d0b040b0e
f001fce5e9e7fe0d
f8fbf7eff9ddedfe
000d20fc02db0108
feebfb02f70c0b05
f80bed0a00010a0c
1809ee0b150c0efe
f10c0101fa000ae9
12f7f909feecf009
0910fcf6f6082aff
1b07ee02e2e8d5ee
fbfb040bfa03e8f2
1617130609f50107
00f70008f1f6ecf9
0c011cfb04fde806
f709141009f9ee04
d90b0cf50a0303fe
dcfd04f6170406f0
e70a120efffb0514
f2f018f3060ef5f4
13f4ebfc09f709de
1bfd0f0dfff61706
0f0dec0dff0215ea
07fe0c1906ea08fc
fe03fa14f21213fb
fe050eee0106e8ed
1ff908fefff003f1
250419120be11efc
2ef7ee0eedeefee9
ed0200f9f4f6f113
faf80d1aff0f10fd
f202eceafc0beb20
20ef02eaf0f9f703
fa1902031415f80d
02e7fd0bdff3edfe
dce8faf9f6f9f7f3
f4f9f9f8e4fe07e9
e3defefdf5e0ecf3
f00cff0dfa060907
06fe09f80d192107
11f502f000f2fef3
0c0dfa0cfdff04f5
fa1a0e18fefed901
fd07eff807030bfa
e8070304fa07f9f0
050f160c09f8fe07
f208f5fefb07e60a
f509ffdbdf00f91b
130efd060f02f323
1c0509f002fef711
061fe803fbf9f9f0
0a19f4fb00fe1af8
fc00f0f300f6fcef
0d0e152a22000ce1
fbf60a08fd071314
06f2e50d07ecfaea
0df8f4f1fb08e909
ecfcf0e6f90cd618
1decf8ed02110213
f816eeeb190f15db
e803e50afb05faed
f002f7f00b0212f4
f5fbfad8100409f3
ef06f9e60df1fc06
fc18fae1181df606
f406efdc090f09fd
ef06f2eafffc07f6
062df801090b0dec
15f40a191cedf2f9
06f609140fffe5eb
1104071905fbeff5
12f90708feeee2e6
fffc130301f8f2e5
10e809f9fe07f1e6
fb0f05f9fbf00103
f7f90d00160bf9f5
ff0122ff00ff01fc
0be619fafc080b0e
fae30d12030507ed
f4de03fcee1314fc
f8d510ed0a0a11f2
03fafbfef9100afa
f9e909f2ef1b0ffc
16f5ff02fffa040a
22fe1808fc00f8fe
2bf2000518f40a2b
10d4e4030bf40405
0ae1f2fde9e714ff
00e5f404f1ff0510
14eecc0006f3060a
1ce5dcf8dff2f517
22e1d104fadf110c
05eaeeedf6f1f506
fdf8fde8fcee0bfa
10ece4e204f5ee00
eafcf1f505ddf80d
03fa06f50ce1f301
e6fdf6eb0eeaf002
baf80edf02e80210
cffff1ee03e6de06
cefc0fed00e7f823
e80afc0900f003f4
fc03feeffcef0cea
e809091df8e01001
ec02f8f62003f916
02fc02fb07eafd11
f607f7ea14f4ef06
001001191b080215
0a07000707f8f022
1efcfd080f00fc10
02e2fe051901eb15
0ff50601f3f90212
fde800080d0f0c18
e8030feceb00e6d9
e5ed11e6ed01f0d5
f104feebf303eaea
e9f50af1f1fad208
effdfaf1f303e0f6
f3fefde8f402f103
f0f00af0fa02e1e4
e9e50af6ee05dce5
f0ea07fb0003d9ee
01f30106f90cffed
f2e0eef8ef0c0af6
fce6e903f406f4f9
fcec03e9fa1a0ffa
f9e8edefed0904f3
f9e4ebfaea3215fd
f2fef4ecfb2129e4
ede9f303fc0a16ea
0808070a012e1eee
05fc02f6f5040503
081810f5002411f8
f7fc01fdf9fd0bf1
0200f0020707f600
f8fa0101ff1703f8
f8faef0003f9ea07
fffcfaf30903f3f6
f0190602ff09fc08
ff09fcfbfafd03f8
fd0bfaffef00fb10
12020311ebf0fdf7
16e8f20cf819fe0b
0511fe05ed07061f
f5fffe070106f614
fdfc0ef5fcf3070b
f40904f600ec02f0
f4f502eb00e8f903
1e0205020ef8f803
f4fde40905f9fafb
0003ed0a1e020808
f70305f205111cef
ee0afd0cf1f40406
fff1010707ee01fc
fb07fa0304080d03
04fb1400ef06edf9
15fd120bf1f9ed01
0eec0a0cd800f5eb
e901fd07ff06f3fd
f9fd0ff4f8f8ee04
06feed1301f21d11
f3100cfefa0bf500
fa1105f903fb01f6
e50efa0bf500ff0e
04f0f6ff11f60cfa
14edf2e9fbfc00f5
f0fbfefe090010ef
05000d1102f40cfa
1202101a0deb0cf0
f802fdfc0be3f717
13fbfc08fbfc0cf4
0cfb03fa0907fefc
fe0907fbfafdf6f5
edfbfefdfa030414
f8f7ff08f4fa0200
edfe07fbeefdfb01
e9fb0510fb0404f1
0201fd0df61de90b
0c0802f6fcfdfdf9
f10302fefbfaf3f8
e5f1fd0bff0cf2fd
030bf90106e5f101
ea03f8010ef81703
edfc04f50aea0a16
e912040a18d50e04
e9021007f3ff0707
f51e20f3fe061117
0302fcf1f9fc03fc
fe0f0409f307feeb
0ff419f3050305ee
fd08fc050906fbf9
0ce6f9fdfe05f8e2
f7e713f2fdfdede7
faf602e1ec09ffe7
f410f30e04fdfbfa
0f12fa0e15fc02e8
04f9f40403050608
0a06f913040703f7
090e06040c11fa0d
f101f6fef70500f0
fd0df2ffe6080a0b
0307fe00fc14100d
0ffafe0ffdfc1afe
f6070539fe19d50e
f60afaef0306fe08
faed03f0faf0f5fe
f6f5ebf4f10705ee
01f90401edfcfef1
ffebf003ecf2fbfe
f1140b1efd05f100
000310fb1300f3f5
10eb06eae8eefaf1
ef101cf2001df902
fd120cfe0ae9f014
fc0001fb05f2e903
f9e6fb05031afafe
fb04fd02f3e9f802
f0f3f2fb03ea0605
03081aff12150cfc
010600010106fb06
fcf0f2fae10601e5
08e50410fdf1eb0f
0df8fa0003f8fa06
f9f30202f9fefafb
f4fb0609f7f20bf3
ee08f301fcf4fff5
fb04fc03fa02f6f0
1afa030218fe0104
0d0308f8f4fbf9f2
ed04ebfbf1fd05f5
0ff71eedf1fe06df
10faea0805030106
f606fdfbf2fb0c02
0b080ff9ecfb000d
f91011e00208fdfa
f80402fa04010406
10fc0ff4f7030bfb
f5f115080e050009
03fc14efebf7f30a
18f9fa16ce0516ed
f5fc000df7080c16
fcf9fcf9eef005f7
0408f01afb0500f8
0eff0503030000fa
07f8faf8000bf4f6
0609fc06f3110808
03020afbf5060900
08ffffeef6f9f3fc
d5ee05f70cfff706
fb0001f90e09fe02
fa0afefefaf4ff0f
0cfbfb0bfc00fbf7
02f80503f803ee06
05f3f902f3f5fff4
000e05fe03feff1c
ebfafd0701fe0505
090401fbddf6fbfc
01ee04eb00090f18
f5080cf3eb06f2fc
e905faeff907f403
fefd0301fdff090f
0001090a04061b02
05fbf30409fe01ec
f80101ee04feea1b
021a06f9f905f910
f213f7fdf4fdfe08
0cf701f3150a130f
04f60c180f2712ff
f4fb0307fd07f701
10ef0ef306fe03fc
09080605060d0900
0006f208fdf9fffe
06f50c08120bf60b
0afc061817f30506
09fcfb0201e3e2f0
00fcffed0ddd1dfd
06f6f5f5efdd1005
0aef0104e9e517f0
f503000a1bf9fb09
f310f8070b02fa05
e81cfb012108070a
0d02f9f606ea2400
f2ef0e00ecec07ff
0ef8fb0600ea0ef5
0213e50108db17ff
03fbf40006f40cee
0606ee0c0af911fa
1ae5010509f308f7
02d00bfc05170dee
22fe2007f2040c04
0619fbf81202fe07
00f7f00c03090b04
0a0e0808f0f503e7
f8f70ef4f10a080b
f404fcf9fcf7fee4
07f40dffef0017f1
04fd11fc050e22fc
0c07f50202070c0e
0600fbf5fb0f0f09
fbec0be8ef2217fe
f40af6faf1ef07ee
07fd05f2f50d0aff
e1fbf00b09fa0d0a
08f8e901fcfcfdfc
d40709f403000e14
f606d91419011510
2104e40afff60c07
06f0df23f4f9180e
e4f5f0fffb05110e
f70d0e01fef105f6
e00d130704ef180f
f1fa08ee17f90f07
02fcf9e809fcf4f9
fd0606e51302f7fd
cd0111e2f318de0f
e40312edfafddbfd
e604fd0409f1fb26
dcf7fdf21e040af9
22fb03f4f5fcf6f0
04f6f6f313f807ed
11fdff03fffc0aef
07f401fef0ddf6eb
020302060af001e7
091408011eea0608
fb0308f30bfd0406
0c15fafd1bf50403
1c1701010bd8fefa
09f20408e9defcf7
fb0cfa0207d901f4
08efea101cf815f9
02f0d501150226e8
1007f3ec16fdf9f9
09fdfdfd0afbfdee
0303eafd05faecf6
030706fcfffce904
f8f2e6f8f70702f1
03f3f0fa02fa07fc
0607e9f21f06f90b
e50300fcff03070d
f4f3f3eef3f0020b
fa0201020aee03f3
f314fd03f2fc1411
ed07fbf6f1ec01f5
f101fa02f1060d0d
f4f204f8fdf7090d
f4f4fc0206e30600
f3f8f21005fef613
