0f02fedc020d21f3
0403fff607fe26e5
110900e50de722e3
06f7fb0e1204f602
fafbf9010d020101
10ed0500fcfa08e6
0ceaf3fbf7e9fed3
fe0201effb09fef1
2403fef10bf60203
e302fcecf1fedc0c
ea10050a00fbfe2a
e714f609fc02e531
f9ebffff07ecf7f3
0e0c0501fc01010a
fafdf41618eb0ef4
fdf8f4fc0ef8f903
16fbfb0c01f911fa
fffaf1e6f4fb08ea
e9fc04fe0e07f2fc
040ceeff111b0f03
ec0b00250bf8f522
09eff80bf510ee0a
0a0905eef216f80b
fdfe0204fd020ef7
e806f708022c03f7
e20c02ebfe1413f5
ea09f615f8fe15e5
fee1ff1503f1ebfb
0b00051700fff80e
f1ecef2a10f7fcfd
04fffdf9edf3f4f7
0705f9faef0d1801
0beff60307fcf401
fffff11b0ff7f817
10fb020104fcf311
fbe5fa110bf2fcff
fbf71606fcdb12f7
fcfefbf2feeafd0d
12fb0105f7071df5
10f9fc0ffafe01f4
03fe0206fa0910fc
02000d0ef9190ffb
f3f21926f4c8ecfb
1cfe00f1f1fcf913
27fdfc07f2d3f107
ff09fa180413fc07
090007100e01f802
0cf4061208f414fc
fbfb0014fafafffc
ea14f7f6fcf503f5
000104f5fae7fafb
0afe050d020713fa
02fe091908fa0b0b
ff0c0900080701fa
fcd50c1bf1fdecff
fbf5030afe10ef1d
fc00f91afdf5041b
00f90401f5f8faf7
061101f7ee0ef5e5
f20cf9fff113fef4
ed0308f9051af01a
fc06f800fd01fc0a
edf2fb20f9ef0001
d7000ceeec02f003
ed160009f203121b
fa1ff905f6f9ff1e
03f2f5fb0905f1fe
1c060207f20df8fe
0705f8ffffff05ff
05fdf9eef60503f7
15edfd07f30c0c00
fcf5f9edf9ea11db
08dffcdc13f80cea
1dfcfcf40a0706da
0d0405e7f5010ef1
010ceeeef7050615
f4fb08fcfc25161d
f4effde6ebfb04f8
0806f1f5020f02ca
0402fffafbf5f7fd
09faf8f1f80b05e3
f412fafd01ffff10
fa0710fdf81508fd
edfd03f9fbe3f304
fa08061a030ffff0
f512f9fbf90707f6
f2fafafff3f6f90b
fdf70910fefbfefb
f3f7f7fbf2fb0906
fe0afc030608f8ff
01f01418ff04fa00
f5ec0a17fafffeeb
fff5fc0dfcfe10e9
f4fe1217f5d808fa
03080300fe0908fd
07fbfb0a0ce012f5
0f031e0b0ff1f5fc
00f7041c131cebf1
0d1503f107fa09f2
fcea0e04f8d2fa07
08f804f6fc01f9f8
0af101180ae90000
08f50d0110eeeffc
050afb0d030c16fd
06f3040704f101fb
fbf8f302fbfbeb1d
15fefbe8010be401
03ebf4fe04e5e624
e0fe0e15eef4dc02
04fcf806f9f8e91b
f704f61f010be733
f5fb0d0dfcf2f6fe
fb13fffafd1afc04
ec03f10c0cf21e08
02130b010408f40d
1f16f9fd08fffee5
fefefeea03ff07fb
fee20a1d03eef0fc
09f70302f408e80e
edf5012505eaf4fe
07f50cfff1faedfc
1b0a02f0e106fee8
0909fcf4fcf6feed
fa07f41a02fbfd3b
0502fbedf90af10f
edf7fb1406e0f10b
fae201eb02fdf7ef
1a07f6f2ef1101f4
f705fc0909dff507
ff08f0f0071a0a0a
000100f4f20c0afb
05fb02f806f11aee
050a040fef02f6f3
1bf906fff10702ff
fff6fa0cf6fdfb11
efe60b11fbefde08
10f4f812fbeff114
fef3f6110415e818
fce60affebf4f902
fafb01e9f227edf7
03fff2070af0fffa
f71203e80d04f510
1328ff040b08f0f9
ff0afaf1faf3010a
fc03fc080308f1f9
fafc00fb0e0afc04
ea07f8180dfe0bfc
f40bf814f5080002
f800f7ebfd0608fb
f50bf5fbff020bf4
f70b0601fef8f9fe
0901fbf70f0013ff
fc14062403fd0cf0
dc030e0bf8f1de02
f5f9000100e8ff1a
faf4fbfffa0ee41a
f2f00d0c05e8f6fc
fa05f801e82be9f9
f9f9001812ec100d
ff0300fb0b05f5ec
162001010f08faf0
0408faf004ff00e7
f4f4030ef5eef0fe
0c02080207fb0109
0102fe08030dfe05
04fafdeb00e4ffff
07fcf6fcf6f8f2fd
10eaf0fb09f9fa05
0df4ed060a0a0c11
0b0107f809f7f007
f3dff7fafbfaf4f9
fc00030cf10bec0b
f911f9fbfd1204fa
fc0ef42521ccf006
070501f9fa0900fe
0307f3fafffb04fe
eaf1f20520ea110c
01f5051309e00b06
0d01fefaff0c17f9
fe07f9fc09f515e9
f909fb00f6fafafe
f6f802fff30cf007
fc07040ff8fff50c
01f801f0f501fbfe
0901faf5fd0df703
f50ff8fff909fdf8
f91103f7fdfff30e
fafbf7f9ed07fb0f
f010fa0feb150c05
f9f407f904dffcf9
1200050401fef700
0beafaf8fffdfa03
13f00404f7ecfd01
0508020a00f4050e
13e9fa0dfefdec0a
f6f6eefe07fef617
fb0106eef8dddd08
04e400f6fef5eb0a
ed0703f9fb11f7fa
ff000900f51906fe
0911fcec0ceef7f4
fafffb00fd0ff7fa
f920f9dff001f7f8
0ffbfcfef1010604
effafe02f51710ff
ff0bfaf8ef011707
fc13f3f7030e0cec
03e50c14f6f6fdf8
00fb04fff315f505
00fe001e18e7f9fa
03f803dbfb050ff9
111af9ddfa10fcde
0404f8eb061c09e9
f6faf80efb100223
f8fe02fb000df310
f3fcfd2a04ffee02
f5ff06f8fceedc0a
fc04faff04fa080d
070bff03f607e60a
eefe03fd04ecfc02
f200f9f9f2230309
07f3fc0f07fb1301
0d08fe0c06f9fcf1
170606010dfe04f3
03f500f2ff050df7
faf902060dea04f5
1afa011611ef01fc
07000402f4fcf801
04fafb12fcf8f201
f1010306f4fb0c09
ece20201f5f4f10a
ff0e001202f2fb12
f80910f402e4d708
0c0509f3f7e5de11
08f0fbf60202fff3
0903fd08050205e7
0af9fcfafffb06f1
19fbf7000df50e0a
04fdff0a07fb1003
1203080705fefff5
0cee03fdfae9fefb
23ed02f9f5f3fcf3
1bf505eaefee030f
0cecf2ddfcef05f4
0cf5010106030bf6
18f3fde8fb1d08ed
11fafa0201f402f6
070bf8fe0d1015f5
03f701f9f70a0003
e500e5e202e1fdf7
1af903e7f7eef904
27f000f8eff3e614
f7f4051500eef009
09f1fd0ef7f0f201
01f9011cf9f40921
f5f7fdf2f2e906f6
050dfdeef51406ed
02f8ffffffff0115
0203f9080204ef28
100cfff71a02f5fd
fbfb00050af2ff12
e1ef1107f603f9f2
f3f8f802fa00eb08
110f0df9e90e06f5
def402f3fa00fb02
ef0a02e0ef061002
160efae3e2fd33f1
ff13fc21fff4fcea
0612fc0afd1b13fc
f409f4f7f7e11cf6
ee0d0aeb00f505fb
f406f6f8f7fdf5f6
0806fef206fbf9fb
ff06f90f0c050bed
f60607fbfbf60100
f8f1fcfcf2ec12fd
10ff040af6edeee2
0a04070cfa0503fc
1912f703f4f4f9fe
0ff2fe1406f9f5fd
0703fd10fa0be6fa
ebebf91a0ff8ebf8
09fd0221f7f2fae3
13f7f90befefe204
e2e6f1fe03f4e814
02f90af0feeceb0c
e6e708e2090ff11d
06f90cf2ff14f30b
0febf5f90df6ef09
0b04060a090502fd
d8f1f1130bf0f20f
06f4f41703fe0aff
15fcfa03fff1f500
f4e0000700eddffe
fa09f9d8ff00090a
eff601f711f812fe
00ff08f3111f0216
eef9f1f8f60101fb
0916fdf0f20e01f5
fcfbfe130bd900fa
f40bfbf80f1a030f
050907f8f707060c
f4f3030307ff10df
fd1bff0ff91ff2d9
07fefffcfa1cfdfb
fe0bfa22f30804e9
fdf6f8f80eed01f2
f518fdf305fd09f4
160c05f910eb0de9
0af7f718faed0802
00f4f40703f1070a
06e708eff7e0f4ec
02e9f3f3f9e00a08
03eefaf5ebf9061a
25f302f606e8e712
edeef0fcedfde311
06020404e701f30a
f5e9f70dfcf3e01e
12ed06e705eefef6
11fbff09fb12fd01
03f6fa120efafcf7
0206f5f603f5fdf3
14f7f80bf7ee01f2
fbe6f9f3fbf4030a
fefbf4f30914fcf1
1006f3ffeb11ff05
f808010603f205f1
020303fcf9101507
01f209eef5fd06f6
0bfb0509f70126e2
fc15080fec0a02f6
02fefcfaf900f20a
04fff90df50c07fa
fc00f8fafe060bfc
ec28ffeffb020bfe
0103f70afdff0805
09f8f9f50706eafe
f8fefefffb140b05
f8f7fb0c05effeef
fc07fd0402031df2
060d04e8020d0afc
0306050502fb0703
09fa03fb0401fa05
fa04060302fcfe01
00f906fb0407fcf6
02f900f907fc05f9
03f807fd04090008
0003fe0504f407f8
fdfafefd05fe02f5
f5050006fdf709fc
01fb02f8f8fc02fc
e9f406eefa0807f3
fcfffef7fb0ff207
03120af8e8040204
f0fb04f9ed000605
e7f007f9fb1409fd
110600f6e0052cf3
fd040812f8faf9e1
120f00fdf30909e8
03f900f902f422f6
f4e9050d01ebf0eb
10f80320ec11fa13
ebfa082d04110dfd
fff603fbeefaf3db
09fd01eef5f507f7
07f9f5ff0102f8f2
f005f1190c0a03ff
fdeb0607f7fefa10
f4f2ff2df1fff1f4
fdf5f5fd0ee90500
13f5120018f50dfe
fd05000e0f0119f1
f10009fefbf1f4e9
f6fcfc03fcf70bf1
0df0fafdf0f10ef7
f71bfffa0bfa0219
fd170af71700ff16
0bf805160805051a
eafa0c06030ce0fa
f324eaf106170bf0
0103fe0f1ce4d90c
100dfdf1f70bfef9
0907fff0fbfff700
edf7fbfd07e4f907
fa05faf80cf70eff
0df6fae0071622ee
01f9ffed0ffe18f1
06e1fb1905e3f3fc
19f901fe0a05070c
f6e5fa2412f1f907
0cfcf9fbffff03ff
0d0bfa15f3fb12e2
f9f2fd0c03faf403
fc06fc1f0904ef23
f5fd0cf50a01e915
f4fefa130ef5f010
0007f8fdf808fe14
f901fc0a04fd080d
051afc0709011508
fb05030804fefeef
fb0af804f7edf4f8
f80101fe0be7fff0
0107fbfe06fcff07
00fafb0afe0308ed
f60afd090b0b12fd
f8fc0000fffbf7fe
fffbff03f800f901
07f9fd02fcf9f8fd
03fc04ff0502fafe
0306fb06020704ff
fa0504f902050206
fdfe0600fffd0202
0805fffcfa0704f8
fcfefef80407fc01
f8f1082b00e6f901
00f309290ffcfc07
f8f7fe24f8e1f9fa
fbf7010006f208f2
ea060900f2faf8f6
0ce503f3fff7f810
0ef7ee0910fbfc0b
f50907220bfefd0f
ebed07070200e11a
fd05f2f3f9fde803
e60604faf213e516
021af8f6fcf9f815
08f8fe1404f1f9ec
0c000d0a05fae6f6
09f7f10ef2f0e7fa
08f603edfbf609e6
0402f5fbf1f8fef9
1ffdff04091101f4
f0051009f20002fe
e4f80bfcf404e914
110702fc01130dfb
fce90f10fbe8f2f4
f903ffddfafff6ee
11f60205edee09fb
1811fedb02ef05e5
0b0601fefd2221eb
090afa00fe0214de
e31e0aef01020c0b
e00e0101060c2212
f527fa0204fa1a22
e40704f40afc0712
030704061406fe00
0a08fefd0bf621ea
090608f0050102e1
0afdfadffb0e25d4
1bfdf5f8faf732eb
fd01070004fcfcfe
f9faf8f90102f900
fdfc0404ff0206fc
07090004f9fbfaff
fdfc01010704fd0a
0807fdff01fd0206
06fbf806fafe00f7
fe0102fdfafdfbf8
05f9fb01fdfcfcfc
ec1e070700f5ff0a
ee08fef1f10e0b0f
fb0bfd0e14e1f417
050bf904090b02f8
f50f02edfb1101fb
fa0cfdfdfbf2ff0c
02f70608f9f1ea06
00f8f8f4f30bf0fe
0505f9fd1deaf304
f2ff01ea01fd0d0c
0101fef1ff13040b
0613fffe18e605fc
0108f51101130301
f90dfdf0ff12f6f8
f401f80306060b04
0c04010204f0f3f9
0409fa0bf0f107f3
161802ff0ff806f1
f500fbff0c15fdfb
ff0cfafcf501fa0f
f800fa0f080a0210
06f2f30ff910fb02
fafc05f80111f819
010dfb03fd011bf1
ef0cfd0701270beb
e900fafee80c0501
e303f519f6191ae2
e2f9150feff6f4fa
fbfef607f30efb0a
0607070aeff9f303
e8fafde001e6f5fb
f60ff8e6ee170cf0
00f3f8f9f4f8130d
0a20f5f7fe0204fc
1d0ff6fe00191ff3
ef0402f0feee15f4
f51302f007f10c09
f5050c11f8fe0704
0603f60408edf306
0104fc260a0500fb
f01805eb080008f5
0103fe05feff000b
f1f604fafaf7fc13
04f3faf70301fc0a
2e0afeff0d090903
fff6fc071af111f8
100c01f70df90ff9
fafd050410e40e02
05f4f71b05fef4ff
fcf402fff7050a05
00fafcf8e7ec04ef
fb1508f8f6ec0201
f7090eea08e9f925
06f9fb0f0df4f60f
faf501f8fef515e0
0909f5eafbf6fcff
0bf009e2f4020eed
f0f601e900f4ec0a
e9fff60506140311
fbf0ff02e5fafbf9
ee08fc12ef35dfdf
fd07f9fef001dced
0bf2faf8e524cdff
0de70003f8f406ee
0d070101f803f108
f7f5fff40a09e310
0feff2fe0113f603
f1fa060af815f12a
dfe7fc0df0eee4f7
f30407f4eb08f2e6
f2040ceefaf9e10d
fbf9fb03ff0feb11
f4fc13f5f4fcf5ec
e5fb080400eff910
070d09f205171600
faee04e7f806fcf9
f60302e8fe13faf7
08150ce5ffff19ff
ea200fe1ff01f3ea
f31bff0fff2009e1
f90cfef4f3f712ec
f4fb00f2f301f5f9
f3f3050af709f600
011204fbf21e2005
ec0c01f000fc0410
f1130706031109f9
fd0cfe0bec1539f6
f411fa04fe0ffe02
1e11f60dfe0f1cea
0813fefbedf616f0
0d00fe0bfaf4f4ed
eb0907f703e8f4f7
12e703fa05f803ee
12fc040af8e50000
f60c0805070b00f9
18070705f9fa09f5
fded08f1fbe4fb1b
0c0403f2ffefea08
2c05fe07f9d8ec14
f103fae408150bf5
f309f3f709201918
f621010d2cfb1efb
f914f703080809fa
f6edf6fb0f04080a
ee08f4fd09fa13fe
f90301110b0411e6
f4070205000e2309
030c04fc05ff42e4
f10610f8f9faeeec
d70803f7f1f9f211
040708e60817ff0c
eef006faf3000900
f8060febee18edf8
fd1b0cf7f80816f6
e60b10dff907f6fc
f40dfcfefb2906e6
ee1bfbeefd031f02
ef18f5f4eaf210f7
f61ffbefe7f5fbee
f1070a02fbfa03f8
0914e9f81af104fa
06070003ff000809
f803f2f4fd0803f8
cb12edf0e2f511fe
ed120002ebf8f50b
ea1cfe00e2edf0ee
07feed06f0eee502
30f6fb04fd04fe0d
0401e2fbea00070a
f218f30a0201fffe
02fbf702f8f80f02
ff16f1fefb06ecf7
1806f90121f9f503
fdfdf7fb0b17fe13
fde3fdf4ec0e020a
22e41aebfd13e92e
0a16fffadc11f002
23fb0f04edf6fef0
11080b0bfcef0ff5
06f907fa0a000209
12eaf606020ef208
f10623eafee5faf5
0af41df6f205f9f4
f1ed24f7e0f60aed
fa12f90ce8f6ed0c
0308fcfc02f80100
0a23e6f3f7eafee0
05fe0f0cfb12030c
ed0207fcf51d020e
0deb17f2e310fb1f
12f80001150df514
fdedf105f5140b0f
eaf710f2f2210afe
c312eb001a0b05e6
16fef402fefe0800
ede5090b17fe0a13
ef070007f6ff0508
000df6fc05f70400
fc040bfcf01227fb
f4ecf0f70005fe06
f506fa0bf60af303
090bf60800e2feec
e71002f0e5e500ed
0701fde5f5f50df9
1806f9f7f705f70e
010debeef2fd03eb
fe10e9f9faf0fff8
f706f804f8fcf3f4
f0fbedfc0dfa05ef
f6fbefeb14f107fd
e4fdec05f1fdff08
030d0f03150fe80b
fe24f009eee4ffe0
18fe0dfcf4ef06ec
18f605171f27fd1c
e91009fb04ffedfd
fcfe0700d81cf207
30e5180a1e18ed12
06e50ff7220efbf5
0cee1d08f9132004
05e2f5022401fc0d
1ceb0a051c0c0318
fce2e6000a111214
040ff909f302ef00
fafe080802fc0e04
12fbecf708f007e6
0004eff91e09f104
fafcea06140dfe11
ede9f2f0fc1c040b
e3021203dd0ff918
f318f8fcc7100703
df0a0702f1f309e7
12131110fdd911f9
f40ff00617e1fefc
13fd04fb17fafe00
dc0b08e5ffda01db
fcfdfcfde90a0608
f2f80cf8e4fafbf7
f1fce9ea09f70af3
f3daf7f8320e0d19
f8ecfaf6ff0e0414
ef04fff9fbfafbf3
070603faf7080503
1b0ff9f5f8fc06f6
e505eef408f910e1
fbfddaf70df9fe05
0cfae8f8f4f2f705
d00cfae9fb0cf7f0
0a05e8ffe004f609
23ef0e0413000402
dbfbd5ed0dfdfdf5
03fef9fd0e08fd08
10eedd05f304031f
e9dd0a03150d061a
ebf2f4f90f19050c
ddede4fb03340e25
ed13ee0ff701f5f4
e41c0206f7e10ff0
f103fdf4f5f3fe08
fcede9150b15fe10
fc0c06fc0f140809
f2fde8f7fb0c180f
29e901f1e7f0ec03
f1f9030f03fbec04
0b1b020104f20de6
0503fffe0f00dc05
1d07f10ff8fff80b
1ef6e70506ef09f5
0a0a0301fc09010d
f5fa0dfff705fdff
1c0104faf40df80d
02fa090a2504f8ff
f2f0f001261d0219
dcdcef00f40f0d11
fa0d030503fee6f4
f412fef6ebfb08ed
fb020dfbf2e7f8e6
fb1a040ff40509ff
f4ff0cf21609f200
eeecf804f4fef4fd
30eb0b0419f6fa0c
02010002f6faf403
fa021702faf70e03
e9f4110bddfb0f04
fc21f903e3f10bf1
fd08fb02fbfa16f8
0e08030316031809
f60907fe01f3e9f2
fd02f7f9fc11f7fa
f5f30df9f00008ef
08f800fdf820fc15
f7f709ede5080fe9
f7fe02f10d1ae90f
0d17f810f7f4fefa
ff07edf304f409fe
fa041704f81bf91c
fe0101fef110f80b
0eef0509e312f514
0cf507011bfaf3fb
e6e1f7fb251d0912
d5e4ff010428120c
0603fd0c061dfb10
ed0efffbebfaf4fe
020505fce7fff5e7
fd01060efaeb07f7
f3fc1103f505f405
0de2fb03ee0d0108
f1fbff1012130a18
0008f2f60e0207ef
dce9fb01fdfb18f0
0602f9f502ffe001
2c000401f307e90d
1defebf4f409fd0b
fff700fff60af506
03fefd00fa0c0303
11fd10fdf70df817
ddfa0a091005fcfc
ebe700031b0f021b
dbedf601f5210717
ecffe601eef4e5f6
f1fa03fd000cfe1b
1f0fe8f9fc020efe
0602e802f1fd0d02
f1f8f50710fe0500
05f3fdfbf10bfe11
f70108f620f4f7f9
eef2f804f809fcff
f9f701eef2160d10
1de203022efbee04
1f0df3f0fffff404
0df9f3f1edf7e9ef
0bfafb0f161e0c0e
01f7faf9050f1910
07fafa04e702f40a
f402e90c1cdb09f8
00f600f30706f808
02e8c602ddf3f5f9
0d0a0dfaf601f305
fe020007fff2f5f9
02f7fa0703ebeff1
f20202fbfbfcfd03
fb010002f408f7ff
0406ff06f6edf8f2
0c05f3fef4faf0fa
fe000203f5fff5f3
0b0bfeff00ed08f9
ea01ea0a14fde9f9
dafd0a08f8fa06f5
06faf2fdedeefe00
0900e9fef60af610
e91306fa05fffa04
08f4efebf412060b
230605020005f50b
0afdfe0e02fcf705
0b1303f803050ffc
12fef9ff0e14021f
fbe809030f23f91b
d4f3fcfaf227070b
f708f60bfbfb01f2
f5010b0d00040cf9
100ff9f515fe11f1
f209f3f809ff0ef9
08faff0409f4edf5
09f2ee01feeaf9f8
f2fe07080afaf7fe
07f60e04f3fd0af7
f9f40cf704fe0708
0b0413221913010c
ebfe0100121ce700
e4fcfc06ef1e010e
2be623140b07e214
08e71b0d0df9eef3
f506180107f9000d
0d08ec0deaf0e607
fcfe05fa0608f2fa
24f5e6f9f801f102
fd06e7ff0a0ff306
f1f404fc14120910
1cf1eefa00fcfa13
eefa03000e02040e
e5f5f70a0a05080c
e5e7faebfb2ef61d
d807f7edfff500ee
e800faf4f80000ea
1bf7f0edfbec0cfc
0305fef8fcf205fe
0a08f801fdeb0502
02ecfbf8e60f041b
fb00fef615f1fa00
04f8f6faff130d11
f412fbf901070505
0511f324f7fb01fc
fa11fe0c0cf805fb
ef0b03fafafe0000
0208f2120d000c10
f401ed020e080a04
fafbec01080c19fe
01f7eafff7fcfbff
0103f606ff05ff10
08f1e703fdfd0eff
0516ee09e901fd06
e906020509eef7f1
eb0df3ffeff6f406
2d080208ff060819
e80304fefa050006
f4f7f6fe091c0d0b
0efcf5ffdd08eb16
e804f8110bf9f901
241610fd04f107e8
f2ffeffbf205eb04
070bf805f600fdfa
090cedf4fff714ed
09040e18000d0811
f8fafff6ee14fc0e
25f701f3f0180a1b
1de9ea0610160517
e1eedaff00180404
f4f8ffeffc16180f
ee0a01ed1b09f7f5
23f20005ee07ed0c
f4e4030110141409
1a10030105f7fbfc
0115ff0523f0e7cf
160e0a0711ea0bea
03eb12e62beb0be7
0901fcfef8f0e8fe
0ff1ff0e0d02f10a
ed13eff8faff0dfc
12f7f5e0020c0b1b
fef1e9f6051bfb1a
e223e5efe9de0bf3
181ef5fa04f011f9
0d12edf509ef12e0
f108e2ee09d012dc
fd1ddff5f3e502f2
1a07caffece0f2f0
f007f8ec060deb05
f101f5eee01100f1
271608f4fee7e7f8
e411e1ec29e50beb
fa02f4f609fb04f5
fdf1ce05ccfff20d
0b04e1fd03efef14
2eee15f5f5f2fe05
19f6feefebfc09fc
f5f5fafff808fdf8
1117f4fef8fc14f1
2024f403f8edeef3
ec15ef0d07eefef4
04fbecfa0ef8ff0b
fbf4ec00f004f910
1b1afe05fae7fefb
fafcf4f604fc040c
fbe900f1f6180b08
03fd0e0dd2f315fb
0122fefff3ec12ea
f5fff7fd01070cf7
1a0f05f41ff10b01
12faf1f703f4ecf3
0706f2fef408edf8
ebee0e05f7fb08f6
f4011700f00ff9f3
faff15f7ecfd07e6
e5ffdeea07050bfb
f509ece7feff0604
dc02ebf4e81feb18
f111d2fa12eb0ff7
0f11e9f00fe809f3
fb0ed4ec060116e5
f30cd0d7e5dfffe2
ff14d8f8d3e8e7fd
1915cd04ebd7e7f5
12fbf410eef7ee06
0efa050310f6f802
1209edfceffc11fd
fdfef30e1011ff08
06f5f8f6ff0b0f12
06feecf9fb0b0304
051cf0000dfc09fb
fcfdf3fc0a04090f
eef7f4f1eb07110d
fd040befeafbfc11
fe0c02f5ee0607fb
f9010301e9010bf7
100ef7061bda0bf8
f6fb13f82200eef5
0effeb04f1f7fbf5
f00506effaf50bfd
0d0310f8f505fdf9
fe040ef5dff010fa
f8f403fd0b01f601
0f0800f5fbf2f4f6
070ffef5f402f2f0
fae7f606060efd0b
0500f2f80b0d0206
1207fa01fa0cf9fe
d7ff000b04f20def
00f50604f5f2ef0d
ed05ef02f5feeeff
fcfc0207f90603f8
0705fefdfef6fdfa
fd010303fc0502fb
fe00fbfb020103fa
0302060703f8f804
f707fbfa06fe00fa
f8fd070001fffb00
02fa02fafbf8ffff
fdfe10ff06fbf801
f1f505f31b160111
12fbf902f616f713
f4ec040e100b0a08
0419fb05f0f006ed
05030f0b07fa0ce6
120d0afe1ef91ae9
e608f9f915fb1fe4
fb0700ff04030608
12e8fe000602ef11
fb0e100ddcfae206
ef11f8eae0f9f7f3
160906effdeef9ea
01070cfffdff1201
f0f10efd0d15f5fd
01f912f6d9faef13
12ee1a020de9f6fb
09e8fb03f503f4ef
fafc10f2f2f91500
e01bec010806fbf7
f30102080705f705
fcfaf7ff14faff01
f923ee0104fc03fc
041706080203fdfa
f3f302f1030111fc
23f6f610f618fd25
18f8ff0404050111
fffc14e90e0c0e03
1cd80f061f1bdf25
142500f4f917f10b
1e0beefedefeedf7
e7f6f60e010d02f9
ebfcecefff031207
02e8f7ffebfae5f9
ee04e80217f104ff
faf3eff0030cf614
f2e7df03e609f7fb
f106ff0efef4f3fa
fa2500ede9e205e7
0d07f9f0f6e6fef2
0e100801030ef808
e9f3f2f9ff0cfd16
e5ee00f4dc17fd1f
15eb030e04f9fd11
11fcf804fe0ffc04
ec08f3fbfe051a04
100b02fa02ee0ff0
0f0d05fafaf6f9fe
0104f3fff804f9f4
fc0df500fe01fff7
090607010301fc05
020c06fbf0faf9f0
0bf50708ffffff06
effc04fffb05ec09
0705fdf9f80afc10
fe06f907fa04fc07
feff05faff05f7fe
fd060605fc080404
0606fffe01fbfdf8
0603ff0402fefc00
01fdfaf8f6f8fa05
06fdfc01faf9fafd
f9fafcf807f903ff
fcf9fb050002fb00
ec06ecfff7eef0f4
080cf8d9e0f305fa
200cedf5f0f4f7ef
05fff701ddf8fd04
0bf802f0080002f6
eb0205f9ee0704f3
15f8daf621e4fafc
faf100e30600fb0d
fbfbfcf0f1041406
0d01e9ef0205010d
05e902050e0af817
02fbf500e5100b11
cafcea070f06feee
f80beaf30af9090e
ff0df9ff01fcff04
e90debfefaf606f6
dd0107030afefef3
ecf8e6f7f404f3fc
cd1af8f90001feee
1509f807f5ed04f2
fffa0e0c01070a0b
000af2f90a05fffd
fc0de20602e8f5e8
faf5f90700f8fa06
f1dc0408180e070b
dbeefc0825110610
e0f2ff080901080c
1efde8f723121712
18e5e8f61b1f0c23
04e4f30101180a14
e414e300110af9f6
040de9f4ed0615fc
23f9f20105ff2214
0500d4fe0eef10f6
e7f9e6000e010af7
f6fbdff9fefc00f3
fcfd0607fdfc0103
fd0900fdfcfcff02
fcf9060507fd08f5
01fe040500fe0107
f700fcfcfc0205fa
03f9fc0306f901fc
00060706fa00fa01
0201fffffef5faff
03f6ff06fdfb0602
ffd7f1f52afa0b00
07e6f1f328071515
f0d5e9fd011e0328
f906ed020107fe0a
0d06f9020204fcf7
1c11f700fe0a07f1
fffbd2ff01fd0cff
ff0ceaf20efc0807
0000ca01ef05f205
0cdff4ff28060a04
10ddf9e61a130b17
f8daed03012bf91b
100bea03f4f7f9fa
0d08f502ed02090c
1a11f200fe040ae8
ea10ce0200e105eb
edf8e20114faf2f4
f7ffcd06f004e5fc
13fd23f8030af41c
1f1bfdffdcf4e500
0a050d03f3effdea
02f9190015f10a05
fff719fdf60cf3fc
13ec0603ec00ff16
0e0526fafcf102eb
1ff82bfbf7fff0ef
f0fa0efcedeb00e2
01faf50012f8f300
14030b06f5f3fa01
0ff9f2f008031306
0700090b051af70d
fef8f4f82703fcff
180dfbfe0002f1eb
efe40c0d180ced04
e0e50500120efe0c
e7ebf20609240f1b
f106e6e8100a15fe
00d5effb351d1a31
ebe5f2fd001c0428
f00bf0edfdfcfc08
0a11fef5f0fb0807
1a14e6fb000f05f3
f306cbfdf1f405f3
080edd030cfd03fa
1b04c3fcf3f5ec0d
ee02eaeffd131efd
f4faf2e5ff0d1209
0af6faf5041d070a
f316f2f00dde09f5
2306fae600f8fd00
02f8f7edf307fa07
f6f5e4f101e305ff
fd07e9f6fd04f70d
f10becf0f60cf103
d60e0306e70206f0
00f507fafbf7f5f5
f9f111f70609fb11
1d0911fb0af0f3f3
1a0cfbf1fff6eff3
0afcf1fdf500f9f5
f4ee1bf3ebe4eddb
f9fd1e01e8dcfbe7
200f3c11fef7f9e0
f2ee0bf0fcfcfe08
eb1505eaf403f7f1
fffffaf5e1ebf9fd
ec0e14fdede902fa
1afcf1ebf4fbf004
ebf90efcdcf4d5fb
071c0ff8e3dff2eb
1e080ff8faf1e3f2
03081904e9fcfef5
fe040bf80f0dfa06
190bf304e2f9f7f4
f4f31114ecfe0907
040a23160611fa0b
fd03fdfbef07f101
fb031c0d001400ff
15dd2f060111020c
f1001ffa0cfa0af6
f7ef1c090f0704ec
060d0b0de4f9f60a
f2fa0514f9fdfff4
ebfd050df9f10bef
1af82011f40af905
ebf50cfffe0aee02
f7001b0aff0a1a03
0eee2a0eff0c0bf7
d6081003fcf9f6ea
fee21c061c040607
e612ea01f7fdf6f4
f909edffe9f8fdf2
f4fb05fff4ff0e1b
e8f4e6ff171af51f
f60beaf7f208fa07
f704effdf80508fd
26f1e7fdf7fbf602
f5080102fdf1e0fb
ff14f006f4d303df
04040b05190011fd
27fbfaee0514fe24
24fdf203fefcea03
140c0200eff3fbe5
03000600fd0bfdfe
1c07070ff6f112fa
e500060ef2ee02f5
03f9f6030b09fe0d
fcf4f900e8f4ee07
f5050cef1f15fb00
180cf8f1eaf9ed06
fae91812f70dff0a
060f12fef1f8f8fb
09eaf4f9fe11f204
f9fe13180502ebfc
17f020fe031601ff
00010501fff8f2e7
0007190a0a07f804
07eaf5000612050a
fc00f8fc02fbe7fa
f40203f6ef05f009
fcf0f3ff03100bf9
fafdf4090afcf7f8
02ef0319f30cfd06
e9e0f7fc0b0eed08
f3dbf5db06f7f015
07fbe9d90cfeef00
0604130eecf70e00
e40cfee0f8faf0ec
f3e5df1bfd2315f1
0af9f817ff091606
f5fb02010afe060a
ebf8f800fc0b19f6
f104030c08f81601
0c0d0608140803f6
e9eeee20f70506fb
d6ec19e3faead2fa
f1fbf8ea2aeef8f3
faff01e20bcaf1f9
1312f407f2f812fd
f0f2f9f0f7fb06f9
f0fe0d07f6fd130b
ef04fef506d7f600
fbf913ed01000503
f9f5f00608dd0118
08000609fffe0d07
f90303fa04070b04
f3fdfef8fb0f1bf5
02f9fa210a1809ff
00fc0a03ff08fbfa
fe09f7f4eefaf0fc
fe0301ff05100bf9
02fa1c03060615fb
0900f428000e0b10
1af30117f3011a11
11f907f7fe010608
ff0c0f05f1fff803
05f719f118f502f0
fcff0f031becfef8
f6070a2218030c00
0604ee01d008f4f8
f8f3fbf8f4ede4fd
010fe4ee0ce7d7ef
e8f207020701e90d
eaeb0204f9faf807
fb04fefa15fffb01
f3fff200fb0a1a02
fff6e504ff01fafd
0903fe11f8fc01f4
03e306000a0e0cff
e8ec0701fd0a03fa
00e31d00fdfd05fc
f70405fa00dde801
0006000308ff1002
f70a02f708ea1bf2
0ef5fb02ff0c0502
fe050401ee0fff0d
000e0d0201f4f40c
153001f8050820e7
150915f1061d1df5
fd0820f90d052e1b
18f12e18f3ecf6f6
ea0015ddf7fbe5ed
f0e2fb05f617fef0
0bfc0915040f0a0d
fc0407010b0d0308
f4f7f8fb04100efa
000b0bf812eef6ef
fe090e140dec02f0
eaf8ea01eaed00f9
e7fff50a0b10d902
0200fcf0140209f7
fd04fdf70bd3f3f0
00fff8f903f6e70a
f80006ec02f8e4fc
fe12dff0f2f3e9fd
da17f2f506efdbf4
f9f7fff206f4f703
faf8f3edf7ee040e
f4d8010402fbf505
dcdd0ff8e80fec03
f4edfb0f0227f501
0004f40f08f5f603
f1f800faff00e6fd
f5f2010c00fff8fe
07f8ffedf6040003
f7eeea0af1f60201
f8e4fafaf40600f9
0c05e407f1d9ed0d
f9f30b0afc0407f7
f6fb01e9f7f5e8ee
20ec0813deff050e
f3fbfb0ffefd0b05
f803f223ed0cfefa
131526fa0c0416f3
07fb1a26030019fd
f8e60b1d010117fe
0bfef40d03191715
0701010afc09fd00
fff501f9edfd1efe
08fe1603021b190d
f70d0cff0f10fe00
ff00fc1401080104
0130e506e616edf6
090606e4f505f901
0702f2e20302edfb
04070e11e7df0b01
060013f7fa0622f2
f900ef05ee0824ef
07ff0806fa000300
fbfb07fb10fdf6fc
faff04f304fe14fa
15140b0efa040f00
090b1819071109fb
f506103d08020709
080e03faf8fcf60e
03040cf706fc1000
f2050deff4f516fe
0a000005fd101509
fffd0e06ed040b08
ff0a1016f5f70003
0821ecf8f901f7f2
060117def720fcfd
fbf8fe0afee9fd09
fa0aee04fc01fe01
0705f6ff090418eb
fafd0c06fc001fed
faf90c0610f30402
f4fc04e601e9ed07
f3f10c1a00f3080f
fe1ce7fff4eeecf4
0605fdedf9020704
0206fcfc04030efa
fcfe090ae7e0fc0e
00fc1bf9fc051ff9
f900fafffb0b16f1
09f0010df30afd07
edfdf7fe06feea0a
fbfefefcee000b01
0b170d09040c16ff
0aff1c0a1b181cfb
f201201f021f23fc
06fefdf709f70702
fe010fee12faf2f8
f7fc0df106e6f9fb
120dfe1a10f2fcf2
fa0703f8fffdfbfe
fd0201ee03e80007
02140cef0f0512f7
050119fa1e061103
fcf8fd1701f40c0f
f5031003e7e60a12
fafc11f1f5f10df4
fcfbe50efd140ff4
ff04ed0ff40dff0e
f0f3f50314fffa03
020cf100ef120d01
1207f61bff090a09
07fe121c15030cef
fef9002ef31e0af5
f2080205fbf51303
f2ef02f4f7f4fbf7
f5f8fafb001f08fc
fcfcff0e05150a09
00fbf10ee70c1000
f1fdf606f41308ff
f60801110913fe02
02f412fd020414fe
fdfa0d10ff08fff9
faec01f9f302fcfe
f2e2f8d0fb16e6fa
f8eff6f30a10eaf3
05fef3fd0c02f0f6
f7f006fa071f08f8
03f80bdff5f8f1fd
1104120bfc140dfc
e5e61617141f0905
f5f4052504100d15
030402f20a03feff
08f8fcf5070701f8
03fb07f4f6e3fefd
00f205fd050eee01
fe0007f205f40704
fffc14f1f7f7080b
fefa01ef0304fbf9
fb0507f60207f907
fe020902f4ff0310
f5fef6140e0f1509
0d000e0cfc0d0506
fc00fdf2f4010cfb
0af81902072911fe
0809fffff8fb01f1
fff9020bf5070201
f509e3fafe08faff
0a01fde7f004fb04
011af0f401ffed0d
f3e015e5010fedfc
f6fe12ea02f7f1f8
02f2f9ff0e08f600
0c09001207f1f5fc
fcfcfc060ef6f9f9
fbfd0c030f0ee3f5
f6e8fffb09f10408
faeeeef5f7dff6f8
fbfdf6ebfcf402f3
100402110af5edfe
08fe05ef0ff91c05
fcff0bf3faf216fd
1cfb07fe120c0a01
0110fef70506fff9
fa080e231bf4fb06
0319eaedfefff3e5
09000ecef006fef7
010910f1f8ff110d
f204fd02eae30602
fdff0ff2fcf1edfa
f9e9e315ec0718fb
f309f8fff9170c07
f5eef00905fcf4ff
edf7f1f7f322f9f1
0d0e0f1a02f80dfe
fcf8362513ff18f7
ece7eb38f20bfcf6
fc010f0f001301fb
fffafd08f6060f02
f4f1fcf6f71ceff8
fcfff80efc111003
f90dfd030bf0f2f3
faf8dd0eeb14fbf8
04f7f1f8f90eff07
fcef000ef1f101fb
08f8eafefbfaf8fa
181cf90008090df6
0c0d08fb06fe07ed
02ff0209fae70800
0a0d04010d0304ff
01030ffd0a000bf6
100001f80cee0dff
051dfcfe01ef03fd
060908f90dfa05fc
fc08f9f608eef4f5
10efe717090d2910
0d03fff906f7eb02
01fef700f5061c02
01fd0bff1807faef
05fc09f61506f800
080604eefbeeecfe
ea00d9fbf417eb06
0608f9fdfcf6e802
0513e3f50dfde108
fd0308fbf500010f
00010b05fa05130b
eff1fefaf31c20fa
fc10e811f4020b00
fbfcff02f708f1fa
f6fae60cfb07f6fb
0e2106fbf90219f7
13fa1310fd0a28fa
00ec0f13fd0d1b09
07f9e900e5f1ee00
f5f310eaf7ebf6f1
fb03f0fd00edfafb
06f811eef9e7e510
02f1f7dd0ddbf1fe
080714f310dbe600
f307f70300eaf4f3
f90d0f010bf604f3
0305f710ebe4eef9
f3d2f912f60f0106
e6e502ebf808e801
f6f3fdfcf9fcfb01
f0ffe90203f5f009
fa01effd12fff4f9
f3f3df0d000bfaf8
edd9e8f7f5f8e506
e9d4f217f8f8cc0a
f4e1d7fef5f8d3ea
f207ffe4fc050102
ebedf1eafaf80bfd
fd0511dcf6efeffb
06f1f819f2200bfb
02f40215f12818ff
f2e70e12e90b1d09
050e1708fe140208
040c0f02fa000601
f0e8190603051108
05fd00fc03fdf505
f2fb01f70510fef8
faf911eefa0401f2
08fff314fa0dfe07
fef3f9fdf9040bfb
f2f5fd1ce7250dfe
f60812f500f3fb05
f910fffcff1513f7
020123f30e041f02
0317f40a0507e9f0
fe0def00071b19f8
f8fe0ef303050cf4
f0f704fa0fcdfcfd
e5f607e816e8ec07
f8eef62101e6fb0f
fa06e8fdfdf7f3eb
fff40ae6f1fc0407
f7f8f9f9ffffff04
0fd7e709fb1c1d01
e8ebeeecf803e206
f2f9fe03ed0dec0c
09f2fc0d020911ff
f1eef1f70b0c05f9
fbe4091ffc220d00
df08eb03f40cf609
e7e2e6e303eecaff
00feede0f5eae0f4
0f171f0df3ed1804
f8070cebf8ff0eec
f5f4ef04f61f18f5
0afefaf60a08040d
f2fe0af00101020d
f4ff18f8f80815ff
020d1709150801fd
18101a090e1207f3
edff052d040b0803
fb0df7f107f7d2ee
f50c07e4190416f8
f8ff13ee0def11f0
fef011fa0aebf5f7
eeee03eef5ebe008
eff51604f3f4020c
f80105fb0ffdfaf9
05fa16e808fb0108
03fcf4e0ffe0080b
fdf4f804fcfffa07
f900f10404fdf705
f7fff2030dfbe901
0cfef001f8040906
0602feec0afdfef8
01fbfffff7fe08fe
07f0f10a03fefd04
03fdff0610f804fc
0602060f01f1f800
0afbf8080503f808
fb06f803fa03f8fd
0204fafefefe03fc
fef9f80004000207
fcfafaf800fbfc02
fafb09f903ff07fa
000001fc0502f405
fb03fafa03050504
010103f80200fe04
12ed0010f1fee3fb
fc030eecf7eafaf0
f309f1fb06efefed
06f813dd00e6ed0e
080bf6f607f00103
030113fb19f6e8f9
feff03fcfcd3f5fe
0003031c0ff7ff01
fdfcf109ecd6faff
f504f6fafcf2f70a
fcfefbf405f80df6
f8fc01ecf6e80af2
f8faed020614fd01
03fbfcf6e9ff0201
fa0c02f4ea01e607
0215ff04fffe02f4
010d27f8071a22fe
0908040ff8f80813
1c04fa1ffef30c09
0f080701fff9fd04
fdfcff0be40608f8
ff070afaf90617fe
13fdf91a0deb0307
faf5fb05f70ff900
fb03fe051206fefd
110b1efd05f0fcf1
0df1f3fa06fdfcf9
f2e2fffcf1fcfcf5
f0e9f8d90d02f0f5
f5f509ec0afefef7
13f7f3f90102fbff
f2e701f10a13fafc
030319ddebf7fff1
0403170314fc1c0e
e9eb130b16100604
eef71d2407001e0d
f304fd1102f8020e
f8f400f5ffff100d
f8fa15f6f6070f00
1208f41e15100701
0302fe05fe08f4ef
fb03f31ffa0aeff9
060afb01ff14f6ff
01ed08fb00110604
0c020908fe1e1203
fc00ff0a07fc06fe
0001ff06f505fa01
fc00fa0bfa0df6fb
0502f60efcfc0afb
03f804080702f9ff
0604ee10f805fffa
05fcf40407f8f6fe
f802010d05fe02ff
03fef9f402fcf905
050105fc020007f8
fd05f9fafa05fc04
070705feff0205fb
05fe04fcfc02fe03
fbfb07fefe0100fa
03fdfcfa01f801fa
fefffa01060103f8
04030604fafcffff
0006f60006f5f801
f10dff18f701fe03
edfbfff3fbfa04f8
fdf2ff0af020f8f9
fdfee8060808f901
05f8d818f200fc03
f2f7ea0ef20200fa
030b000b070afef7
fd0f06fa04090bfe
05f5100bf8160c03
f4f0fbedfdf901f7
e6fa09e6e8f9ebee
ecebf600fd14fef3
fd00f314f5fff909
ebedf312fd180708
f1f50208f21b03f6
fb080cfffff6070e
0205fc0309f90608
ebe70900f90ffe00
fef0f4fcf0edf107
040909fb03fceb01
fffe0cfe0900fbfe
0fee0102ebf0230c
0405fbfe0bf00905
0803f7090603fe02
160af4f704000bfb
0cf716f514fe03fd
0af5091603e50a01
19e6070607f302fc
e8e60ee7de1ee0ed
f5e30dedf606d6f6
0ef7032609f7010d
f101f906ff0c0600
f2f6f1020ef9e8fd
0f0c02eef6e7fe03
faf5e70a0de1e506
f8e0d40301f3f7fa
0606fd06fffb0602
02fe06050703f7f8
04fa00faf7f5fefb
fbff0306fdfafb01
ff06fefdfc01fef7
0608f90406fff802
fd08fa06ff000000
f806fbfd08fc0200
06fdf501f9faf406
feda0210f806fb03
dbd80cfef613eafe
efedef07f32d03fd
fc01020a08f3f0fd
faf706fd08f0eb00
fef50809fd10f4f7
02f8f2fdee0003fb
ecf0fc0cff03f5fc
f8e7eafaf2070ef1
ece4130200f9f908
e3e2f8f8f106e1f2
f1e7fb10ff1cf4fe
0107f30a08f7e6fc
f4f8ea051bf9f1f2
fafcf8080afff0f9
f9dffb00f5f9ff00
ede1f7fffbf7fafd
00e5fbfcebff06ee
e9fc0ce908e8d301
f7fce4e418f206fb
fffcf9f109d6eb01
f103060c06f6ecef
fffe08e9f6ede3f9
fbfd0ff6f1eef809
f906f9fd03e7f601
030500f001f4f509
f600020d0af40112
fa030202ebedf005
050d05eb07dd02f8
0305f302000610f7
0c0006fdf5fe0004
f2ed01090ef6fd07
ff06f5f6fafbee02
0f06020906fe07e8
ffe8270d1f1006e9
faf60205e80c0ffe
08d8faff050b1203
dce8fff9eb2ef7f8
f8effdfbfd1f19f7
f006021700f9f6f8
f3fffdf802f8eeff
efe9f50b0d06f0f2
01f6f9f1ed150b03
e8ece921f9f6f307
f9edede9090602ef
fce4fc0ff8130f04
eeecf308fb1c040c
f5f60df8f90c0100
fdebfb01f61c17fc
e9f3ebeef0f9e700
f0dff323f530fd01
f7f7f506f716ee02
f6d5f1edf0fbf6fb
f8eef2ef04f9f7ff
fceaea20f2f5ef0a
00f5e416f8f11006
030ce2fbeef0ff08
ed07f5f70702f8f3
0608f6f416d9e9f6
fe0eff0ef9f4f101
e804c50adcfad903
f9f6dcefe6fac8f4
fdf5edcdfff3d301
04ea0010fc1dfb0b
f0f7fce1f910100c
f40405edf6011709
dde2fd040e0ef4f9
f1f906e4f3f4ef02
fc000216d1fe0600
f100f6ebf814e90a
eff3f5dbea2ef50f
f6fe0de700050112
0206f90df2e0ecf8
0b06080904eaf803
0311fd05f3ee0803
0f030909f4ef0bff
effc04060bf8f20f
081dfe0502ed0501
1124f2fff0ea05ea
140d01ee1ce9fef9
081d11ff02edfc06
fe0d091bfce80003
17181a0a0bec0204
0f07f60bf1ef1cfa
f91207ec03e9f5fc
08fe070702e2fc0a
0a14fa0418e0f201
0724fefd07e907eb
18121af316ff06fc
0e0ff30007ebf1fe
0cfbfb1904071509
130f0a0a05e90206
0d0a0a12f9f208f7
f0ea0bfa081c05f7
091504f708f3fd03
1103101cf9ed1107
071ae7fdef0c1010
0306eae101ebe1ff
1420fbef08e4e4f3
f3e1f2fe0cf20400
dde6efd4fafddff1
fcf5f3f2f0fdd1f4
06f3ec0112e4dff1
f8f5f7030e04f9f2
01f5e60000efe2f9
ede514f90ef7d8fc
ece80e0f1bdeeaff
f7f7ea0004e8f101
fdf4f809fadfe9fb
f8f117fc05effb01
fd1201e9f3daf0f4
0909fdfdeadbf103
f0f0fb060aee0709
09160409f7e9f900
031f03eefae904f7
f803fd0213f704fc
010f1def00ecfefb
03fdeb101a06fb03
05eae82208fff6f2
f4eeef1e0af2f9ed
fa00ed030bef13f7
f406fafc07000ff0
0e030500edf5f3f9
03f609eefd01ecfb
0602f8e501f7e2f5
f7f8fbfc1703ffe8
f7150dff03ff05fb
07fa041121ec12fb
022b14fa0ff01a0a
ed00fbf607eff0fc
f6fe12f0fd02f414
f6030f0009f700fb
03fe00f5fcfefb04
0efae7010902ef07
0deb10fcf6f6f0fa
07edfa06dde2f604
0603dde8f22601ff
fb02f5e7e21111fd
fd02ff01060c0a17
01010105020a12f0
f8fcfb08f3f9f80d
0c07fffeff07f7ff
020ef5e60416f1fe
16d2ea17f3fbe70a
e30e07fcf6f102fc
e7f709fcfe000307
fefb0feff80603ff
07fcfef8fb05e707
06f3f7f6ff07ebfb
f0f60af6fdeeecf6
030f0901ffe71c01
fa060d16fd0702eb
f5fbfb23e307ffff
f801e1020bfa0809
21f80409121ff510
11ef0a120ee7feef
f1f8f6fbf822ff0a
fb00ecf9041e00f8
07070ef4ed110aff
f2d8e7f000fa0703
fefdffea03f6f408
1408f6fb0700f601
f90b0701040d0108
f401ff0c030f0812
07e5f3ff01f3000f
070aef09ffef0202
240605040df8f809
08020809f4f2fbfb
07fdecfcf501f708
05fef7f403f4fa09
fcfc09f20604f903
d8040df0e9f1060c
df0e02f4fa0f0c05
e5fef5f3f414fe01
fbeafcf5e707e001
fefcf6f80a02f3fd
01e5e9faf6f5e510
0b1612fbd5ee16fc
0204fb02f7fffb08
f8f40311ea06f106
f3fe17f8fdf00100
0af709f8ff000802
fc0806e904131e15
e70c05f90c0ff50d
f9fc0205f90f0415
ec0503070805fe05
07fdf2ff0009fd02
0600ddfdfa07f706
fdf9f9fbeff4f813
dffd0ef9f3f1dde6
f9eee1f9ef0ff2fa
e5fbe603f50f01dc
fefaf80509010cf8
00f8e8080d0f07f5
0101090a03f8fff2
fc00e7f7f916f6f3
e806f0ea0df6e7fc
feeeefe2f100f8f1
fef717f818fc0df8
01f612fc12f4f5f7
fffcf80208ecfdf0
fffb04061f20f306
09f3041312f7fa06
0409f70410000c0f
0d0dea0204f20900
0b0dfd0803f112f7
1b0514fe01f301fc
f1fee90413090625
f90908fa150a0801
0a07fc0f010006f6
0ffefbfdf7e506ff
18fae0fe0f07f4f0
0efff70efbe6faf8
08f3ec00000102ee
05ede52305fb02f2
f8f1f50c030df1e9
f614fce0eefc02fa
0d0519ef0b0d0a07
07041bffeafa050a
0bedfc0ef1eef7fd
15faf2f00412f0ed
fffb07fefe0cff07
0f0c18eeeed622fb
f9fe2203f9eeffe5
f80b1efbfaf811fd
f7020906e1fdfe0a
0114110210f91412
06101ffff9181a12
f7f801ecf1f9fd09
0cf012edf210f50c
eff5fcebfb07f004
0ade09000af002ee
fae4fe0905040404
fce4fa03eb08010a
e51400f7dff5080b
e40a13e2f9110901
06ff18f1e700fe0e
00e903fefb04f506
01f00cf3ff0ee400
0ee806f9ffffec0a
011806f2f3eb19fb
01fe0502fbef04f2
fbf9ee15f4fc0607
e902fbf604f202ee
ff00fc06fb0c0406
ef10fa0914ff09ed
0ff40c091220f7fd
f7f30c090d080aed
07f20002fcfef605
f80603f504fe08f0
ed0100ed0a08f617
f401f8f6f3f6f406
f909130bdef7fc15
f31009ff0e070a19
f41019fcf0140cfa
eefcfff8e9ecf10b
fbfa0bf1f307f7f6
e40306eefafced0b
17ee050dece9fce8
05f4031809010505
f3f6fe16eb070eff
f2f4f40001fcf505
02f6f2f3f8ff0b03
04e8cce8f0fef5fa
fb02fbeb0f03f813
fef9f1ef0cfdfb06
feeedafb0504fe16
eb12fff40703fbf4
f704f523e917fc08
fde4f117ec04f2fc
080c1a08f2070515
f90910fe18140f0a
080f2703f60d0e19
f209f5efefe2ff00
0702fdfbf90c0504
f70003e1fd01f701
1be0050900e605fc
08ecf3fc0b0302f0
05ebfe00fe080704
fd201403fd080806
e7fc1607eff6f408
fd07110803f20015
0c0dfefcfbfcf8fd
fb04190ff904f9fe
07fa0efaf1eb01ec
07fb030cfaf20b05
f30516050907fff1
02f60413ebf60a0c
02fa2007f5e2f321
060c030e00e80612
0213fef301f60e22
eceefffe0e08f70c
f9fafdfd0600ff02
f2f905f006ece5f5
0403fc1b0c0807fa
0df0fa210a1506ed
18ddff0dfdedeff9
0703f406f5f9fe02
031402fcfa010401
13ffff04fd0606ff
fb010901f10402ff
fd030afcfc05fa02
fa02f4020d03fe04
fb0319f7060001fd
fd050b02f1080310
01f0050af90ffe0d
f708f6eef5faf9fc
fb0b15fa02fa090d
ffff0bfcf60102fd
06f1fe01f1eff8f6
05010d02f7ff02fa
04f71407f7f40105
01111cf8f4e218fe
fa13220001e601ef
030d0312f9050403
f0e322effa06f004
f4e8fef4fa07f5eb
f7fdede7030b05f6
fbf3f7fd1d0cf70e
faf4fc181705f500
ea06ea141009021a
0802ebfc04100108
000013f802fefef2
0906fcf5fff6001d
e00d00ece1f60402
e2ff08f5fe170b09
effa16f30300fd05
07c3ecfe080ed705
04dc02021c02f10b
f6dae2f3fd0eeb16
f62511fbeadf1f00
ef1406f9fef10d03
fc0cfc04f402ff0e
03201efefaf7fd0b
f6051209f901090b
071828ff00e80f15
04fdf7f3f0f9f7fa
100301edf00605fe
05fb01effc07f8f1
fff80c0c03fd04f9
0af5ee090b100af6
f3f6080af6f80bf0
f70002ec04fbfff4
f20503f70006010e
080705f706f809ed
0c090f0efff70df2
0ef7f304f9f903f1
070021f7eaedfafe
040ff0fdfce903fb
e806000619f100f3
05fa03130ef602f0
f607fe0009f6fd02
05fcfc0dfa01f60c
fbfaf017f0fbfbf9
f5fde101fa0b0008
f909f6f10702fe05
04fe01010507fe06
f501f1fff8fcf6fc
fff8fe03fe06f302
f4faf801f80af6f3
f9fd06f9f711daed
00edfb070a00f2fc
09ed0116f2f9f4ef
01efe3fe0005fef0
0001f1f6111702f3
04fcf8eeee00f2ef
f4030ff1f4f4fe0e
fffb09fa0bfaebf5
f11d0a14040f05ee
ef0c0bf3f9f609f3
dbf20a04fe020007
ff051dfee90409f7
ff0104fefefae2f4
0afcfd060404edf1
f7f9fffcf4f2ec0a
0f0309fbf5f216f8
f3fcfe19fef307f1
fd010711ed0203f6
fb17fe11f8f71305
040808fa090a1003
08080918fb0a11fc
fd0314edfb0bf40b
fd0cf107f70a0300
050d0515f4090b0d
04eac916f80efb15
f6f5f4fb0beffe04
e800e3f80cf30803
f8040aff0c02ff06
150102080ffbf3f4
0308fe04fceb07e8
fe01f00d1afa0304
0af3ed0e14fafaff
03f90d1f11fc01ec
06fae8f81406f702
0d05eeef08e9f8f8
0903f7e40cecf6fa
03f8f4f2ff09fd1c
fa0318ea06fffe05
02090eedf4e4f712
08030a06f3ee0d01
faf52309fef8f404
fef220fbf9dbf303
ee1003fc0af3fcfe
f407fa11fafeff04
10dd0729f006e6fb
f7f8f6f21dfd0002
f5f300f011fcfd0b
f2060d020af9f709
12020211070007ff
fff40b0ffdf0f8eb
00f02704f3e1efff
040517faf5f1f6ef
ef10f80df8010405
f7e80f0ee60ce7ee
f4eff2f304f8f5f3
fb03fa1606140afb
e6fff40325fa02ec
0efd0205051606f7
f7020c0d0d01fbf4
09f2f7fdf4f4ea09
ebf8faf405f9fff8
eff4f2f8fcfff714
f3e1d9f9f7fcebf6
f400fff61b00fc06
06eee71118effceb
09f9f80c01d1ffe9
0d12fc0116060cfa
030bfd0c02f808f1
2412201404e9fcf0
f40c09f0f5060d09
151605f2f9f90bf5
191b05f409f10203
fa151903f5ff060d
03071a02f3ef080c
f71e26f8f0fa1626
02f9f2f4f904f002
ebfefef0f010f90a
0aee0af706faf206
11f8010d0a0903fd
0beaff0a05f9f507
f0f20501f4fef50a
f7f5fefc08ecfbf2
effbf003e61402fb
e201e1f7050307ef
12fdfbfb07100d02
fcfd0512010dfff5
22fceb02fc03f214
000ff7001504fcf8
01fd07eefbffe913
fbdcd30ef9ffeaf3
07f30507fe03fc05
0406ef0403f7f603
f400e4fe0702040e
faf2fb0414f50911
faf0ef0204f1fa08
0105110613e9fcf1
0007fd0001100e00
faf9f7ef09fff9eb
f1f8e805f7f100f6
01fefcff0504fb02
fc02ff0301fa05fe
f9fbf80003f9fff9
00f9fcfcfd06ff08
0406fa000009fd02
0806f902f901fdfb
fffdfbfcfe04fcf8
fe08fa0602fc08ff
020204fef8fffafe
f108ff0af307040b
0205fbff06130af2
f10e0608000b13e7
ecfa05f9000ef511
defeec0409160ff9
fb03ef13000e1015
13e1dc0ef91ceb1b
04f6e5e910fdec14
f8fbd3ef17faf619
f01a0cf9f3fa0703
e91302f5f30a0bff
fb0906f9f0f9100b
f50800fceff7ea03
05eafef1040ae604
efe408ec05f5ea03
07100a03feef11ff
020312fafcff0507
f5faf71edb040508
f9fbe7f82a220511
f3f8e4f51e06fbfd
03f818fa17e6fb01
17fc02f904f0ff01
06f703f704ecffed
05e606f9f205fbf9
02fb03f70105fb08
0efaf3ff050102fc
f202fc140319ff03
f3f01808e9f3e01c
06070013f7f6f916
f81312e0efff011e
f2f201f11d02fd09
07fb14f50a04f600
03fe17fc03d4e6f3
0afffb08020c02f5
fff20820051af4f1
02e10703e8f9ed0a
ee16f6fcf2fd02fd
f00211f30410040b
020718fef8fe0409
09eb0200fc07f505
03e8f8edfffffafe
0aee0df7f0f1f403
f50f08f4f2e21af1
e904190d01ef05f7
00040903f3f7050d
00fef6f80908f5fa
0802fd020afefd03
01f5eff911f8fb05
fef0ec0113fbfcf8
09f7f5fe0ffb0603
0001f3fc0305fdf6
f7fd0bf301fc0505
0200f6f70bfdfff9
02ffeaf81100f7fd
06fb0002fd0307f7
02fe020308fd03f9
fc05fb0207fb0506
fa03fb0105ff0007
010104f90303fdfd
fd06f902fffe02f7
f7fd01f8fc06fe01
0504f7ff04fe0102
fe05fc07fa050606
f51f02f80c000904
f404ff05f8060efa
09fc140f08ef0c0d
1207f803e6f30201
17fa0402ea05eafc
06ff0b03f7f4f7e8
1cf704faf6f40f03
fbf9f60704061405
02f81513fcf103fa
f901160f1b1b0e1f
0af51bfb09fcfaff
000d15fb00eefdf9
f20bf9f407f8fb0b
dff403fa07030c21
0509150004f1ff14
17110208fe02f7f1
07070308fa09f8fb
0d040cfff8f7fefd
f7f7fff91506fc0f
f50afeef180d1203
f6f6fd0e0b08f3fb
fef8ec00eaf4f80a
0e0f03060905f8f7
11fa081403fbfe05
17f5eafdf100f602
13f4e8fa01fef100
fa0403eb0417fef5
10f4fe0f02f501f6
1fe8f8021de0f5f1
0afde0fdf70c0bea
fcffe9fe1911001b
fe1aea090d061705
f107df180efd070e
09fde9fd13fc09ea
15e4d2f807fff6ec
17f5defd00090fed
010705fdfb06f603
fd04f6fafdfcfc03
04fafffbf8fb03ff
fbfd0000ff02fc07
070100fc0606fd00
0103fb080307f8ff
060600f90605fc02
fcfbf8fb0508f702
fd050402fc020407
06f90cfd16f907f7
00f20d04fee7f5f9
eefcf7fd11fb0af8
03edea0a1a12f80d
02f9010a1606fc0d
ef1203070ffb0703
050000ff05e50ff6
0507f7f8f8fc0af8
0fff0a0202effcf7
04f61e0308f5f900
0bf0050f14f9f6f2
faf502000ef5fb06
fc02ec0c211a011d
0207eb0b19f2000e
f203fe0710f9fe0b
faff03f70cf6fbf9
ff03fe02f3fcffef
020518fa08eaf906
0afde706ece406f6
0e0ffaebf01d12f6
0513e6f1ed140df9
fa0001fbf60a0304
010703f9ee000af2
f7fce50201faf41a
050001060cfff001
05fff300ff060108
04e1e719ee04fa0b
031b1704f6f00502
ec120ffd0a120a0c
fb071f10fa090b04
01ee02f5e8f8e9f7
11f8fdfaf306fa07
070c0205070704fa
25f60913eeef19f4
03efe702fe0ffdeb
eafd0d0ff9ff14fb
0bdd05f00705f1ee
09de05010ceaf003
f407fffb10edfbf6
fdf7fefc271dfd00
0dfe0015140301fd
ff02f9fd10faf708
ff0bf2f000f8f8fa
14ff13f804fd01f3
1702f9030309effe
01f700f611ff02f6
00ecf200fffff8f3
fef8ec130ae0fee6
03151004050e1c0e
0a080511f8ee08e2
19061a01f0e5f701
fef4fffbfff9f6fc
ff0004ee0af00a02
11ff0b030bfbeefd
f304edf7f4fce5f9
ff0100111304f2f5
03f81803fcf9eee9
0802f710f7f315f5
0e03f40dfdfe07f8
030908fefef8fafe
fdf315ecefdd00f1
fa0602d3fde4feea
f5effde0010502f0
f40b12f7e60002f6
fdf901eeed0706ff
f0fb08fcf6fcfff1
ee0614f5100d12f4
f8f9150cfd0910f7
08fa10eaf0eaf202
fb0d14eef4eff000
e70d1be5ff02fa0f
e8f217070106f30e
f9fcf507f9fafbfb
05fae8e51b0808f2
09f600fdfe03fced
f5f8fc05f1fdeefd
0bf9e9fb160d06f7
fbfce8f20309f705
0ce9e6faf8f10408
0e00cdec0a0303ff
f4fbecf30aff0af0
e814f5fff4fe05ef
fafae3ea1e2c01fa
07fa0302041500fb
faf1e9e60418ed0c
f702e4ec0009050c
f3f4d4e6032bf919
17f3e4fefe120c08
fcf9ebe70a08f6ff
e407d6f704070f07
040bfaffeff9010b
0bfcff080d08fc00
f1f41408e4fffef9
fe00ebeefbf7f101
01f9f8f314fcfaff
0a06f5f7fa08f5f7
fc03130af1df04ee
17f811de01e9fdf8
fa030002f3fe0600
0b04f31a1508f5fe
1ff3e91105f5f2f6
1dffe20207f309fe
ed06f3f22405fb10
fef6e7fc02eafd12
f70bedf806f203f7
fcfad2f71316ff05
0bfde5fb071302fd
13f9dffdfefefdf7
fef8eb0ddefaf706
00fdf8e9081904fc
15ef17f5f50801f3
ea07f5f9effb010b
fcf3f4f91418f9f7
f2f8e0ed04fc0402
19e8f7fcf402fdfb
ffeeddedfd000a08
fcffddea0b10f30f
edf8fc0403ea06f3
080712000ff812f7
0f01010111fcefe8
fbeffbfb00ff1207
f5fa0605fafef3f5
00f8ffec10fd02f0
0fede6f200dcf008
ffdf000feee601f6
ddf401f2f1e4f408
1fe7f70402f6defe
ffe40b180f01e9fc
0ded10fbf4e20ffd
02fff2fee81011fa
fafb10fbf1fc0df3
ffefedf3f000e407
000f050cf50322fb
fc0ae301fefe1c06
0bf2050000dde4f8
01e60a1303f5d205
f3f120fefd0100ff
ee00f707e6000423
ee10011200110ef9
f3fe04110af600ff
ff02ec060506f803
e4f2090101fe03fb
fef2f9160b0bfef7
06faf80c1205eaf9
13ffeaf3f4f9f1ef
f1ff090902f602fa
f5edef07f4e3e00d
f903fb0b02030dfb
fffefa1600fa0900
070bf00ffcf9ee04
e90506040201f405
e50c05fd0aebf40b
16f3e4f91019f8e0
ed27efedf8f708f7
fcfa05f3fdef1bf3
faf107f20908ebe1
15ea04f6fa062215
0414f80806061007
06f3080f13ef12ea
071cebf3faff0100
fefcf2e5ed040912
f4e7e5f0f1fe1e06
06fafd0007edfb04
04fbff0c06ea04f8
1102fc1701f7eaf4
fdfb02f508e60901
fd0517fcf60b1afb
000811f0060c04f2
03f701e8fdf307fb
02f4fce9fff7f400
fcfb08eef304fd03
1bf4f000f2040003
eb0105fdf001fc09
f3f8fd14f1f6fe1e
f6f7f809f90007ee
faf7021206f20bf9
180ef524f90cf203
ec020413ff0f1406
f405070cf117f6f6
1b09e4fef210fff4
0d070712fd13e1f8
0aee030c0001e607
ffe622f9f4e70316
0817f4fbef10fbf5
f5f3050302fef0fd
0cf8e8f2fbf40413
0dfe010cfaf82704
f5f8e9f601fa1908
1eeef7fefff7f3f7
05e7e30ef213e3fd
ea05fa04f6fd1300
0903f31a02fa0902
fc0a0a21fafa1807
edf90a0bf8070102
f202f70209fbff08
f5f8fdee01eb1904
00f4e906f8fef9fd
ecf0f901fe05e500
f4f80418f603fc01
03e1f310f8eee7fc
00f5001007f906f3
ea0eff03000f1608
10010efd0610f9fb
0cfa01100bf01003
f70206fafbfe02f7
f1f200fdf503f402
f2f708eb06f50302
f522f70d02e114f7
f7f6f5ff02f3f1e0
eff0f52a12f2f8f7
fe0ae5f4f2f1df00
f80d010cf60dfdf8
f3f201f90905e4ee
010feee5fcf9fff3
e50904e211f0fa02
f9fff7e0120004f7
f807e2ecdcfffff1
fa0800edec060af6
08f8f7eefcf8fcfa
091606f50a07ffff
e9fe0001020e0e0b
fd00e4f904fd0b02
fa10fb0ff514ff13
f70a09f5f4fcef0d
0ff20415ef0df314
180d05ebff02e2f9
f1fa0bf3051cea00
ecf00703f9f2fa15
fafff80df00aebf7
03020504f7030401
01fae7f6ee08fa08
f81d11f60318180a
f318fce00e0d0909
1408e8edff06ef05
0100dcf6eff500fb
f90906faf90309f9
f4fbf1fceafcd813
0108fdf804ff08ef
02fd010200ff0c01
1004f21bfc03f3f7
ec03ff1eee15ff10
fbf712fcf808e50d
0cf2f1fff726f602
04f2e7fff011df00
fa0524e4fef91207
0209fdfbfcf0fef9
fbf4190bff102ffd
f6ee0909fef704f9
03fff701fbfdeafd
ee090dfcfcedf700
080b0504f3fafcfc
09f4f3f6f108f4fb
2f09f1eb0106e5f8
f7fa03f7f60af809
f0f3050cf500fb0c
04fdf704edfee801
06f50f1601f403fc
f5f1f30bf3020106
f21c15f307171a0c
f9140edc0a060e09
1701e9f80910e5f6
e9f80c04f60e0c02
03f904fdf2f7fb03
05faf4f7ed08fa17
e706170e00060501
0b05f70f03fafee9
0df7e4070908fef9
f8ff00efff0307f3
01f1fafd111603f5
f1fe00e0fbfefbe3
340ef8f611f5e2ef
f2fe05070b0ff3fc
f6ff091402f8f10b
0506f6fcebfeedee
f2f91219f6f9faf9
eaf4ecf2e2f8fd09
021a12e5072217f5
f10bfde51107faf9
00feedf409ffe1ff
060af0ecf8e8f6f4
04f108010904fbf3
0cf70516ffd8f209
0f00fefcf6f1fbf7
eff20701f4fc0d02
04fafa00fcf8f6fc
fef905fa010e0510
0106fff202e6fcff
0bf5f5f40d00fdea
09eefc0b0cd8f4f9
14e71e3009ecf4f2
23ef0d23e9ecfb15
f0051507f41719fe
fef901fdfcf10e03
0cf0f1ebed12fa0c
fd13fae00c0c23f2
eeedfa0a21ee25ee
f1f2f5ca28f407f8
fafa09f9fd031302
01fa10f7fcff0603
000402fe03f70400
04f40cfdfdfb090c
0df8f70007f2f904
25f808fe0008eb03
fcf407fefaff03ff
05f90104fdf9fdfa
0d00fcf7fd0af804
fefee9eaecfd00ed
f80a07e6f80801f1
09fff8edf2f3eaff
fa02fcf3060a0403
f2fe0700050604ff
fd01f7fb07f80eff
fc03fb1ffb08fb1a
fd160109f0fee904
0efa0211fd10fcfd
05e30716f015f0fe
00f70e0afcf5fdf8
0600110201fa2106
fd1100ff010d0202
06fd16ef060805ff
12fded0606e61a05
05f2faf70102190e
f0f0f61202f4ff06
08f616defbf2f716
fff5dff1e30c0704
ec09fdf5f904fb12
fdf6f3fdf6f9ea05
0a090ffe0c1627ee
fefd080afbf80103
1403ff22f5f5fb01
f102092ef20f0aff
01070d05fc04e9e9
1df4e900ec1f0ef2
09f7fbf202f1eef4
02f306080101ebee
f0ee061507d60010
1706f706eb06fcfc
f0e91801f20403f8
faf9e8fcf5f5f414
ff0005f0051b0ff9
e90ef9d40cf70404
01faf3f206e9effe
0912e0feed0506ed
f101ede5f7fd01fe
f50002fefbf3ec01
f5f8000905eff4f3
f0040a0a08fe02f4
ee01fb0502f205f5
01fb0413ff0dfe08
f70810f8fe0afafb
ecfeff0a121203f7
fd08f6f900f905f2
f00e0afffc0106fd
0d0901000bff0103
f609f4f2f510250e
fd03f7f6fe061005
f7f9fefb040d0805
f91cede30dfe200a
fe01f0e9fe00180a
f4f0f9e902fb0e11
16fceaf0f9ff26ed
f80dfbfcfdfdfdf7
1a0810de1001fcf7
0501fb0af8fe06ff
f6f609fe01032702
090cf00400f409fb
14feff19fcff0409
fb07ece802030603
fcf9f22bf5fa170d
21f8f4f9f50adbff
f803fb0afb08f903
f5f2fd03f3fcff0e
0305f516f4f9f2e4
f3f11008080007fb
fd02ed1e04f7030e
ee0a120200221413
f90417e2f7fbfc05
07fef1f4fc12e103
ff0905f1fdfaf3ff
f2f70ffb0a03e7fb
03fa111318e5fdf8
1902eb04ff0001f7
f604fe1408100705
0801011e0cf31012
030106f10c1a0ef8
f00002fa0df40d0f
0107f0dafffff609
f00409faffeff3f1
0ce6fbfd07f3fcf1
0cfa0af60deaedf2
01fe09ff100319fe
f4070d05021208ea
faf103fb1bff06fb
0001f9dffbede808
f0ed0ee9fd0afcfc
d0f714f2f5fa021a
f01104eb00f41af9
0ffd080202e70af6
fdf3eff3f301e50f
ff00fde8fef20bea
0e05fdeb11f707ef
06f50de4fc05d7ea
080ff405e705f1f9
04fd0d200415e701
05f401f9260501eb
10fdf2eb030b09f0
020202f7f3f2fa08
08f9fff3ee06ea09
fe0108f4fdf611ee
f3f5fff000fa13ee
fcf002ea0605f9f0
0702030afcedeb13
0ef606fe0707fcf7
05fcf8081c1003df
ee060217f412e6fc
f4071ee610000dfa
06ffeefffcedf7f9
e9ec111307042007
fcf104eb14f6fcfd
05fcfc0d01faec07
e20c02fbf6f3f600
0602fdf9fefc05fd
07fdf2eef103e8fd
e202f9f0f6e2faf2
00f814fa08f20af4
17fafee60aebf1e9
fef901e20cf51f01
fffd02f81de8fdf8
f9fcfafe1aee0cfc
fff2dce9ffe8f303
f6defceef2ecf00a
e1f4fbeff9f2f712
17edfcedfcf6f8f1
02ef0ef506fcfc03
f5f9050cf2e6110a
1203eefbeb0f0bff
fbf70905f80309fe
fcf1e2fef6f4f712
fd1010ee052125f8
fb08f0e901051204
09f5f2f30df2f005
eafe1308f813e408
fefb12fa07f10bfd
04f7ee1af6faed13
f9f10c1e03fe0b02
00f1f6fa12f20104
12030c0910eff200
f6f505f7fef5f7f5
fefc0bfb0603fffa
fbfef9e415f2f9f8
03f30906fbdaf5f8
0df5140e060205f7
13fc070ff1f8f9fe
f00705fdff050ff6
f4030402f90afafe
01f7ebe4f904fe08
02fffceafffafff3
f7f603ef05f708fe
f801fef308f3f5f6
01fef801ff010606
03f9fafb01f901fe
03fefd0afefafa04
fff80604ff00fafe
fc050906f904fefb
fb050402fc000701
fbfa01fffcf5ff01
02fe06f805f9f9f4
03010100020108fb
f4040cf2fe01f402
efee04fefa13f100
07f811ff0ce820f5
1bfc0112f9040a01
ed0e1224fe0afcfe
fef4ff1a01fd1a12
0a03efe6010316f3
eff9edef04f627f7
04f8dde50beef106
03f4ee0bf9f41003
fffd0f00f5f2eef9
f5fff610f2dde517
1301faeffbee0af3
0efff805f3f404f6
0cfdf40deeffe0f9
e9fd0616f508fd08
fd05f81500fef1f9
17faecf9020defee
0121e2e3f7191cfd
020dfaee0208faf4
f1f1feddfbfbe4f3
0dfefc01fde7ebec
f3fc1008f4fc0aef
17feecf410f8f8ef
14f6fe12fa11fb0a
040d0b06fc02f9fe
fe00f1080413faff
15e1020f0adffcec
07ee301112ec02fb
27ff040be3ea0307
e80c12e4eb0c1ff5
faeb1be1fbf20dfc
0ffcf1d8f10bef0f
fef5fde70bfc23f9
08f0ebed1edd0cfc
fafc03d31efdf4ff
020cdfe3faf2fee9
eb090fe9f4f0f9f9
02f5ec05f8fde708
eb010708fe0513f2
01fdfc05f5f40204
05fbf20dfa01f3ef
f0010110f9edf003
01030f01f4fded07
06f4eb03f92500eb
fdf9f605f3f50d04
03fe06fa0bff0402
0cf908fef403fa03
f4fd1300fbfd0aec
00fffcfafdf705f5
fd06fdeffe05f907
02f70612f8ff0500
0bfffb0400fbfeff
ff0200f7f70705f9
fa0705fefaf800fb
02fc06f8070406fe
f7fb0107fdf9f6f9
0204fa0205060102
030101fcf80707fd
02fbfcfcff0102fe
0505040008fa05f9
ff0600040707faf8
fe0703f8fb02f809
f801e4e7fcd2fdfd
f5fe07fffdf9f7fe
0cf2f015fee6dbff
10fffef407e6eaf2
eaf90c10f8030b09
01f8f50c0b0afbf1
030d00f20321f815
fd02faef0cfcf4ff
f7fbfefc0822f3fd
0dfc1ee204f508f5
fce204160008ebf3
07f9121008060af5
0ffbedf3f10013f9
05fffffdf0ff02ed
fbe8eafdede5f8fa
100af1e5fef607fd
fcf5f4faf70624f5
f0fa0af108e4f706
12050106fff61100
f811fe0e000e0007
03fb060b1008f3f2
f6e4e7e705e2faf9
fe0611ee00030cff
f0fafd04faed040c
02080df101fa10f4
fbfffae8ffed1209
0514fcedf0fa08fb
f20ffb0efb11f304
fde9f721fa04caf7
04f20a020efbfffc
fc0deefffd0818f8
f9fcfefd0600f0f4
f3f5f4f903fcfa05
f4fe00ee08f5220c
f7f4f3f302001bfd
faea050fffe3eb12
fdfbfc05f8fef404
03fdfdfafafa0700
070204fa02fc01ff
05fbfcfbfa0409fd
0605fe04fd0afa07
fc0204fafb02fffe
fb0703fb03fb01fb
010008060107ff06
fefdfffc01fafcfb
fa0d041cf718efff
10dcff040700def6
03f80005f9f705f7
01101203ff1209fd
07040e020b0bfff3
fcf801ff08fa11fd
fe10fcf5fe0f02f9
edec14ef04fb0c06
f0fcf8e2f8fcf20e
05fdf805f4fee402
09de04030efdfaf7
05f5fdf1020110ec
01fc0c06010413f6
fdfd0f0905190cf3
fbfbf6fd050a1af5
0100f3e6f3e805f6
f8ed07f70809fcfa
e301fed3f1f0fc0e
00e60b0cf805eb00
f2f409fcf8ff0210
fcfde911fef10810
02f31115f9061407
fef80c1dfffff8fa
11fdf607020fe714
e6fc0a0b0bf801ef
fafc01140efae7f9
0dfaf9060df8f0ed
21eff3fbfbf7e40a
fe090b0c010ef6f5
f0fe0e2310f6f913
060d0412020afaf1
f2f511fff4ff0a10
090af22bf2080512
f4f712e8071c0f05
e31c10d70ee6ff06
150200da0b06f019
f008fd10fc0c08fb
f6f0f7ff01f6fafc
fefc09e3fd0600f5
f002f800000bfbfa
0bfa0805180e02f8
f7f501ff0ced05ff
0cf0000af3fefd02
e6f506f6f30efa05
ebff0cf5ffe2010a
ee04eaf6fb1002f6
eff7fdeaf7ee0ef8
fbf3fdff05f7eff6
07e303ff00ea06f9
00f40cfe09e7f2f7
fefb0b0509f7f0f1
f8f0020efbeff812
faf40906eef7f1fd
e1f4f7ed0007f4f5
0ffe00f9eef9f3f7
ee01fdf602e216f6
0400f80709f3eff8
0afd1000041117ff
f706fdf7fa120dfa
090213ec1106fbec
e5faff2f03f8131f
06020119eceac516
18f80a3fe00df20c
1d07eaf7f20cedf3
0a0302d3faf40d05
1201fdf00003fc05
ffda0efe02061700
ecee061607f0f602
0af90b03f3ffeaf0
fe06ff02eae7f606
13010116f70e03f3
0bf70a0ffdf9f4fc
140d09f2f707fff9
ed0cfc05ee15f107
f80bfd040321ed01
05fffbfaff1207f8
05f90402fb04f8fb
fb08fc08f0110aff
f325150b0a2217ee
f4170605020514fe
0610f6feec0707fb
0df6fd04ed1f00ff
0b21f308f71bf9f9
fd03fbfa0808fcf7
ff020c1cf61af507
fb0e0705f817effe
1008f519f1081b09
fa1d100c082e2600
f82501fafa181705
16fff1f6f3fff50f
07f802e3fce407f4
fb2613f102160cfb
1704f5f30c0decf5
f5ef01e0fb04040c
0419fef4fcf1f804
f4ffefe0f90b13ee
f414e5f40b011201
00fff7eef91aed14
fdfcf1f2f9f3eb21
eee109000feb04f5
feda051c10e7e2fd
10f415fc08fbf206
f7f6190af8081405
fc0108060b0dff01
10f601fbf914060d
05f4fffafcea03f3
f5f3f71910f61eff
f4f2ee020df718f3
161002e3ff020603
ebf309efe80ef5f9
e9fe03fb111feaf5
fbf403fffd08fbfb
0007fbfbfef9ebfe
000f0902f909f604
00110716fe18fef2
fb1003fdff0cfef9
0a0fff1cee0f1c09
db1b0cedf903dc09
ee010a0ff3f7fb1d
f5fe1710fcd60223
fb0207f7e500fa07
000200ffe61403dd
f912fcf8f3fdf9f2
f3f80714f5efe706
feda091c032100fb
04f40b1600f7f9db
0b08f1f6100cff25
1e16eaff14f2f700
0413f4080b27f5ea
fbfd100df7fdf400
0def0a12f6f4051b
09ff21f5ecfaf408
ec13f2d8191cf7fd
fc06f3f3edee00dd
f710eaf7fc0aeb01
10f5fc1a0406f6e4
12e7fd0a041110e3
1ceb071700ef0cf7
0efa02fafe100b07
e5fa07fcf9f81401
0df3fd0805fa0b01
13f002250101fffd
0af10703191717f9
f20ff8fe040702e5
11e50513f3040c03
0efcf212fd03fcf9
11edfe0be615f8ed
eb1cfe01fd0e0a04
f10301f9fb0e0aff
0df6f1020502f504
0106e8e61511faf5
0a0bf5f2fdfdf103
ec2301e6fc0b03fa
e906f4fc03dffceb
01f8f2f000e8fc25
fc02f50600edea16
faf6fbe0fbeaf10f
0decf5fa07f4ff04
f2f9030207e8e80f
0b06fd0009e80bd7
ffebff00fddee62b
14d8fa16f1db0bf9
fcfb0212fffc04fb
0dfcf20ee6fb09f8
0afdf803fcfb0c06
f712000ffaf6f405
ffeef9fb02fcff05
07e8070202fafe0e
0205fd04f7feff04
0004090709f6fbf6
fbf007f7f7f2f701
f6e50215f0fefefa
10f7fa16ee0a02fc
0becf9121006f00c
fa0ffd070306160c
e00511030e01fa0e
0af1fc0b0a02fb04
1be7dffc21fc0cec
f70cfd05fc181005
ff0bfe1d061a06ef
f4f5f0f825fcfe26
1507e8f119e1ec03
140bed06171af3f3
0400f5feed07f90e
f11201fdf6ef0006
f5050afdedfa0afe
f607fbf807fe160b
00f9010deaed03f8
faf7fffafaedf6f8
cc0910f800ffe7f2
e9ec080005fe04f8
e90516fef3eb1419
000206f7ed01050a
030500f5fbe81208
1108f7fc10f506ff
100bfb091708feea
18ed1616f91009f0
f3fa050608160901
f21006e80ef1fe01
ef0a02f704e6fa01
f6f805ee15fb00f2
08ff09f0f2f0f405
ff0506fb0cf8fdfb
090e0feef9ee0013
ef1a03fd070b0103
15fb02ffeef5fb04
0ffe0711f419f6fc
0dd70aeeffed19e6
1cfd01eb08ee05f7
10f7f707fbf1f808
ec1106e8dbeaf7f3
fff208f5fe0b0910
09fd02f1e6e6fdeb
f7e3eeeb03ec11cf
f11506c9faec0dde
f9fd02eef8f4f6f3
f5070a0de8030514
06f80011f1f6ff1a
16f71024fe22f509
03fde7000aee0cf6
f501feee0cfcff04
fb07f816faf0f5db
1a00f0f3210303eb
efe9f922ebfcfb1c
05e80121f70f0618
14f0ef170cff1d07
1b09ebff12040d14
100ad824ff27e9fe
f6ee1318ff040df8
00e3120401fc0409
09ed17160304f204
e80af4ca060c15e7
e419f5e3f9f4fdf3
df15f2eef206ee0a
15f5093be7fc0df2
fbf90a03f60af905
15e30f16e715f901
f514f8fdf6fc0906
e10405f80c06f822
f9ebf50f10f4f517
2cf2f0041bef0bf4
f608fd1110fef225
f1170411fcf9fc05
e50beb1601fcf502
f0f20f0a0104f909
f90c0d01fdf20200
0defe8fff7090e17
eefefce211050af1
0103faed0df700ea
020efc0a0dfbf4fd
06e0fe1607090c1e
0efe0b180305ffe9
06fcf814fc0c14fd
27fae8f804ff0a01
1500e40a091ff7f8
f119fc0604fd10f5
f3f31af70402fc10
13fa0efd100e0200
f802ddd0060208e8
e40de9defcf5f1f3
da17ebd9ea09fe0a
15e3fef908e806f2
060002f3fafdfdeb
f2ebf30affe2faee
f0070df5f61cfd0c
f5fb0f0204fdfb02
0be7f015faf3fb13
f902fde91bfcf9fc
000df9e9110108f4
ef1bfdec08edfee4
03f9f21115fd0f09
280aeff416fe0a1d
0b07e8081a1ef40d
f30d121def0505f5
01f220fffbfc0612
11ff1d1cee15fd03
ea16f0db03f803e5
e40decf3fd07f8f4
db0ee8f0eb0af809
14fdf30cf4100908
0afbf80f13fefe06
1a0af2faf32005f6
f210f307010a0301
fb0c07faf0fa0318
020a09090310f6ff
0508f2f60c07fcf5
f3f1fc04f800f203
f817fbf6fe02f801
18f9f20cf9ebfd03
f80df1f80e00f7f1
0600f529ede503f1
fb011c0b080f06fc
f6f611ece604ec0d
f6e81ffdeafbfef6
0807fdea04f5e9f7
f70bf1d9f614efef
090de8eaf1f5f9e5
07f1000604f309f7
0106f8f7fe120bf5
f6f9ec0306f001fd
f6010804f6fcfbfb
0102060909fffa08
00f809060ef6fd1a
12fe00fef6fdfe06
fd090203fa120009
0ef9030ffdf8f310
f7fe0411e91609f7
0802fcfeeaf40010
06fc0b17f61df6f1
12fcf002fef6ef02
fbf6f706f304fd0a
000c0811fefaf50a
1604fdf4070a0bf5
f0ecf30beefcf322
0407f605031c0905
f0fa00f90feded0c
02f9fb041af9f1f1
e6ff02f812f7f909
f8f80bfa05fafb07
e60308f6f8e805ff
150a12fbf5e20312
f8f7061004fbfbff
07ff1102fe060cf7
0805fc09ecf1ffef
f8db0723e10df802
12eff8fdf403fe12
0de7180cff05e30c
e70affe620ef0e02
dd0d10e41df710ff
ef01f4f40fecfb15
24eaee14220b0703
0405f00803fef918
f1f30b23ed1d0302
11fef7ff13fd0006
1cf9fd011af7ff10
1b0be80a0817ff01
f00f0113ef0a03f8
fafa0c06f7ecfb15
0601160fe307f707
f611f1e5080500f9
ed0afafaf3f3f6e4
f01febe3e006f5fc
df170d02ea0dfbfd
fc040001eaecf6f7
04fa0c01f1fef916
030bf1f4fdf5fa0f
02faf30b0606fffd
0d070611f50ff7f4
f902fdfffafe14f0
fef300f6ede6f116
140df2eaff0cff22
f7fdfcf202eef506
f4010401f9e50109
0bfe02fdf4f1f80c
03fc06f7fcfef1ff
00f1030406fdf002
00f8ff04ffe6fdf5
1a0104e61df5f6f5
08fafc0a0cf2fa0a
06fbf40e05f8f7fb
e7080cf5ec08f10f
f303f7fbecea031c
d8f5f1fdfcf5f61c
0df2f7fcfc030800
e90004fe04f4f8f8
fe09000f0efb07ff
1113fef01509fb03
f700f8fa01f2f813
1507f6f707010807
00fdfa0ef7fd06ff
0cfefb0a0d010301
16f9fe010023ee01
f517fafa15020501
e90d03f203050406
15f5f711fa06fb07
0601e1ef180402fa
ea0df0e718faf3fb
ef12fff2f810fa08
f70506e825e20dee
10f0fc0c14f3ff05
fb1ff8f91bee020b
0ce71809ebf6f90e
05f907f701f51105
05fc0301fef40902
0c02f707f8e910dc
020208ff04f602f9
01fd03f2eec9fb01
f0190a0310e5ef02
f2010ffeffedfbf8
fe0b08fb04e10704
050205f6e3ede704
14050bf7fae4fc00
080817e5fbe6f715
0014120afae5fefe
180415ecfee6ee02
23fe03faf0dde6ff
15f51019dffd08f7
f4feff07ea0604ff
0bdb1d1adaf7fdfd
021f10faedf7ef09
0b04031fecf9f61c
00f0f812f80aec09
0ddf0d0908f4fb05
08fa03f3060c051e
f71af9ec0be7f3f1
07f6f60cdd1a0304
fff50c08f70bf7f5
11010809e218f6f0
0818f80402fdef16
06000d0cecf5f205
0a03ff0c001702f4
faf3f9071f06eb12
fbedf4f019f0fffc
f8060401132204fa
f2fe0011090506fe
e500fb07f20203fb
f7051805f6ea0609
0feef3edf5fd0ffc
03f7f1f505fe0dec
02fbfee5f3f5fcf2
ff01fb120707f9ea
fde40c19ff080a07
14fd0221fbfbfde7
e61c0cefe9dde902
e90209fcfee501f6
f70d0ff2f1e3f905
091c00ebf6efec03
0411fa10f3fcf50d
f31d04f9e7eaf611
0e0ffd09fee9f807
08fe06faebd6fb04
0c01070cf2def6fd
2002fcfe05f3f327
1702f1120ef4f412
201af60e031af0f2
ff0b0720ee010310
f7fe10f0fffaff12
05061006ecfff8f8
030efaec0cfeec1a
fb12f200eeef04f5
f311fd010005ec0e
faf508080afaf6f6
f5e90a19fcf7fbfd
f2f41af7fce1ff24
0dfb0203fde810ff
ff06f9f7fe070cf7
0f01fa00f9ee010b
0ffb071ff5f7f5ea
1af3051bf5fd001d
1113021cf2e3f8ee
0a01f002fefafc02
fd0cff11fd05fe13
0304050506f10511
060901ec010d04fa
fbf211f1fdfbfcef
0002fb00ee09fcfd
f7050c000cfaf3ff
fbf40ff10b12fb0c
fa0afae8fefcf5ef
fffe00000105fcfd
05fb050001020805
fcfc04fb03040801
0807fd08080607f7
faf90102f9fbfc04
050206fcfa0601fb
fd0608010809f903
05030007fa0400ff
040208fd05080afa
fe0900e11de3f9f3
fb08f9f81f07fe05
030cf50316e70406
f5ee0b07fbe8fc26
040804e0f5ef1603
110c06f609f00f01
04ed040eede515f3
040817eefdfb06f6
12fcff05eedc09f1
0ad7040d051205ea
02f3fb0a02190ef7
0df3fe01e505f7f6
eb1a0007f00c10ff
f804041201001723
f9f0f61b0e1eff0b
1800fc061a09feec
0d05efff061f0b0f
041f0909eafd0904
06faf508e3fff90f
09f3f50ae4f00703
fb0ee903f506ecfa
ff02020b0afefef6
09fdf904030505fe
0209f91809ecfff7
eff0f6f90cf6fd01
f4f4f8f50cecf50c
000cfb00f6fbfa0a
1c02f42002fe0010
00f3f5fd08effff9
0beff726ed02fc03
f215130bfa09fa11
f60714f7f8fff011
f7e11210f706f8fa
f8f6feef000dfaff
f60ff0e308fcf2e9
fd0ee8d6030ef8f6
f7fbfa24dd100efb
02f30400f603f404
0cf4031fe81ef006
f715fcf00308000c
f5fe0408030cfcf6
f8fc060a0c0af8ff
060aed04200bf7fe
05f2f2fcfbf5f916
f908f601fc230500
fd03f810f80ff50c
f607f70901020209
f5f806fffdf901f4
faf900f5fdfb01f5
fe0bfbf8fdf403ff
ecfbfcf7fcedfdff
f6f7faf0000103f2
f7fb0308070afef8
faeffb04f9fef9fb
fafd0401010502fc
f701fbfbff0504fd
faf90300fffd00fe
ff0405fb0000fbfe
fc0700fcfc0502fd
fcf8fb0507f8fbfb
0001020309fc0100
f7020203fb0003f9
f902f8fe00f50004
07fefe0fe00410f1
16e9e60a0003fdf8
0c0ff60aef050bed
f5110316f9fefe02
08f60302f8020c16
f2fa060b030f060a
100dfafe0aeef7f1
fdf7fdf7050d04f5
061c03f006f2fefe
1cf804ea09e2e91b
fefbfcf515f40420
00f6f30f1ffdedf9
e5190b04e7fef81b
0008fc03e1e8fe12
080f0ff6e40cf702
f5e6f7010febfd20
fef201fbea050506
0afaed15fd0b05f4
f6001bfd06ed09fd
18f10300fcf4120b
0108f9ea12f70018
fe08020101f6ed09
0306fbf4f3e7fc02
1804f207f8f10615
e7fffceaeaf422ea
e70dfff520f408f1
e4f0030004defd0d
010300e713e0f60f
fa1ef3ed1cf1f7fa
04f9ed052aecfde4
f8ec16e3f9efedfb
050106f5f6dc03ed
ff150df8d9d7fbee
eafb05f60ffcf80d
e8fdfe00e20114dc
0bedebf1fcf207dd
05fd05f705fd0900
f9000600fdf907ff
fa04fc030002fcf8
fd0702fd0402fc01
06050303ff03ff02
050000ff06f809f8
030302f9fdfa05f5
0cfbfdfcff0a06ff
06fafc04070303fc
eb11f109fde00813
e11307f910e1e706
08faf9fa1af8faf3
07fa06f304f6f804
f5fbfef008ecfffc
01fa1305f3e1fa03
fe0cf8fbeff40c14
0e0706f3f3f6f803
12fdfdf7e804ee03
ed09f30100e5ea0f
e708f5fd15e5fefc
edf7e5fe05f2faf6
0f0109eeebf6fafa
f4ff04dcfedf01fa
05f91af3e6e2f600
fe000b06ecfbf314
02ff01ecfafef3ea
07f6fcf8ef0ef0eb
01f7ff110c0906df
15e703fef51b09cb
f7f7fd0ffcf305f0
00f30404000c0d09
f702020307f20a05
fef4ff1202050701
0c0004ff0bfef9f3
0ef8fe050f1e19e9
f6fc0a09f10505f9
fbebfb0303f2ffff
14e6f4030bf60c08
1212eb060a11fe10
f805021205040d10
fbf7ffe805f9f80e
12eb0dfe0d05100d
0208eded0cf91ee1
f009f3fafaf9f5f6
ee03f0f3e4f901f4
e205fdf7fde4f007
f102f4ed00e2fcfb
02f60df6fc02fcfc
090202ed09e2ebfa
0f0302f00ef5fef2
0c011500f6f308fe
ea05070ff9fb0a07
01fefc03f2ec0314
27f7fb0ceaf4f61c
ed16fcedeef8f601
ef0103feea02f7e5
0def10f5f9f10410
0311f7f4ecf1f40b
0111fdff000a03e4
0717f9fff20204ff
effbff0aebf2000f
07ee04fcfbeaf10c
17fefff5fafbf4f2
cf210502ef0f03f8
f40d0e04f10b0f0e
ea010df50c1a0933
0afae604fcf912eb
0dfffbe3fdfc0bec
f724f3eb0ff80d05
1112f9181210fee2
feebfb270122f722
0bea0336ff4f0f17
e30b0a16e608ff0b
f4f3ff0ff8130307
f6e70c08fd0b0015
0508f006eb03fb11
fefefef3f30d19fd
fd0af6fb0219f604
09f90628ff0e0dff
17f7fc1ae4070a16
0ffdfb13022000f6
f2e303faf3f90eec
0beffaef170611f5
faecfbf91bec0008
eff5fff414f803f4
f1ecfde80e0404f1
00f6f3f612f712f8
faf1ebe20df525e5
f2fd01eb0d000cd6
fdf3f104f7fa1b09
01ddfcf407fcfff8
04f7f404110c0f07
01feec0a0df6ee0c
f9dff7011b101707
edfffbe9060617f6
fcfbf00813f90c03
fdfaece918fe1bda
ed0504ff050808f2
fbf8f40bf6eb0efe
0103ff03fae9e9f1
fef8ecf9edf6100f
050bf712f2ebf322
fb01fdfe14f006f4
03eaf9f106f7f8fe
00fbf417fdfdff02
2205f0da05eee8e1
f2f7f2ee12fe050e
02fbed2301000010
0efcece909effbfb
fbffe3e321f2fbe5
faf2e41608ebf5f7
060111f5f2fff104
0eff07fcf0f7fcf9
eef61a04f9e1fff9
e10f0dfbf50cfd04
09f906e601ff06ee
100302f7fdf6fce3
f8f017efecf813e9
0eea02f1190f0afb
08f5ee052103fefb
f7f308f5fefe13fc
fff1f3fd0efd0bf1
fef5f4ef11fc03f9
f7eff50915f521f7
f40704f80d050ee6
ffeefc0004fd0bff
08ecdd0015f3e8f0
f5f3ff0408f4f7f4
00e40e0eeff2eeeb
08fff60604ff0101
f0f3fd09f8fdfcf5
16f4f5faf700fcfb
05050cf1f7d601fd
fe041705ede40afe
f0f9060bf0e40f02
eb1bebf701020115
f92b090608fdfe24
0021f600fd0af629
f20d100c0af6f709
f50112fc05fd0101
f4f814f9f7010b02
0df3d800fe04fefb
0b01f6fcfef2fff8
1cf5f401fb03e7ed
08cd06fcfc01f5d7
f6dd1003010de8e2
00ed35f8f3101aeb
01010a05f500fe09
f8f8eb0efd0208fb
feec1107fb03eee6
01ff210209fbff07
fc010010f9f7fcf9
23f1f50307f4fcf2
f5f619fdf902eff4
f60404edf807090b
fff716eff8fa0fff
08faedf7e5fe02fa
f303f800f9020bfe
fbf3f6fefb13fde9
e7f802070b0ef5fc
fcfd08f42000f9f2
08fbebf6060de7f7
0101ff040df7e0f8
06f9f7050508e600
0cfcfe100000d8fc
f8fbf1fe09f4f8fb
eff8f31403edff08
01f601fbf7f7f7f2
02f10300e2d8e504
02fb12f601e306f6
17fc1a0dece109f7
01fc0efdf6f90010
fef00a08fdf9f4f9
07ef0f020afeeff5
00f323f814f9f0f5
fe03fafe02030105
05ffff0204110bf9
fef908040e060403
0207150503050205
06fbf8fc07fdff00
fdf931eff306faf5
eefe00fdea020701
e2f017ee0c0b01f8
01f3fc030209faf6
f807e2f3fff809fd
e7eb0af9001a04f7
feededf80317f2e6
fc0012030a15f5fb
e7f812fc1213fcf1
ef01f401040efc04
010b03130d01f611
05110302fc10fb1b
f5fe0404ff01fa01
fd07120a04effdf7
ed0306fceefd0100
f900d70a0b0207ff
f508150114fc05fe
1cfcebfd0bf7fcee
f5cce1f60dfbe3e2
f1d1f2fdf9f8ded7
e5effef7ea0c09f7
100ffefc0804f309
03f503040cfdf206
1302fbfefe06ff04
f3f8fc0209f7f8fb
ecfe0f08f6d8f9f8
f8fd00ff03f607fe
0015e4f90b1c0224
02fffa02020ef60e
f4f8e7100007fe08
060009120cf21805
0209edfbfcec0502
01f8effdecf40c02
ffff06fb0ef0fe02
10f90d01f7ff14fd
0a09fb00fcfd0a02
f509220b11f1050a
fff8effcfff6fcf9
10ec1709f6e60f04
07f4f30601f1fbf1
0006f814fc061201
10fdff06e5f80bf3
eaecf10305daedf7
0802e80af5eafcfa
0afbf9fef9e7eef8
ee0319ff09ffe8f3
f31814f0feff090a
fe071ef7fe0feff8
06eeedfaef0cfafa
f0f9f5fffc06fffd
f9081efffafff103
f0f8f3f6ef07e601
e3fd1ce80e07f802
f6f01002050803fb
ff0017fdf6050a00
ff1a040302ff0f10
18111c0008030514
f2fc0d06eef307f4
ec03fef9f5f40601
f904160d01f9ff04
10f4e6fefa14e7fb
0001f4000100f7fe
0cf6f8effa13dbf3
edf33504f10cfef2
df0703f8f0071d00
0af62df000fbfdfa
12f405f3f602e7f8
f5fee3f30004f7fc
02ed08f50708deed
fdee0607f711fdfb
eefd03fb1c16f803
f5f0fdfef90b12fb
f0f6f5fc08f3e3ef
ef01ff000108e605
ed020814f509fc04
0e0efa05011af304
f509d4ff1016fe02
10faf7ff0305fe09
e90b2702fbf3f5fd
fb0019fa0df912f4
f1f7151700f60cf8
f8fd25f7f2fbf2fa
f6110801fb080a0b
fcf70001060cfd00
fc04f70907fd02fc
e904e6fb0e0418fe
e5000107fcfd0804
03eed0fcf619e2ef
fa0c07fa05f8f3f4
0103f4eb020aeaef
f9ff03f50df90407
00f8f3010308f7fb
f0f420fe02010202
10fb03fff4ecfe00
01fe040505fefe02
05ee1006f8f5efe8
fd0af60304f2fc01
0cfcf60b0201fbf4
07ecef0609e7f5f7
030c0e00f20602fb
010906fe08f71013
20f9f10012f7fe02
fb060f05f5f805f7
ed01f5f7f6e61802
f609210aeffb0406
16f3dff8f904e7f8
fb0eeefefceded00
1704f5ebf6fbecf3
f0012204ecfa0007
fa00fff50e011000
00f3fffb0cf9fc00
03fc0202fc02f1f2
f2f9fafc000101fe
01f607fc040e0bfc
05f9f50b091303fb
e0fc0e000c08fbf8
0cf6f502f6fef5fd
03fd1ff400f5f80d
f61100eaf9fd1908
02142902f4150926
ed16f8fef5060b0e
ee14fcf6e809fd0a
dd0d0c04ea201d0f
0101fe05f5f702fc
19f0e201fefafbfd
15ebe6f502fce6ed
06fd07fcfd0a0105
000605eeff0bff07
03040ef3030e0401
f006fefc03040d00
fbfe0b07010402f7
eb0700030a160507
fc0301f8fa0df9fe
0aff00fb010bfd03
fe021af30008fffb
eeff04ffff04fcee
ff1615f0f0fc0a0c
03f604eefe020fff
0ded0500f107f7f5
fdfb0902fa08fc04
07fa1ff80003f7fb
fb00f0f7f70cf9ff
f10511effd070203
fdf4f9f7fe0d0b07
fa01f7fa0d17f208
f6040b0d0307f6fd
fcfff2fc0715fe02
ff0505fd0afa0703
0313f6020a04fe08
f50cf5fdf2f51218
0bff0ffc03010402
fe06010c0afd070c
0509fbf9f80e0106
f3f50afee906ecf0
e5fdeef8fb100df9
e2f90bf30805f4fc
1cf4e7f7040bfc09
fe03d5f903f6fc04
fbf8f5fb01fefaef
eaee17060417f0f8
ec0609fa1a13fbfe
fef720050a0711f2
0005f2fe08f50f03
02f3130407ef0e07
0ffc01f707f30d00
00f1040102f1f5f8
00f902fd07f111f7
02031408eef4040c
1800e508f70902fe
fa03f2f901e5f4f9
0ef8edf6f70beeee
04f7f00afcf9f5f8
f0fb1100f3f403fc
f6f9f9f5ffe5fc01
10f60c00fef3ebf2
0af7030503fbf9fd
1af001f80af7fdea
effe0005f7fbf607
f101f006f4eefe06
0502f201f1f61300
fdff04fb05f4fff8
fefe0af701f503fd
030504fff205f902
00fbfefbfcf2fafa
02fa08fa08fd06fa
0802fefe07f501f8
0bfcf1faf4f9e900
04fe12f607f5ff01
f20604f807f3fefd
05e4e4ed0cf9d9e3
0e03f4ff01f90109
03ec00f50702e7ea
fefdf5f5effff909
fa02ed0805f80700
02fdfa010909fcf4
01f6f8f0ea00f609
f70501fafaeef1fd
f6fff8fbfae70602
ec0b1803f503edfc
fff80604fd0201fb
fdf3fff60404f6ee
020103fd040401fa
f70ae5f803fd13ff
0e000d06fb0300ff
f5fbe804021cf7f4
e504ef0a1ffdf8fe
0ff9eefa0921f1f8
fff1f7ff0bfd15fc
fafa0c0dfa16030a
fee6f2f10000f0f7
06051e010a0303f8
f3f9e60911f70808
f901f7f604fa0404
1cef0102fb02edf4
04fd000c00f70500
f20be7f4ee0a050b
fd02ef030cfeff0b
0307160a0309f00f
0a07070ffcf20001
0c101afe11e5e00a
0b08060c03d6e5fb
1309fb05fde9090b
1309050c02def205
1e05f008ece51107
17fefd00e7e9f9fa
fd0f21f5f700040a
ec0e16effb050706
010c3ff4f6ff2206
06021004f8f9f8f5
02f614fa0205faf5
f8f6090bf40ff7e9
e8f7f0020aebfcf8
fdfbe3ff080f02fa
05eee5ff0aee02f8
fa0f09f8fb0a0215
f313f9eef7fd0d03
de1f090af9fa0c14
0f0003fd03f8fffb
07faf8f606040002
0af7f808fb02f6f8
f601f9f8130af4fb
f1f000030506fcf5
fbf4f90f1307fced
f7e8f9f703edeaf3
e706f0f9f00beb06
e804fd13f401f80c
03fff60901fdfd04
0908e4000616ff02
1dfa03f8f8fc05f9
ed0524fcffe6060b
f9f80e0a08010b02
f9f72012eef101f9
05f9f2010b08e600
01ff0307020ce403
feeffe06e604edfc
17f1fbfe03f10709
02fdfbfe07f0ff0a
18f4d8f8fcf407f1
04fbee07f5e2f2f8
10f6fafaf8e60c02
1700f50601ea0701
ef0404fd07ff17fb
fb1d11fcfe02060d
050d03f802fb0507
f20c010bfa030506
f1fefff2fcff0908
020c030bfaffff0f
19fbe7f30109f8f8
04fe06f40ceeeef3
02f6ecf90600de00
f9e20000fdf7eff3
f1e01408f615dce9
e9f00405ea0120f4
0d030109fff2fffe
0cfceefbfd07f401
16f9040605f1fafc
0001160203ef0cfc
f701080406f01803
f8040904fcf01801
00e3f4fc05fcf9f0
04fef9fffef10bfb
f8f20b0600ea06ff
fa10ea03f2040305
f107f8f905020a01
f212fb0aeefd03ff
0b070407f6f50903
0105ee0602f7f7fc
0cfeeefe07f5f5f4
fcfdfffe03f80107
f8f8f700fcfbfbf8
ff07fa020106fcff
050402fa040003fc
030304fdf9fa03ff
01fc03fefe010300
ff02ff070a020807
fd07fb0303010201
fe040200fc03fefe
f8ecf4fd0bfa05ee
fd06f012fd1aecfe
05e9f5fd030ceef0
f9070cff1a080804
fe06ec0612fa0b0b
0b0604ff0af1050f
13f80105ffef00ed
f1faf311fae30102
f4120ff6f2e8000e
f2002000f1f1fdfc
edf704f2fa0204fb
03fa22effc0903f2
02f5f0f4ed06f5f0
efeff6fafa0b07ec
fbef0ffc021603ef
f1edfa02030efc03
f602fb06fb0df0fb
07f219f9070cf8f7
f31704fef1f2e90a
ff0b0d04f8fcf102
0a09fdf900e6f504
0fee02fc02fffefa
f307070200ed00fe
18f30ff405f8f9ee
02fbe505f9faebf7
edf9fb0306f4f9ff
f7fd0807ecf9fdf6
fcf91f0007fc0706
f90402f4fef12105
f10523f5f1280b13
f9150df703040c16
f81400f4f8140605
eb1d1008f41b1310
05ffef000e060102
1002ddfd05f9f2fa
04ecddf7110ae6e3
ee022d01f802ed01
f30e11e90205090e
fdfd280501fffe08
14f3f0faf602fbff
eef4ff04f6fdfbf7
01f302fcf304eefa
f6f107020713fcfd
f6f8f7fc0511fa01
fcf306fa000708ed
fd0205ff01fcf707
f60bfe0a04ebfcfc
0309f901fe06f002
ff01f50003f6ef06
fa090602f5f2f005
ff070afef0fc05fd
fdfcea09f002f908
000609050400fa01
06fa0103f607fdf9
fefe04fffef80202
fdfafcf90003fbf9
0803fb0701fbfc07
faf8fcfc05fdf906
0105fc04fb03fa04
0503fcf9feffff00
fe000304fe03fb03
04f90202fefefe00
fe01f802fffc0301
f907260cebecfb02
f9f113fcfef2010c
1bed09fc02f8ebfc
faf006f9fd08f7e9
fbf904f6041004f9
01f30500040a06fc
06f3fc0bf801f9fb
f7f802fd0505f0fa
13f60c04f10df6f3
fc2401ef0e092232
f70ff806050bf31b
f418fafa030c0d17
f907051006fe03f8
f80710fd07020701
fb0204f9f5f41508
15f9f2fe10ff05ff
fa01f603fe011502
f9090b060d0605fb
fc06100308ed1307
f80b0113fcf00d10
010df90505fcf8ff
05f5010227eff0f6
fefdf5fe0705fe03
04ff0804fff801f3
05e9e2fdfd02effa
f107040719eefbff
f70612fc10010405
ff0ff5f515f9f511
0f11ec0e140bed0b
0af400030e1c0511
0706e4090ae40700
f30c0609fedf05fb
fff913fde0ee06fc
0407e9fd12e9fd05
0e070a03f7f0ff06
0f000ffef2ebe6f4
fc020400ffff0700
fbfd02fc00f90401
0506fb07f705feff
0606fd02060202fc
f903fefa00fafefb
01fb03f8fcf9fe05
fc0606040305fb05
f90003fc0600fd03
05fc0903fa08fcf8
031909080917fe19
050aecfb1313030f
0007eb0d0c1eef1c
081202010af20305
fc0af1fd02ef060d
f815030bf4f51014
0f04090ff1f90bfb
0cf6fe0003020dfc
0ffcf903f2eefff8
f80cf7f61210010f
0502e5061508f80c
00f4ff080e0fe705
090a0cfc01ee0305
fc1ce3f6fcddff0f
010af701ebdf170f
04040c0905020707
0c0b1203f8f507fe
0e01f0feebf20400
0ce7fafaf309f0f0
06fd03faf513f8f6
0fec1eedfd0618fd
f7f80afef1010501
eef9e40afa0307f1
f8f41afefd02f3f4
0209fb0a07fafdf8
0c080701f900ec01
07f70efc0af8fefb
070616fff8fd1603
00fd0c08f2f91d11
130301f1ff040f08
030200070cfefefc
f7f4f8f208f315fe
f009fa0006fb0709
1cf7f6fef90cf7f7
fdfffffa13f4fb00
ed0bf6e80316f3ff
060eeef70b16f312
05ff040d0515df08
fa01f010f40edf09
fdf7001003fb07ff
0304f00301f80701
00f90101f8f10f08
050107fdf8ef0605
0e02130ceef10603
13f2080af7fbfa03
01edf30904f6e6f7
fbe400080007f5f0
f9e60015faf5f9f0
07ec01fcfdf4fe03
02eee4000702fffe
11efeb00fef6feea
fd010d0afaeaedfd
eff70c0ffcf30ef6
0200fd13fce80afc
07edfdfc0306e8e0
03faf7ff06fcf3f4
04f4ed010cf407e2
08f7ea04fb09f4fb
f8efee0004f6fdfa
0709e7eefd040afc
0cf71ef7e103f3f7
08fc45fef0ef040e
e7f81c03f00c0df7
f9e404f4f007e8e7
f2f800fd0012f8f6
e5f0fefef11300f5
0506f601f906f204
00f0dff8f915f4f7
08f8e8fd0417f6fd
eb0b2cfbfe110106
e80523f0ee0b0700
e9ee11f7fafa2200
fffb0101effcf2fa
f103ef0e07fa0004
0af8f90b0500e0f6
07f9f1040505f5fd
edf7e00d00f803f8
f101f90306f8f1f8
1cf5eff5eff6f5f0
fd02f3fe09f30006
f60111fafcf7f300
eff5edfdf1f9ebef
ff080416fa02e805
09f6f8f508ede3f4
07fefd0a0002f7f9
eefee7000ef307fd
01e60bfa12f1e5fd
14f9f504ebfcf1f6
ea120f0304fefa05
f6090efaf811f902
01f90ef101e9e5e9
fb0f0b04ec09fa13
19ee09f9ff04f3e9
fffcff040802f505
f7fdf300ff01fc01
070417fe080505f9
17f0fef7e2e6ee02
f807f3fffaf8f204
f60b2bf800f5fdff
09fff1fb0ef0ef07
18f7eafd14fcf504
14f01cfeff18f2fb
fe12fcfdf5ed0f05
fb021300f3ec03f8
f40dfc07e3fb11ff
0b090710f6cd0b11
1bfdf605e6e206fc
23efe904e7e5e3f1
01f208f4f802f6eb
fcfffbfd07160c09
06f5fe05020eee00
01f3fcfdf608f1fb
030be50802f0f3fe
ee03f706fef7e9ff
1bfb05fb02ffeffb
f806f20700fcfeff
ea0308f3fafdfe01
f802fcfa0ceef51c
e506fcff1d0af9fd
e4eb020014e8e1db
f4f8f4f302f1090a
ecf308fb0cf9fa1f
fbe2eef80303fbff
f2f6f7fafaf5f919
d8fc00f30402031a
d20208f10901e21f
ffeffa0ae80b0707
1f13f7fdf6e70100
1201fa0d19fd0725
0efb010afcf6ed0a
faf605f11001fffd
ef06ecfcf4f800ff
1efcf6fcf2fffef4
0f07f90fec03f5eb
0ee0f108f2f104e5
eb000c11ffece9f9
e50d0004fa0b1216
d902faebddfeeefa
03fdebf8fdfcf9f2
f5ef19110b010b08
0305fbf710f4f2fe
ffecee061cf8effa
ebfb030cfb110afc
01f8e5f2ffec01db
f4f60500ebfffa0c
ec08fa13ef03fe0c
06ff0201ef06031d
13fef6e80befe90c
f8030a0a0411fdf5
0a0d0de3f8f003f3
1c0d04010104ebfe
ff051a06ebfb0df9
1cf9f8f2c9eff6e4
08f006f802f517e5
ea0e09f51602e9ea
07f9f3030ceee4ef
fe020e0208020016
f415f50ef803f1f7
04edf70f0715f50a
181af4dae1dbf9f6
ff19fee10cf5ec0f
dc0e03e6fff5ebdc
070ceefcfe02030d
f70ffe0802fd08f2
ff0cf6f601fb01fa
04fa040bfff112fe
f405fbf4fefaf3ff
f806f306f0f708fd
f0fe0cffe4f60a12
fdef040af9f7faf8
f8effd1403f7f111
fb10f800fc071210
030e03f6f7070406
eb11ffecf20e020d
010cff0e10f00809
0ef2ecff0cfc03fb
fc15fa060a09fbec
011f11f7fd00fd05
0d081b05e00218df
18050f0fe4010ef3
f00a07faf7fcfcec
170107f709f1faed
170000121411100c
0a0ef5100709f908
f90a05fe0400f2f2
0109e8ee0d05ffff
1803eefbfbfa01ea
11f8ebf5f205f9f7
01eae8fc09effff3
f2021f0a04f8f014
0210fc0b1706f502
f403ffedf80e0109
030d000c0707fb09
e7f509050700fbec
fdf1f90efb03fb02
2ce9ed0ff404f81a
f0f6fbf4fcfd0008
f0f70005f3ff070a
05f11a122706fafc
13f2f9f91302e80a
09fa030b0afb0316
f91104e5f4fff9ee
f5fe0202080f04f1
08f9f8fcf6fd03e8
01fc0cf406fc0319
02eb13fb0beeec1a
01f5ee01fd0b01ff
eb1ee6f6f90002dc
fb050efcf7fce4f4
fffbed0d0d03e1fc
fbf907d1e7e907ed
fff4f7f8fb07fb0f
f6000cf005f2e2eb
e5200901dbfdfb27
15f7fee5f902d818
0cf0f000fd0ae5ff
fff800def1f00d06
000a0af00c01f906
f3fef9fff5fb13f1
fc05060200faf90e
fbff020c1004f8ea
10fbefee07fdfcfd
2a15f4f2f9eee3db
10070a0616fc13f1
fc1510f3edf311db
e8f1fe0ae80f0bf5
0e020104ddfe00f7
0c07f5ecf5171b09
f1f9fb02f5f5f403
0601f2110b0902fd
fa14f9effdfc03fe
120007fc08fdf5ee
2bfefaffeb0402e3
19fbfbfff60a1ed8
f81105f0e8f30913
0b0cf80feb141118
ef00fdefdcedff06
0315fcfe12f4fe00
1102f905f90b11f2
0a0efaf7f80605da
0718faf0f5f5e9e1
f7fe1c13f80f1bf2
2bf208f8e3f5f2e2
f10a19fffafee904
0dfd110a09050df7
f6f702eb01fcf118
0a0be516260ceff5
ebe6072c061106f3
01fcedfc03f70efd
29e7f406fbfa06f3
da00f4f7e7ff10fa
00f903f9e20c04ea
fbfffa0ddb0e0dff
0a12fa08d907fefd
07011406ee121425
02fb0cfc02f1fc04
05f1f61b180bfb11
fb1afbf2f5fc0706
1d0a1af70100ee0e
37fbfa03e019f7ef
18fe060ce30016e6
0408f90dfff8f3ff
fd09ec00f4fb0f06
f107f2f00af5f206
0c0cfafe000205f0
f50df3f605f5ff02
000b0cff09f9e9f7
091508fbfa06160c
020302fef1f80af8
10f0f1f710f5fcea
ef03ec11e911140a
0604fcfdd60400fa
21010800f4070d04
eff80a00eff7f20a
0804fe121307ff09
e8feffdef1f411f9
0df716f010f8e511
22f9fffcf30bf0e9
140bfdf2fffc0ee5
0106f9ffdb060508
f8fefe16e6060d0d
08f8fe0afbff0610
12f707ff01f1fe1a
04f010fbfc000915
03010df5f8fb0df4
1607fef202feecf1
08f8000bf2f408fe
1bf505f6eb00f8f7
edfadbf9ef02ff0d
fe09d80d12080f24
fb13daf709f2fc1b
04e8f90215030afe
0ce6fcf408071202
e3fdf6e6f3f70309
f90e03f4f3f20411
eaf5030d08f50114
0ef5dff10deaf7fa
f9f6fd0bfaff0f03
f80401080209051d
f8fff8fafc040ef7
020bef06fd0417ff
030bf5fdf8080c04
0508030f09030201
fefffe0400f508fd
02ff0610030d1afe
06fcff0d0a050e05
f8fd0af5f2e60f16
0509f2f5f9ff0014
f9f80a06f2f40cfc
020201f0f9fef601
fa0511fd10f8faed
13f8eff1f50404f0
1c07030e16ffe1ed
10f909060f0005f0
04080cf9edf504f0
05fd14111d0ff606
12f400090e12fd14
1bffff12051005fe
0515e4fded10f2d8
0df40c160903040c
1203e703f4110502
fef3edfd02fc09ff
e4f50207fafcff13
f3f7f2ee03ee060a
eaff0cf1f002f90c
0707f809e917041a
0606f6f4ec0c0e2d
060ef5191c05fc09
0902f00d140efde3
2017e31608281cee
0e120ff2f6eef5ea
fcfe210ff5fa1cf9
0ff811f7f3f206e8
0509edfcdf01fd07
0211ed04f1fff5f8
07f6fd0bf9f60cf7
05e90cf6fae60308
05edfc0d1d06f009
fbf7f4f7ef0007fb
0df60af6fd01ec05
16f701f9e90cf809
11e0fbe704f610ef
0d0c1fec06e4ff12
0bfa0bed020bf209
0ef0feedfa00f107
fd0717effaf3f80a
e9f80efe01fafee5
eff3f9ffe6f2f2ed
f9e60112fd04e9f9
f6f417070807e30d
f612f808eafdf8e8
ff12f1fae2f6f904
f61de7f5f7fd01f3
0206e5fffbf504e3
0c0a0003f5fffffd
0802faf9fefe00fb
fefeee0308fbf5fc
290df9fae7f601fe
0502f3eaf2fdfefa
f0f505fbfef0f701
f6f61d01f6fe0728
f7fdfbf8ff0af518
f5ec140cfc11f5fb
fd01ff0709fe022d
fe02ff0d1208fc10
fdfe0400fd04fd12
1906dff80ff6f90e
02030f06fd05011a
fb1a10f30cf6f20a
0f080dfdf707fd0b
05fa1108f50bfcf7
10fb07fcfd0b1218
fd02040816f3ed0f
f7fd020a0c21fff4
090dfdecf5edfee0
1dfe19f0f900f002
13fb1016e7faf7fc
1dec0d14d8f90fe7
f8fa071710f90df0
ed01051719fefb09
0bf50a180805eb07
e018e5fdfefb0d0e
eaf8030a10fefbfc
0b10f50d06150816
f6fbedf7f4ea070f
f0f3de07010a0114
04fa12f302eae321
fef611050ff9f8fc
f602f10f280af120
01f7ea0101f9f00f
f80af2f1f901f9eb
e90805fdfdfef204
fee0f6f7e307ef05
0fe2e6fef8ee030d
f6e8ef020b05e012
eaf6ecf31af8f8fa
0f05dcf7fc090103
ee01fc05000d0922
d2f7e1e7e6f1f9f1
f0f802ddf4ebfffb
fefb0af0f6ebfc02
06faf5feefeaf8ed
e2160508fd02ff11
f1050e13fb090b03
1601f20bf925faf8
0afae4f104020718
03f60c0400fe11fc
f6fbf1def6081022
f903f4ef0deff809
f7f7f705f2ff0009
0afdeeedefdb0905
fbf6021d0c080208
ebfd1208f304fe15
f402e824ec141aec
09090a0508f6ebf8
f90d1104140a100e
e9f7f5f50902f11b
030be3070bfef403
e0f4f923fa1508f7
0308fcf108fbfcf8
0de5e1fd02fe0806
d3080208fb0e22ea
f302f2f0fc0c02f7
fbeb18f509edf410
eeff051e3604f022
ffe6ed0b15e9edf9
f30ffbe5f301f30e
e2fcfae201feff18
0fe6e8f2fcfaf6ff
0503ece2dae5f602
d7f10cfe18f3e50d
e0fbf8f007e7dc09
faf4e107de0902f2
fdfff7f7e9f701f4
0404ebfb02051108
1df6e2000b05f701
09fdfb0b0b100503
f210eeecfe030d07
2610f5f80a00e8e9
090bfc00f3fdfef0
1beff2f7e9f40706
030f13171001f4ef
f0fd0a0c0112050d
e7edf5fbef09e6f8
ee12d3f50bf404f9
dee8ff0ef6010afa
12fdf0ff100f00f1
03f6fd0c050b0007
d805f612f80f10fd
f4f2f6f60113f7f1
fafbec0b0401f308
fa00f2f81bfbfe13
0610fa030904070f
04f0e706ff11060d
fbf5091e0af9fd03
0100efe700e90108
e5f3fbef01f80210
e6f8020cff13f415
fbf9f4ec0fe8f40f
0706fe01f80907ff
fc02fcfffdffff08
02f90508fafafa0a
fef8fefe01020502
f705f906fff6fb00
01fb0406fcfcfd01
f80207fe0100fa0b
f9fbf5f8fefb0601
04f8fcfa01030803
e3f1080d18f8fcf8
0006140b1409ebfb
0dfc08f90cfff703
ed0be713040b0bfa
fd060217130efbfe
0103f5190820fe03
00ebe6f4edf1080c
f6ebe2fdda0ef5f0
dcf8f4ee0bf5e70b
f513fd07f3f8fa18
e80c040fe715070c
ed01fbf9f3f60811
0df1fbf0ff05030e
e701fef40bf9040c
f90408f3faf70bf7
fd1508f600f7f303
ff031c0adbf315e4
24eefdfddee9e3f5
0cff05df1502fd0d
fefe05eef800ef00
03e804f205f900f1
f7fbf60010e50a25
e6fb070404fae607
04fdf50800fcfa0b
03fa06f20d08f7f3
f612fe1ffe08fe04
03fb16f1f6f9e9fe
da09e6f3ed030318
fa12e02111071c24
fa04d9ef07f90d1f
05f4f4f41b0bff11
05e40e060e140f0d
ebf1e8e1faf3030c
fdfcfd0000fc1315
e6f8090ef407151b
19f6e3fb10ea0807
fd0108fef202f80a
f9faf10efc090311
f70308e8eef21319
0f04f8f320f3f2f7
f4f9fbf3fbf90ce3
0b0b02edf2f804ec
080d05f40cfdf5f3
fff0210bfef30d0d
1403fdfdd9010fde
07fdfbfdfffd030b
070606f00b01080e
0106ff021bfd00f7
faf9fcf90dfcfaff
00fbf7fefefcf607
f70102fff701f005
f9f5fe08fcfdfafe
f8f6f7fe070109fb
05fbfdfb0900ff00
02fd0703f7020405
0505f9f9fcfb0706
fefff706f8fc0006
07fefaf90202fdfc
00f9f8faf8040205
06fd01fafc040508
080503fafaff01fb
fb0504fe03fb0300
05fffaf9fff6fafd
0610ebe3d9f909fd
e9090516fef80e00
f60802f0f8d7f605
effdfaf700f6080b
eafd08f406f90f0b
e9ff02eaf2f00ff3
140c03fdf6f8e6e1
fdef0018ec0008f1
23f4fc00f6ece7f3
fcfaf52cf7221202
01ef0210010000f9
07fef40f18fa0b0f
18f9f7d7f8f206f6
02f708ed0a1102ed
05ebf4f1fd01f7fb
03000fff17e50c3a
f5041508e109fcf2
f7f6f803040604ea
f70cf7f3001208e8
f31bfff3000bfdf3
0e01130e0b18f4fa
f60c0002f9f6ff05
08fcfe080e0cf615
f808fb02f0fdfc02
eb051a08d6f70515
f8ff101ae90dfb05
f6fa09170503fc14
04f7020e1a08fbf5
09f212e330f1e203
02f4f9183cf8f4e9
0203fbfffe04f6e7
edfd00080b0de70e
fcf8f3f408fddae3
09fd0005f2ef1109
f0e50ceaf8f2f9fc
e2eaf40216fff7f8
f600fd04f7f80103
fafb0104000105ff
fc0106070306f7fb
0d06ff01f90505fc
fafff7f8fa04fafe
00000306030801fc
03fffe00fbfd01ff
05f6fcfe03fafef8
02f804ff01f9fffc
15ff11071afeeaf3
17f405141809f905
1afe04010300f706
ff19f7ff0610ffe4
f70bfb100d04f8ed
fef8e7f4f505eefd
08fd0add01e6fc00
12e800040dfcf90b
010201f100fcffec
07f7ec100e08ee06
05fef513140cf405
140bef020805020d
0312f208ff17fee9
f4ff00110608ed08
01f8e0f2f10decfe
08e6f2e004eb040e
f9e7fc0300f20019
f7f2e2e212f80101
d908000902f9ebf1
d0000904effc070b
e403fbf5030cfd0c
1f07fe0901f601ea
f2f60107030e0b08
ff1601f614f4f201
0108edfe1e03fe0b
edfbfcf800fcf2ec
fef2e7fffafd0bfa
e7faed03ea1000f5
fa07e214f312fd05
fdfe1306ec001afb
fa08050905eef60e
11f4fe011909faf7
fd0ce507f5071116
fef8130606f1e8ea
07fbf312f1010206
06e706fbfd011d0c
1be71d072008edfd
1ceb09fc0e0ae0fd
fbedf40a0d00eff1
031207f20dfcfeea
edfc010216fefdf7
08edf6070409ffee
060404fbfcf2f508
07f60e020cfefb10
050c0010031bfd00
0b0417f817ecec11
02de17fc2c0ff601
f1eafaf40ae4e5ef
ed0a00e90af5f902
d6e51919fc0afc17
14ed00f508f8ece6
fcfffefa06fbf705
d8ee130714f9fc11
e900fa04fa00edf3
050020f0fff20120
f6edfd030b0afc09
f3fa1902e6110e14
ff091c14f3f40c32
f5fa020ef4faf0f1
15f3fc0df608f211
18e609f40af9fdf7
f9f607e71cee080a
e60b1004ee1625eb
eefa0f0dd7eb0e16
edea190cf10d1c1d
e6f617fcea040415
e901fdfe16f6021b
edfc1ffefe0205d9
04e70903f7f91612
09e5010c0a01eff6
d1f60815080426e0
020f0110fe1c23dd
ee090400fb020df4
eb0e13faff04fef1
ea012408190400fa
f4fa032707fe0601
0f00fd0410ff02fb
f9060b091203fa10
05110c04fcfffb03
10f60ff9fc11fcfc
fafc0d00fef20000
f302150a0409fef9
f40c0cf0f802f8ed
f20b1c06050705f4
050cfe23f90a040b
12ff04fb020801f6
151e02061015fdfb
1209fcf8ff0101ee
14030af6fe0c0af8
03fd1be6f800fefd
fffcf6ebfdfd0809
f21901f603040603
020aeeed00ec01f1
faf6230df90209fc
f107f4020100f009
06eef9fe06fded03
ff20fce803e60406
0d0e0df600fafbe9
f712fce611e6f5f7
e8f3f5181104fd0f
f101021a2e12fa19
050febfc3700dc1b
fefcde01ea0201fd
e602eff3f8f70bf9
f6faeff20401e40a
f10cebf6fef60d1c
e6f3f9ed0900f61e
f0f4e4e329e8dcfd
df0614ff110312ee
e80c0e1210fefc00
e80011ff0efbfdf5
e7000210fa04070b
0204f80502f3fcf4
f9060f0a1708fc08
ef07031419fe0604
07f904f805150d03
fc080f0d11071117
01f6effb17020109
00f9f7f205fd02fa
0706e9fefc07ea27
f5fef30b0dffeb0e
0807fef80602f3ef
1612ed0916edeaee
0d050508ff01e925
0e0521fdf8e3fc19
ff04db0903caf913
04e91905e9ef1de7
07e5150e00f11ae8
00ee33fe08e20aea
02fe0af7f210f500
f412f300fcf10106
ef0b04000112fe1d
fcfb06f504f00bf8
07f7ec020dfaff00
0e0bfafa0cf9fced
031126feeef5f40b
fcf4e8e8f5fb130c
f308f2ec0101de04
ee0bdd0208fbf30b
faf603f41e04fafe
f810fae7f820f901
fe06dde11ffce304
00f714ec13010114
0cf2d4f5010dfff2
f4011600f60c03f4
ee0a0df906f70afb
ee15150af7f30a06
07001101f9f300f9
0cfb03f104f4f3f9
0b0109fbf3eef50e
e6e8fa060505040d
f2eb110cf6fc1706
04f403150301ef08
ffe9d8f6051f03f7
11e7e31100fb1800
09f6f30d0d0d0421
fa03e8fa030302fd
ff03ecf907100204
0d0ffbef1df6f511
05f70a21ee0bfc10
0ffef81808ea020a
0a07eb1210ebee09
03fbf7ff0d0aeff6
02f90d06fbefed02
ffe60d0b12f7fe06
0400f8faf5fa0803
0607e7fdfd030bfe
0015fbfaf60fff07
07f60709ff03fc0b
050420190df80b08
020803fdfde9e700
ef0412e2f40ff2dd
f01207fcfafff2ef
de0b0ae9fef90bfc
1002ff000101fdf6
0bf8ede4f4f605ff
09f9faf1f6fef7f6
d9e4eef1e1f425fe
e9e40314e70a11f9
faf30cfdf41503fb
00ee1e03e60a28f8
10f01a04fef02400
0af21d060becffff
f80400f4fa0ff5f5
080bf10307f6fafb
fa0406ff0710f410
07f6db00f80406f4
fcfbe90d0f00f4f3
1802e30710fff9f1
00f904ef0504e211
ef1aebe6f7f5f915
ef18f1f2fdfef715
1200da0f10ecf8fe
0602020a260de2ec
0f020a0917e607e8
f3faeee703000b12
f6ff07fa03faf01a
00fb01ef0ee90306
fdf210f90bf60ff7
07e61f0916f3f90a
faec15fa0ff0fd08
f80ee7fbf708f8ff
f90007f7fff8130d
fd0be80907f9eb0c
fb09f512f7020a02
0909111307f8ed00
070a02f6f9fcfbf0
f115faf7f00b0608
f100e80ff4f60015
08fafa0d01f4f81e
0dffe705f516e00d
00f10cf50707fa18
07f8f415fd06ea20
f6e20108eaea010f
00e90601e8e90703
03ee0afc05f8ef07
09f1fcf3eb0cfbee
f905f1080df7f2fe
0313fe01f6f50412
fdeb110befef1af5
08f7fbfb10ee0300
04f6051a1403f10b
e0ee140cfcf4190c
f5f70118fb0c0f0a
f9020f01f407fd0e
f90022eee3030fea
05f3fd07fef204ef
04da290307f90ee4
04f90febe9f3f6fc
f905fee8f40eec09
fcff08e8f6060523
01eb10030bfb05ee
fbec01150afb11e1
04f40919080af7e4
0011f1e5ee0febed
ed1b02f1f9f4f302
fe0df4f603090d11
0102f406fffefcdf
0804f8fde8f209e6
fdfbfff5e9030aff
dbf3edfdfb08120f
e9faea1bef10210a
f6040612f016ef08
01f8f7020605001e
eb05d6f6f9f70b03
f80500e5010ef50c
0700e4fe280700fa
00fc11ea0e10f7e5
0afb000b151011dc
fe04fdfc01f40008
fafb0ff5e1fb1a13
fd09e508f6f4060b
05021ffadf170ae7
f10ffef8f3f702f5
f2f3240101fa08ee
fef41cfafafe05f7
f707fed6f704fff2
f9070ae5efef0407
f5e5130603f107e8
edea011a07110ae5
0af11c24fbfe04e4
f1fd08fbfefbfa0d
00fcf80407fe07f8
f6fe04fc0a07f7f1
faffe8f90b02ea05
02f7fcf602f904ff
05fefbfeffeef50a
f5fde1f0f90b0703
fee9fb1b00f204f3
fddffaf7090cfafa
0ff514fddc1413ed
f5fc06feeff20902
01d809fd0beb1dfd
08f421f2e603fa06
010debfaeafcf501
0b1804eceef8f321
05fd0c0407f6f5f1
f7fd040f230c06e6
070915160a02f1f1
f7fe05fde9fb04f5
f701220af3f40df8
f3f4070501e803ff
0a011102fb06fcfb
f908ec03f6f1f0f0
0ef915fcf400030e
f4f8030507fe05f9
fbf21901fa1402fb
0f00091100effe0d
02f31b1be4f70afd
fd131b02f5ed0e01
ff030403f2f4f6e8
fb1219040ef8f40c
fbfc130907f1f21b
0714f4e7f407d60c
08ecee11050df50d
0dea02081bfefeec
04ebd4140717f7f5
f4fef90301040ff4
f90af9f5fd0103fa
f4f101fd070803eb
fc08f1fefd09f5f4
04f2010403060101
f40a03e9fefcffff
ff11eefafa1002fd
08f7ff12f6010bf3
f706f9fc0818faf8
f6fe0de0f20bfde3
050c0011f2f8f300
070306faf1010306
04fc0b0e03ef17e9
00fbf509f8f7fff2
070a16100107f809
e1f1150008020212
eeeb1610f913fd00
010203f706fbfe05
f1ef2805f2050bf2
fcfffaf610f7fe0e
feee04f30aec0a0c
fd09f606fe1004fa
020308f116ff0100
f806f7100befec0c
fdfef0011009fef2
fa0f13e71008f7ea
fd13f2fbfbf5f9f3
f0fe01e3ff1ae9e4
ef0505f70503f6f0
eb1021eefe050917
12f507fb0cf119ec
f41208f004fd18ea
022504ef02f401e3
dde8f5f1f3040e15
faee1519f00b20fd
f50101f8eb0aefee
0c001bfde4f81cea
fef21302f8ef1303
0ff31f03fef406f3
ff000900e408fcfd
0007f906fde7fe01
0c170700f9f6f11b
fdf4080304f1f8ec
faf5f81d0402f4fb
10f60e02ff02f0f2
0e03ffecfb11f6f0
ff04f812f7ebed12
0a0af407fafafe11
01fcef11f1eb0ef1
050bf702f202fef1
1019ee06f6fbf407
f0fb0b0bfa03e813
f7fe08feeeeef816
06f5fdff09d8020e
08ffec04fb02ff00
f80ff60108fbfcfd
0c0dfa06ee04fa03
0afcf00b00fd0bfb
01f8fc0107000402
0e08ff0e0b00f1fe
06fbfc0203fb1205
05f8e81306f70302
fef6f10b0b00fd0a
00eff8f0fe19f6eb
060ae6090b0206f0
030deff9f9fc16f6
04fd160dfce2fef7
fffadafd17f0fcfe
0d0f0bfe0cdd03fd
f3040c05ef091e12
fef6e92001ff00fd
00f91e04f3e9f908
fa091ef6f00701f6
ea09edff05fe080e
f8ee1d0207f00c0d
10ff0006edf10bff
04fb0deaf2f3faf9
0f03fd09e9f6ff05
eee50401fdef15fa
eff30107f20c1bf4
09002c06fde8fafd
eb05e8f1f1141af6
fafe0ee9faf91207
fffaff0310fa1323
000af4ec002300e4
f906ebedfc150ee3
fa1005f906fd0ff3
09fae106f50007ef
f400fef705fc0dff
0711e105f2e7ec06
f4f7e707f6010e12
08f5fa0b12f80119
1005fdff14fdf71a
f611e70b0e12f2ff
fa11fc0913f9fe08
fd1bef13fee5f616
070503230802ec20
fa17f41720e8f311
0527dd0b0ee1e70b
0112fef7ecf6f4ff
011804f9f2f7ed01
fc1df203ed0bd9ee
020ff900f905ef0d
0703f313f9fbed0e
020bf0fbe037e908
efede1f6fc0f1510
04e701e8fa030305
f6e9f3ec022b07fb
07fc17fcfdffed04
f8f7fd050bf7f601
02fa0e03e3fdf0f3
07fff9110af20f0f
fc09f6050505eb00
ff0ffd06e50afe11
feec05f803fd0e07
ffde03fd02f80414
f5e320fb011808ff
f6f0f6f60cfa0111
f6f5ebff0ef60906
f9fefee70008ee2c
f7f8e1f10e01ec07
fef102ef1116feef
0407e607000603ed
fcfae7f506fde210
fbf71504f7001016
02fdde0206f3e811
fefcfe021904f8f9
030c050520e9ebfc
0c09f1000612e10a
0506e511f7fa05f8
0914f40c09ea0706
110df02110f5eb00
0203ed19f70d061e
0b0de81cfffa0119
0a14e208eceefc01
f6ff030bddf411eb
03f811fcf9ff0000
01060f02f5f505ec
08fa0b05fc03fb01
0107fc0214f7f701
02fb0408fd140000
09fbf6fffdee16ee
fdefef05010409f1
04010412ef0b03ff
e80cfef00201080f
f5fef4ecfa07f314
f00df4e5f919ec21
0f01dcfd1013f7fe
19f901f7200efcdd
0900e3f81b1bf8e8
fc08d8eefaf4f806
f60308fbedf70209
0306ddec0200f404
05f4f702f906f40b
0702fdfbfdf70a02
feffe5f700fb12f4
f2ff0a0501f6fb08
f7f50d0705faf7ff
04050bf0f0eff4f8
1108fc011406f007
03080cee0504f60f
0cf2ec0300f70103
07f8fff900030300
fb0701fbfe050202
00fafbfdff03fbfc
fa02fa0201020300
fffd02fffff80205
00f6fb0505fefa07
0600fff903010800
fd04fcfefdfafdff
06ff02000601f7fb
f6fef7fd021e12f6
04ee0feef8041707
feebe9f72309101f
0413f2f8fc29f2e6
f4ffedf71a15fcf0
f6f1010322f80cef
1d09ddfd0001edf9
f507e7e6f1f9f905
fa19e1fdebea0112
ee0af7ecf5ffffdf
ed1cfeeffbe9fdf4
f30510f704050af7
09fd04f2f804e8fb
fefcebebfaecf3fb
0a0e03e7e8ef08fb
f0e7f4eb05010204
ecf41000f50711fe
07060308f012ee17
fef0f8e80103e9de
f8f6e60c05f9f1fc
fdd9f90605f30a14
06f3fd07f4fb0c06
f807e7f4fee8fa04
100cf718fef2f712
fbe8fc04fdf6ed06
f1e9f10cf4ec0f0a
f4f41a1001e0e613
f9f724fedefafb03
f1170cfef4ebfee4
ee1afff5e606e9d2
f90300010e00ef01
041ef90a1303edf6
f30700ecef17daf4
fff000fb0010f9fe
fae8edfd131707f8
fad5f60e051e0bf2
f7fd0efcf603e7ee
ff120b0408eefe01
f8000404f10efbfc
02ff00ff06df04f8
fd0301f2f3fff7fc
070c06fff6fdf705
dcec1205feff0311
f2071214fd170d04
f6f40417080aeffd
0dfbf4fe0901fb02
02ecf40005f70902
faf3fb0608f100f8
f506fafa0403010a
ff11f709f9fffe02
f704ee0cf5f0f50c
03fa0c02000bf106
fcfafcfcff030109
0506f2f5fdf2f205
01050401fdfa01f8
ff06fd02f9fffd00
070506fbf90602fb
03fafcfcfb060204
060805050304fbfa
f8fcfef7fbf70603
01f902fafd0506fa
f6fa0405f8070001
fe0103fffef704fe
03fdf315f7f9f3f6
f0f81bfcf3ecfff1
0cef0b1ff8e7ff07
07070804faeaf308
fa0ef5f7f9f0f505
03f91400e6fc0912
fde7021705ea0efd
fef71002fd0407fe
09f00e1dfff7fa15
f2081a02f3de18f4
00f71f04e7f800ff
010416e504fc01ff
fe16e8f40026ffeb
f7160a0afc07ed07
0102fa09f5f4ecfd
05f3f40d07f31bf7
fff9f2f900f6e2f2
f80614f509150cf8
ff0fe1ebfe2dfded
f406eb02f30300f7
fe05fc000cfcfb13
0ef6e504e60012f1
0706e1f6fc01fdf0
fb0ceb06fbfb0200
0aebfc00f0faed0a
02eefa05fef71c0c
04fb0b01f0eef812
06fd1e09f70b21fd
1be4130918e4fd12
0beb02051ce70117
f201e0f9fb2103ff
0510f71105f1f205
0205ea1816d1dc1b
13eef5211f01f601
07f5080d30e9d100
05f4ef0621fef6f8
f7f9fb0208fcfa07
0405070408f7fe06
0601fe0303fcf903
02fcf802f9fcf2fe
f806f3fa03000602
03fb02fcfc00fb04
01f502fefdf6fcf8
0202fcfb0600fb04
06faf7000006fc0e
0af50c16fbf90a02
01e7250d14f5060c
fee81df808f80617
f4f7f5fcfc0608fb
040a09fafdf50206
f212f409f9f1ef09
0800f21e0903f60a
0509020314f0fd01
0606050500fbf2fb
fbde130ff5000808
08e315040ef1fb00
f8ea180813e70103
000edefbfe09f503
f914fdfdfcf7fa06
f81ae200fde2f306
fd00f4251707eaf7
fc0212091afceef0
0510eb0d0608eff2
06070bfdfcf90402
f7fff5e6fef803fa
fcffeeef140bf2fa
fc03e90307fee50b
f8fd10f10009fdfd
060bf3e6000f0bfa
fffdefdb1b01f400
06fa1af302f90aff
04fbd6f50a1cf2f6
06070dffed14fde9
fd1606f0fa0206ed
05000fff04ed0ef5
0ff31bf9f50407ff
fa03f701060afdf0
f2080bfaee1116f9
05ebf509feeef5e9
f9f5030ffe0b13ea
0bf4201af004f1ee
05f40a0a010406f6
07e1111a18f3eb10
fb00180008f6ec0d
f800f7fdf8fbf4ff
0a07f8fe03fff919
080efc0206f6de1a
0403ff18fe09fa03
0104090b0ef3fafe
080909f3fffb00f0
07f815f70b01e6f9
0bfafa040ceaeafe
06fbfb020809e40c
09fedb1afcfaf702
0bff10ee05fdfde6
1513ec0e0a03f1f2
fffeff09f519ed17
05f824f4f2e7f108
11f8050afbeb06f8
0a00f0e9fc18f0e9
0302e8ecfa02f3f7
010300f7f0eb0308
f6f2170afde704f9
fcfbf7f1010503ee
070cfffeeff00be2
faff05f71000060b
05141cf92501f818
f81633000af4eeff
f40610faf207edec
f80306f003fbf0f1
ea0505e5f104ecf8
fbf8f5ff0ff9eff2
fe020a080410ebec
130804e9040f03d3
ef06e9ec0118fe2d
01031108f61fec13
f7010ff6f51104f5
0a02fd01fa12f2f6
f2f9dff2fa0a0bf0
f5f0fbf11305130d
0ee70bf7f7fe18f4
faf6e6e60e06ffea
fef301f207f513f8
01f70501edf8f6ff
fef1e5f9fcf3f9ed
f7f41ffcedecf8ef
fcfbf7f3020f06e3
f2e1e3ee011000fb
fddeffee1cfc2313
01f5ffebf7fc12f6
ecebf5e80803fafc
01f00bf80ff01107
f9f8fbf607fc0bf2
e800f907faeafbe8
fffd040df0ece905
05f2e2f7ec0a02dd
f608f6fcf904ebee
01ffef03ff06fe12
04ee280bfdf918f2
fef8f9fc020af4f4
11fe031307e9f0fe
02ee061504fd1a0a
f2eaee130cf50dfb
eefdf20d08f00b0b
fee902fc06f60803
16ea01fe18e522ea
0add02fc14eb17ff
f400e8f80902dd1c
f3fef003f8fdfb10
0416f2edfeede51b
14fcec02fd09ee0f
0ef315ff16e4dbeb
0ef9dffc1fe8ebf1
070800f6ef1ef0e9
fbfc01edf7050de7
fdf6f9ec05f90dfa
02fa04fc060b0bf8
f2ffedef000804f0
f4e911eb10fc0500
03f0fef2faf9fe00
f1f7f4f0070909f3
00011cf0f502f9f1
0418fbed0a0a0806
fdfafdf415040c0b
0d01f4ee16f01317
07fb0df21105fffd
fe10fcecf70c03f3
06150509f312f5e5
01020d080400ed12
e4f505f8fef60407
f4d60cd406f8011a
fdebf449ec06eae5
f3e8052502080df1
fee8132a04f0eafa
fe18f9fb0204ff14
0d0100f803fa0714
00efe8f20bf7001b
fbf806f803effceb
ff01f1f7fe0af6ec
f8f7050f070606f3
f01018170ff92a00
ee0a1d11fef1f701
07fcf1d5ebf2f4f8
0611fbe909f8150a
f208070ceaf3fefe
f307f50000f70c04
ee0f07ea02fd0710
f1eff300f7f2fd0c
fe1cf8f4fafe0204
0604fc0700030004
05010d0afbeef3f7
23fcfcf5f9f3fc09
03ef0602f1f107f3
fa04f40b040204fe
eafbe70300fa0e0a
fbeefce41bf2050f
0f0f11fa07ecf6f9
0e12000bf0f0f815
fd0f02deff0ae706
ff02eaf10b0dfdf6
fffc120114061214
f6e51115fd1012f8
feeb02f2010b07f6
07ee0c0608fdf608
11000100ee14f5ff
090aeefcdc0017e1
f8f3f9eafd07fff1
0905f904fafcf8f9
0c17fff902160501
020bfb16f9191cf3
ffff1107f90bf3fe
0100fffcf801f5f6
f207050d0800fffa
f9110c040607f501
070d00060b0cfd0a
0d08f7fdfd08ff00
080e0217fffeffef
1009ffeeeffdf2f5
1af5020bf5e7f0f7
fe10f5f8ee0302ea
ebf4ec0403fef104
e4f9e80b10f505fa
e8e701ef09ebf41f
ef00f20304edf301
0e22fb13ebe5f403
fbeff716f216f7f6
eedf0515f4080406
f5ee180608edf808
f911f8f90efff209
ff0707f109fbf402
07f6f7fc08e90301
f7f9f5fde20006e4
0510f5e4e9fe04e7
020afc17f1020dfa
f610f9110b08181e
fdfe10e117f31215
0b0efff50ef404fc
0ae813fce9f90eee
03ee00dcf6ff0ce0
edf9ffeaea030aea
ee09fde405ef0b0d
03e7fff703f71615
f5e305eef4f20504
03f308f9ff1ff006
09f00002011a0302
04f200ff0f060e07
fbebeff2fa000100
e3ee010d07fc0015
00fef5ef0ef8120d
080cfcf8f103f6f8
0414f8edf108fcfc
fff9fffaf40405e7
1204fadafc0af70a
09fdf3f0fe06ff03
0ff205e405082205
2a19eaf4f51ce503
f3ecdfe905041011
ff1af7f40f050619
fff6130d210d0a0a
f9c905e503fe0601
18fe0cf50507f7fd
0712e5fafb0cf202
081deffe12fceb0e
0915ea1705efe510
f5fc100dfa0813fc
f8f100e80319fdf8
ff1f01fbf701f204
f9f6f1e6f808fefa
fe1df3fcfafcfd0e
04100807ebecff05
ff02053bf5f1e7e8
f4fc070ff4edeef5
f0f9080be7ebeef9
161deee6000e11f9
0902fcfff703ef11
00fbe803fdf30124
efe613eb07f803e4
f3f2fef4fff3fbf3
0415021e02f7edec
181cf4e7fd00fbfd
140e0a19fee8e2fe
190fe801e9eeec07
06050c0fe4fbf8e6
f7f4e307e9f9f6e1
f915e90f04fcf904
fff801e90b03f20c
f90d0010fef2f5fc
222a00f3ebf3fbfc
fb150af711011811
f309160210fbec1a
0d04fdf7f8f60d06
00f81ee906f414f4
fdf504fcf6fbfbf7
f10500fff30413eb
0403f6e3fbeef407
eaeefd21f6f70519
fedef2f0eaf20306
0307f839f6f9f4f7
f7fe020e04f7f8f8
00040af9f5e5f5f7
1316e806f40f0efe
f7f9fd0cf3030204
f7f2dc02f7fe08fe
f2e723e320ed0404
eaf40f0013e2f6f8
01f90f17f4e9e5e6
fa07160513010f02
fa05fb02f904fffd
0bfcf30dfcfe09ef
040c02f005f6fef3
f1edfa1cf5070806
f1e5f40408f90207
f1f8fc1efbf20202
01f706f604fdf7ee
070cf60a0afbf9fa
0402f630effeedec
f8f8fc02f6f8fff1
fbfff9edf1f700ff
1126f1f4f4151507
1209faf7fafee80d
08f8e3e807feff11
f4f00df706fd06f4
f4f106000cfffef2
010a09010ff9fcfb
0000ecfef904f4f6
f5fc011405f9ff03
0e05f90501f70301
ff01f90bf90103ff
011af6fc02f7fdfd
0409fdf207f4fc0d
fbf5fc0004f709f9
070c0a050cfee900
0c07000cf5f504fd
02ff06fd030feefa
f4f7062f0114ebf5
f60f0e25070504f4
0604060402040110
fcfbf6050c02f61b
060bf51e06fc0b18
021927effffcfbf0
fcee0cf40e10efe0
fa1904fc0a03f8f7
feff1218fcfbf2f6
02030914f7fffafa
04030823fafaeaf2
f9040510fff7f303
fbfcf310f803fd00
05000b1dfdfdeb02
fb10fa06fb02ff05
fa07f908f8f7f6f8
041df90e08f7dff4
02feecf40103f5f6
0016f60011faf806
091dfd0e03f4e304
f8f5ff00f8040cf5
0ffaf4ef0218ebf0
0e0dfb07f1f6f40c
f9f5f8ed04030f04
0a2400f90dfef605
ff0909f2eb07fafa
f5fafb06f51b0304
fce60d1c0d00080f
f4fdff1117f0020e
f4e8effa02fe0afb
e5f3041001ed0206
07e703eafff4fd00
0314f8f9edf711f1
f00608f9fc0c0cf3
fcfb04eef9fd08f4
081ff8f209fd08fc
171805f606eae90d
0cfcfa1716f2f411
d8e70911f7fb13dd
dbdcf0f8f5fc11e4
d8ee000911fb10f1
ee05f7ddfcfe0815
f11afe1becf0fa09
04120015dfee0104
0301e017f60afff9
eff702fbfcff03fb
06faf6ddf6f804ed
0914eff7030211fd
0d0b00f304fcfc07
0efefbf9f7fbfc0a
f7db0800040702ed
0ced0cdc00fce8fb
ffffffea13f60601
0404e5020d09fa04
0519f3e620000114
180df8fd03f3fe07
12fc07fee00004ec
1208f7d6f50e03eb
04fbfff8f6fb1302
faeefdee07050501
0811fdf90ef90efd
0cf4110503ff1009
fb07fcf1f2fbfdfc
f507fdf901f8f9f5
050bfefcf6fbfcfe
04f915f4f401f8f4
fa0506f3fa02fef9
fa05020202fe0000
000000faf9f807f1
faf4f703ef04fbf8
f8e2fff6fd00f2f8
ff0bf32a08ece7f4
110503ff0a05fcf1
fef4062b05fcfefc
01f017fe04ff1ef4
fef80e09090c0df6
fdebfc0bf20b01f5
f3e5110006e80400
f3fef8fa0efa00ea
f1e807e3fffcee05
fa07ec000e0905f8
0e0d0bfc01fdfb0d
1bf200edfef1f9fc
fef3eefdebfe0ae6
ede6f109f5020cf7
e906e4ef01080709
eedd0cdf1afe06fa
06f4fffa0af8fe05
19010623e9eb0102
01fb08fae50deeee
f5f2f90ef01bf402
fde314ff08fde315
04faf204eefdf5fc
ede900e9f50206f6
04ed0afbe9f6f6fb
f8091607fe05f3ff
fff1fff10007fc00
000804db1008f7fe
060108fafc0df108
06fd02200e130614
f4f207131402120f
100c02fcfcf80504
04f309ef04f81904
0bf911de09f41102
1a1908f7f30d05f9
0afff9f10b1512f6
f0f305cb1b1c0102
0807fdf30bfef906
f40d020cf2f6f4fb
0a0df918fc0207eb
1a1103efff0ed5fd
0422ea12fe07ee09
fd26f10e05fcf810
fb04ff1efa0d020b
05f4fcfdfcf909f7
0414020cfef803ef
010802fe0bf60300
fc060a0a0df8f40e
0602fe0efdfc19f0
0b0901f4fbf9f4f6
f60bfafbf4f6fc02
030df50ef1f8000f
f80501ec03040509
fcff010f04f11415
fffdfb0ef4f70800
fd0e09020f041413
00fd170d1002f115
10ee00f910fb1d17
03fa1ada03ef0ef9
edea0cf5f8f802ec
ef0d05f2f1f807e5
fa0507f9fff4fe14
ebf30223f8f9fa15
fee6f0f0f3f60819
0406ecf30f15f20a
03f9fe031c28fc04
06f8f406190d1315
f9e60d050305e308
08e8fef60615edfb
130103fc0907e5ff
2011f8e4ee03e0f3
0119eff5fc0d00ed
07fcecd6f90804f1
04fbe91ee601f7f0
fdf2120df6f7eaf1
f2f708f6f5f4e800
0611f3f5f9fb03fd
0c1cfd02fd020007
020dec02f1020c04
fce912f3f5f5f6e5
0608f7feebfbf2f4
0ff90601f2f104fe
f9f514070af21716
011104f702f4f814
1afbf9ed0fed0704
0cfb01e0fffb0ff0
f7f60afcebf10ceb
f9150803fc0005ef
f10f07fd01f4ea04
edfc0512f3fafa0f
03fffcf2fef1020e
060202fdf70708fb
fcf2031a030405f6
02fef9f7effefff4
f6030aef02ff0d0d
f7f4160bfb0a05fb
fdeefb0afb010bf8
fff10ef7040206ff
fbfe08f50df9fa03
f9f4ffe01e09fb07
faf8050605fe0102
fcfc010004fe02fc
f8f9f701ff03f9fe
f9f6ff0302020802
f7ff03080604fe08
03fcf9010005fe01
fd01fbfdfff8fe0b
fefffafafe00fd08
f7fc04fcfa02040a
09f80bfcec00f8fd
ecedfd0eef070603
f9ed13fd0700fc10
05fbf903e2fbeef9
02ec07e0f7fe0c04
f3f40bfcebee00ee
09151001fcf3fef4
f3e1f3ecf80406f9
fbf401f8130aff0a
0f0af513f9fffbf0
0d12071104ebe8ea
1c020202fefce9fa
00fc0213eff6fbf1
f5f8df0ef800f508
e709e71efbf900fe
fcf2fcf00ff80314
0f00f80008f5e9f6
1a29ef06f1f2f212
0912ea00fafcfbec
011906fa0ff80009
06faf30afdf80c0e
fef10607ec01f6fd
07fe09e1f50c0ef6
f406020bfc12fd08
ead9ff1515fd11f8
faf701e710f00cfa
0ff216ea0cf71c11
f8fcfb1bfb05fdf8
dae9162b000aeaee
f50be835ebfb03e5
050e15f1fd00fd12
f812070af1f8f202
fd19e923f6f0160b
030c15eafefbfaf5
f3f817fb17fbeaf8
f60d04ee14fdf7ee
0e15fae90707fb05
101afb0e05f7df09
1214f002f3f1fbf7
02fb07f8fafe06ec
fe09e70cfe0c05f5
f508fe0f04000c07
f9f706db0d07ff08
021c100c0cf5f1f7
0c18050be4f7fb05
080a05faf60807fd
05f7fe090b040706
f7f9f218110a0e00
070d060009ff0402
02f506ed06040302
02f3f8060905f400
fcfd0c03fcfa0a01
0600fa0f060006fd
fe03000818040704
060504fcfc01fa03
f9ff0106fcfd04fa
0202fff7000704fb
08fe03fe04fa06f9
fef906f9f8fdf900
fd03fbfcf8f703f8
07fefbfbfafafcf8
010700f801f806fa
faf607fcfffe02fe
120bedebf613eefb
0509fcfff30efbef
1513f305020901fe
14ff0918fa0be901
fa05f7000503fbfd
fd17ec08ff04031b
01f008fb110108fc
0804070f100cfbfd
1a0a02f1f905f705
01e4f002f10c00ff
ebebf90bef2610ef
e8e40a21f8f504f8
01fde6f0f10efdff
f918fdfa09f3fb0a
000ff4ef09f8fffb
0513090ee6f518fa
fa0e00ebf40c08e7
fd0500fbf207efea
f8f0f207f7fbe4f9
fbf6ebe6f50805f7
f4ea050606040d0f
060a0506f607eef8
f607f3fafbfcf9f6
030af9f0f301ea02
f30212071af0000b
f5e4070208010606
01fd0a0806fef107
fcec03f7ff1cfcfb
f1ceefec0d282713
ebe501fc0afb100f
fb00feee16060502
faec11eb120ff211
11e900ea08f3000e
14f001fce7f617f0
03e6f9d7f20920f6
fdfc0cef02040ffc
01020502020301ff
04fdff06fc00fcfe
0405f9fb02fafafe
04010afcfef70201
020301f800f80601
fe030302fb040205
0201000304fdfe09
fc02f9ff06fdfb0a
fb0504fafdfe050c
07f5f4ec031df60b
f1e900f80716fd0f
fcf303fb11fd170f
fcf6f50604040e02
f6f203fe07070b07
01ec05fb08f511fc
1802f6f5f00dfbf7
0f0b00faec03fcef
f808f0f6ea060afa
00060700fd17f606
f0ed0c10fe10ff04
f604f3fe07ff1401
02f0fbf60102fd0c
fcea0df50afd0cff
10d901ff16e91001
0d1b02fce70106f0
f8fb08f5f902fce9
ecf4f6dbfa050deb
f200252809f51cfd
fb0e131cfff8f7f6
030502f10000f9f4
041310ec05f90506
ef00000cf0fe0702
edeeee04f9fc0606
f40109e408fa0b17
f1f6fbf3f8fbf411
ed10ff0606f9eb09
f903e60cf10af5f2
efff09fdeefbfa02
04fb12eff8fceef9
04fbf8fcfe0409fe
fd02fee3fefaf104
06f2f4fdf406f2f7
eceb18fd0bfff2fa
ece907f80ef8d7fe
0310060cfceeeb00
fbdb06f60311f504
04fa06e61816070c
fceb072724e71606
fff8f9ef011c1c00
f4f004060f04000f
0beef5ec11f10712
1502f2fbf00dfaec
0f0dfbf3f413f7de
fdf2fd05fc0006e3
0e00fce21309040e
020afbec1f020414
0bedffec13fc2c02
11fafceef103f2f4
fbf3fe01e80efee9
0a06f3f8f4060ced
20f908df010905ec
f9fa02f00dfc24f2
0af50dea04fb19f0
0927fc0ffc05edfb
0e0deeeb03f9f708
fee2fb03fffef601
03081bf704f20bf6
02f304e2f50004de
0106fd00ea04f3d9
f4fcffd706fb000f
ff14f207f4fc061d
ea040012eaf20905
001bfd2b0dfff4fe
0818041c05fae408
0b1af11e05eceaf6
09080a12f1010aee
fef3ebe8f60c01e0
0c0fe20dfa0002d5
f81df7fa0506ff22
e32801230003fa17
dd0e0002e8f3ee07
0d080c10fbf701f8
fcf1f6ed011105fb
f0e50e0401060601
081808fdf70010fe
f5e9fe04fdfc23f4
ebe8fbed05010101
fafa19f914f2f908
e7def5f506fe0a06
f2efff0a030701f5
01040013faf70cf2
f0040611f80812f4
f6e505fb00ffeb0d
04e905ffeefe12f8
fdea02f909f611fb
f8e0ea03fd0af707
ebea1a0bfae90000
f0ecfef80dfefafa
000aff12f5f608fe
190304fdf007de00
fb16f9080411f5eb
080ef91afd01f6fb
f4090509f81d09fc
fcfc0602050b11f0
ff0fe70bfc18ebf4
080005e0010ffff6
f0edeb09fc01f8dd
0bfcfbf8ff02ddf0
fafc24050010f501
f0e8fa0a0b040ff0
f5ed073116ff1afd
02fd14fb0cfef226
fbea07fe080a061b
0ef10a1b11f3130f
0d031c0afdf816f7
f6e705d8f41007e4
f7f2fad90a040bf4
0107140bf6f5f9f0
00f1ed11f508f9ee
eae10b0f02020eff
051a0003fb0a06fe
efe001f7f3010bef
fdf4fd020d11fafb
fe0914160301fd0a
e3e7fd01fcfd0cff
ed040311f60efdf0
0909f3dfe2f13fdf
f5fffcf5fae61e04
0d1f1d0a23f6f8ff
070bf7030402f3f1
0ffd0be3080200fa
140c07f400f202f9
fb140ee4da0200e4
0d11f603e3ed1b00
0709ef1d08e11dfc
f4edfdf100f5feed
f8f6f3ffe501fdf9
04f6c6f3cb0209f7
f504fa0715f90002
07faf8f40df71800
f208effae90eecf9
0201eaed0100f606
fdf0ea02f4ff03f7
fcf3e2f5eefae6fb
f9ffd5060116ddf5
ff060addfbfd1b0f
fa0713db0022ec02
1510fde4fa0c0f0a
0dff0106faf50d0b
0900ed0bec11f703
06f216cf11fc0a09
efdbfbcef0f70c0b
e6e0e6dcf0fae20b
f1ec05080c02ec02
fb00f9f8f30705fc
f70ce503e111f1fb
05f800ecfffafd0d
070508100ef21c07
f400e3f4e109f1f5
f6f20e211ef8fb0a
03f7fd0bebfe02fd
080ae7feea03dff0
f303303f17e51502
fafbf6090cf10ef2
0f0eef0b02faf4eb
fbee11f0eaf50eee
0cf207f2e9f10a02
f5ff08f514f619f1
0116e908f102e40c
12130d1febffdfe9
11170d2207fd08fd
090119def6f70808
03fb0a0705001014
02f5030426fefefa
0b110dfefef50ef2
01eef7f7fef20409
fd04fae908fdf7fb
00f7fefaedf902fb
060c110011fdfef5
ff0b1f0126f108f7
ede214f91f01e301
ebe40af2ef061f09
ecfae901d6160bf4
1402211018f4f60b
0f070ff00efc1801
fef9f2f5ebfcff08
f0d6280b21f4fb15
f2ddf71af3fb0003
edead4fdcd1bd20c
f6eced1a1dffecf8
02f9ec09ff01f7f0
0402f10becff10fd
f4f701e803fc0bf4
0afc0e09f4fa0bfe
f208fa00060efd09
0df5e7f1f4f8f60c
fffaff04f0f90b04
110200edfc13e5f6
0211fef4f901fee7
f00e13f1d5f21907
051b0e0102f10e0c
0e03e705f7f00002
0bf20614f5fc130e
0d0bf6fafcfb1308
f4f8e5d4d5031bf9
fffbf9d2edf7fbfa
f3fde000f9e9fb11
fafadf0a05f6f7f1
fdfa023616f6def1
03f60a0904fefef0
f4fa040816ed1bfb
0002e9ebf5f803ff
07f914f8fff9f2fe
ff15ebfe0a09f9f8
1608170e1503fbf6
06f60df80a0afeec
faf30af61fe41110
fe0defe9f6eaf602
f702f60b0afbebf2
04181f401efdebf1
0120ff13eeee0df7
080c101a1bfde7fa
effa0a3811f5e00a
fd12fa07f6e50101
f705140717e7e3ef
f4fe1e061eece8fa
0205f50514060902
0913e401f50005f8
fff7171afb07ef03
f6fc00f9f6fd04fa
030f06f9030700fd
e50215020aefff0b
00fb3f271c0008f6
111b0121f907ff04
f4d613041cf9ed12
05f5fbecf20bf800
f3e5e9edda0b0cf7
060603f5fa06f403
040d0706f8f71b02
f921f1f4f30feaf1
ffe51c2734ebf616
f70206fa1204f4fc
f2edfc08fef6d6f9
f3f22c1139fbf614
070403e7f70b1201
f719e6fdf11ef0f6
000927ef14f0f710
fbf4060417fd1302
f90703fbf5fffbfe
e8f4161624fdf21f
f7f6f11aeff6f7fc
f2faec01e817dff6
00060ffeef1ef7f0
0501e4f4e8f522ff
fc08fe17f101ecfd
0804f3eb130418fe
02e40f0d0f04110d
07e0e0e4f408f109
f504f2fefe02fbfc
052007ef03ff0009
f60cf61bf8f7dffd
ead81fed20f2e518
f0f502e9f205fcfd
e6f0f301ec0012f6
0814fdfbfb01ea08
0c1007fc0af60b02
f508eff0ed060201
f0e7284439e8ee0d
f7f30a0e1eecfff4
fff203ff06ecd8ff
f4eaeff8150900fe
0605f4ede1fa0bfa
fc01ebf2e318e0fc
fdfce9dcfcf1ff05
fa01fae8fbfbf3f9
ea05e705df00ec01
020005040c06ff02
09f8dcf3e9fc05f9
ecf1d7ecd113f0fc
f5e910eb02f1f71a
efef06f2f40503fd
f5f8fbf0eb051bfd
0012100a1200ee0a
011bf90407fa1200
fe22eefaf007fdfe
0bfb211d10f2f603
e6f906f510f4f9f4
09fb10fc00ecf3f9
eeee10f108e9f410
f9ffeffcf9080b06
faf2f8f2f4010800
ff18f8fc060be7f7
060a022815010cf8
141cedfce20801f9
fbf5041408f1f401
fdfbf1fb0bf3f7f3
0c0df705fe00f2f4
f5f910010905eef4
01efecf0e20204ee
fdfafbdbf00ff7fa
00fbfef40501fffb
0017fc0903f3fdf3
f713faeaec11eef3
150afb12f4f7eaee
12f9dce7e5fb2be4
f0e0dddee305fff7
fdfa05fe0afbfffe
0cf908f7fff40e06
f6fff3f8f809fb05
08f900f312fd000a
f3f7fbfbfe0c0605
020afcf8f8fffd01
fcf605e9180705fc
02f208fbfa09050f
0307f9faf601fff8
eff30b0e20f0ee06
f301010412ff0902
0605f203eb07f8f7
0a050403f6fdf1f5
06fe0b040a00ee05
151afdfcf208f7ec
ef0301f808f1fd09
fb0b17181002fbfa
0817f310000cfb03
f6fbde020503fae5
00ff0d0ff9f80aec
04f415fff4030701
faf5f70402f0ff06
fb0500f91afa1a07
0b030803f8f5fe0b
0af8fcf5fe0d11ff
f4effce400040dfd
fdebfaeffd031601
eae213f9280afbfe
f0dd07dff20412fe
ebffd6f5d813f5f8
050222030bf40014
f5faf0d6fc040a07
fefef1e8dbf40a05
f4e1241414ffed16
fbe70b2a08f5f8f9
f5fedaf0c41be902
eff8f7f40cf1f707
faf111030b0504ff
fefeeaf8f508f403
000bf9fa1609e600
070d090416051d02
081bf103eb01fafe
04060614f9f4f3fc
f8f007100bf00200
fffefc08f2f7f7f6
f803ea0de7e8020c
0108070709f506f3
02030b1506fe06ef
0e100105f9fbeeee
090b020f07fbf804
131d03040008ebfa
e807e0ffe3000f04
fd12252612faf5ed
180b0b1012d608f0
f6061dff0cfafef3
0005f604e4f50804
0b0de80af7f808ff
fcf6fe02ee0304f9
0902f403ef02f9f8
0006ebfff4ff05f2
fc07e4f7e402f4f9
fd00e807dff6fbf8
0106ed06ee060101
fc0001f4f1f00eeb
04fc12f401f41500
fef7effee9e911f5
f9ec07e4e5f8f006
fefa09e711f817fd
0210edffeafefe05
000ce6d9fbf80907
fafe00160bfe11fa
0401f203eafe2800
e5daf90119ffeefb
fc09fd06f806fbf6
edfef100f10100f0
1104fd0bf0fdf002
08fc060d0efa0ffc
0cfef700f806fcfb
efec071819f9fdfa
f8060e1201fd02f8
f9fffe10f0f9e8f8
00fa071c11ebfd0e
f7fc0cd80bf601ff
0b0711130bf5f0f8
08f30eeb11f7f809
f5e20c0422010911
f1e402fc13111d01
1910fc0ce904001e
fdeae5e1e30d0006
fdea2aff26f3f1ff
0b17e91ef0e607fd
141a001111e4fcee
2417130917eef4f8
00fef1f102f3ffea
fe0cfff902fefaf8
040d07f916f00200
1d26d5e6d506ecf8
23341eec160209fa
0f0b1afb23e90cf5
f9072102fdf80d09
0008f008f2fffd05
f015fbeefd10f6f7
0b0f230f0dfaf6f5
0c0efd110bfd0cfa
0d0902f3f304dcf3
07060007080ae104
f1f4d403eafe05f8
f3fbdceceb0104ee
ebf00cea07071203
05f8e903e6030cfb
eef8fae7f10c1bfe
0f0b10080a0403f8
0613f810fe0204f6
0f14f0f1ea08ed00
0700ef0601feffee
fc0af8f9f9fe08fb
f5ffdae4f01103ff
080feff0dc1bfcf9
0910faf0dffa3506
fa23f119f2f9e7fa
0afcf3e612fe1e06
03e51d021c041b04
f6e5f6e9f3fde5fb
fb0afbdc020cf9fd
0c1ef8f7f7fdff0c
f015fa0ef1f2d5f5
0416f90709e90df6
1406f50a15ea0eff
141310f60df4f2f9
09fdfee7edf003f8
05f911e3faf410f4
08fa17fe1cf70702
0f25ceddda0afdef
2110e820eaee17f7
0e05f918010007f1
ece703e3160ae5eb
fbfaf5fce80bfffb
01f2d3eecffe11ff
0305000e10090301
0612000cfd0803f9
0612e9faea0df0ff
02f3fc0f07fd0400
f7fce909f904f300
07fee608e9ffe1f7
fa0feff8f706fb04
fc001ae4fafd1c06
f02112130901f107
0d0df8f200f90e0a
0deb191820fc2204
08eff0ebf7fa01fa
00ff01f208020c05
0502eef4f9fff302
e902f103f1e8f205
fd0303f2f9070bfd
fbfcfbe4f7fc0c06
08040cf1f509fb04
02f307f00f0f1204
0e04f7f20004f604
fa06fdf00105fc00
010cfbf8fb0417fa
fc02e8e2fcfd1702
f5e90cf3fff015f5
fa07f9f8fe05ff01
0407fbfef8f80102
faf7feffff06ffff
f9ff07fd06fbfc09
fef904f60507ff05
fe08060500fc0907
04fc0afe00fa03fd
fa02fafc06fdfe0c
0401fd01fe0600fb
0202081e02f4f9fd
04faf7fff4f103f8
0f1413f305e8ff01
05f7f61316faf4f7
f5f9130e01fe1b0c
01f1000a050f0404
1d0ae409d7fdff03
03f5ecd8e2070801
fee314fb17f5000c
f3de21ef19080612
fc0203f0e1f61604
f411e3fdf018f3fe
04021fe211050312
040213f81809200d
f804eeebea0bfefe
f4e712fb09fb010a
f1ebe9ecf3f3e80c
f90bdff6e312ee10
f3e505020aef1c03
050207100df601fe
e801eb050801eff0
01050509fefcf8f9
f60215f10a0616fc
0d12eaebfd0cf5fb
e7e70d010afcfef8
f2f1090e22f513fd
000bfa11f2fc1ff1
e6f60009110aecf9
03f5eac2d5021103
00e600c6e01af8f6
fafffbe4080b0c02
1413fdfa17f816f0
fd1a07f3f41012f3
00f5fc0409fa01ea
00f2dcd5e00927f6
e6c5dddae1080af2
e9e20ff616fff4fc
fef2f4f0f20b00f5
f807e500f11bf5f0
050212e606fb02fd
05f9f2fe06ff0406
0e11f5eee202ecf6
e7f90c2716f906fa
fc020b19f502fefe
fe06dc09df0ff9f8
05fffcf4e70417f9
09f9fcfef6fb18fb
06f5fcf5eef8fc03
fcfef9effaf60005
fefef7f003000705
fc07fc00fc04f806
f7fff7ee0202f4f9
f5fc04f6f5ff0904
f5fbfffc03edfc02
ff03fdfdfdf901fc
fefafc04fbf8fe07
fff80004fe00fb05
0500fffdfafffe05
fffbf9fefffe0504
ff02fffc050700f9
0402fb040207fb04
05fe02fd040406ff
03faf8fc06ff06fe
f2eb1f02fafbfa14
eef90101f705fefc
0607fd03080300fc
101517d9fafff204
ff06060f0af50609
0907fde80804fbf6
09f6fe11faf1ecfd
f404f9fef6fb0608
1d1205120009f2fc
ecf8f0ed25e9f8e6
f9f3fe1407ffede7
f105fce6fd0405ec
f9f3ed240aec03f8
f800121f0b07fbfe
070607ff06fdfe00
07140f210708e4fa
0105041709f9fbf9
0dfee8e8f11007f7
02ed0a0003f90d06
faf6fbf70df9070e
f702071e15f110fc
11000617f7f8f3ea
0b020bfa0ef91d00
0301fc0bfbf80b07
fbf00615eef9e914
f402021b09f2f704
ef0c281d2aeff2fb
fa08ef0e0dfe04f1
f400f1330ff0eef0
f90a060c0506ebeb
fdfbe11aecfd02e5
0c07f104def0fff3
140e031410ff0705
0f0a01090700e4ee
1c04f80008e70709
01f107fe13f7f0f5
0101030a030603fe
01000105f506fb02
06fefefe01fd0109
f9fafb04fafc0503
00fd00fdfefdfb05
fcfdfdfffe01fc04
faf6040305fc05ff
04fd00faf9fcf902
0300f5faf904ff0c
f907ef290bfff2f1
fc04f22c14f8e5e6
0aff02fefaedeef6
fafaf60104f811fd
fdfa03f1fdfe0306
090603f4fef5fcf9
0f19f70dfc0be600
1f15080913fb0afd
1cf9fbeffc0903f2
f408eb0c1613f0e6
fa02071602fd07f6
01ec01fc050ef5fc
f1f5e7f705f30dff
0403f4f7effd0900
151afbf1f2090704
220d04080bfdfaf1
1d0a0afa17fffbf5
0ee003dd0a1208f1
03fbe9e9fb0cf105
070219d3f2001207
02fc01e1e611f801
0a0bf6e601030b09
01ef170a10051706
f9fee5ffdf15fc0d
06f30cdf19000d06
f8e1fbcb090bfc16
eee7e5d9f2f7e818
f7e409f92afce409
f8f312e700110b07
feeff019f8fc1200
030f00fb0502ed07
fff912072e031602
f9efedf6f6fc1805
08e630221907f817
f1e8220816f500f8
eeef23140df7e804
0303d21cebf511ea
0001033f1df6e9e7
0203060efde8fbf1
fffdfcf3f1f610f7
fc0703e100ec07f4
080f1dfb14f4f20c
fb19ccfff101f1fd
0d14062a11fafd09
06fa0efc0e0814f7
f1f9ec11e9040209
00fd0a0821e908f9
01082a050ff9eafd
0b0ffaf6f9eafeef
07fc0bf9fe08f904
250a0aff0eeeea06
f111f420fe0bfafd
001210201bf503f3
070a121e05fa06f8
100600f509f5fe03
040c1dff1ef21e14
060afff4f2030af9
03f705ff05f5f611
f6ea04eff405f907
f8f501e60cf5f60c
e70727de0cf70cfd
060f3a1225f5dfff
0bf50a0ffddff70c
fc050c0a0509f101
01f3fe13f9050c03
f70efff3f0130afb
0a0601e913fbfdf6
0cf307fafd050911
0e00e7ebe20ef5fb
0b1618d90005020b
0b08190d10fcf50d
fdf1faf6fafef301
00f1190c11f8fc11
f6f2f0fcf6010b0b
f004f11ceeee08fb
02f3070209fffcfc
ecefebf702001404
efeff803fcf80416
eff31d1afff9ef26
e9e9050b02ffff06
e4f113f6fbfef514
f7edfc01080106fe
f1f51bfdfd051d0e
ea04e214e8feff00
f6ececebf2fb010f
e9ec04fc02f80118
ebe2e5f901040607
efe6040a0ef50424
ece4fe0802f50f09
e4f2fc08f4eefe0c
fcf21101f4f600fc
edf20a0001061216
0512f5ec0407f5fa
01f60c0ff3fde9fa
f8f9edf7effc0200
fd1111f608fd07f8
0805e0eafaf404ef
f3f7fc1607fff90e
faf90a1a00f515ff
00f5e8e2dd0229ed
fce9fbf0e7ec1af1
ffe7fff2f4eff8f1
f400eddbf6060b01
0a1c08ebec05fbf3
f915f2ded5fef802
1110d4dcbf06f1f9
0efcdad1dbff14f3
ffe7dec4d6fe16f7
05f3140921fcf122
fbf5f6e0f40c040c
f4fafcfee2fe08fe
05f221fe14fc000e
f1e9f8fc00f70b0a
e8f006fc14fc0618
04f91c021106f823
e9eefeeaed011006
e9d90ae5fe08f208
db07ecfefdf0110a
e0f8d0f506e81d1e
e7e7d3eb1aef2106
08f6edf7fc0eff0c
f7effefc13031efa
f9fb02f720f70d38
fdf4fff90cfc00fd
f6fdf6f90bf707fb
1ef8d9f2fbe91607
f2f813f0fff8f825
fa0902faf91bf906
ff1221fdeaffe3e2
fe070ff6f9fffaf3
0efa030bfc05f5ec
09f508ee06f30bf3
06f90604f3f30304
fffce60afdfcf71f
efff0a05f3e8f91c
f209fb21e9fe0c04
e9fad40410f10ef2
0ff7e3f6f0fff6e0
f7e7fdfcf8f903f2
0509f403140cfcff
f8ef02fd04f00205
eef0f7fafc0c0507
d9ef08ee09ef1111
f0f6e4fe0ef5fe09
00f313f8fafc03fb
15080ff5e50bffdb
090c0dfefdfb0fe4
ebf0050cf7edf7f7
05faf8fd18f5f90b
f2e606f8f4e106fd
f812f8f3ec0c11d1
051305f6ec08fbf8
e41411f106fc02fc
090dd32e0712fa0d
f508e5dcedfdfb20
e204edfaf809040f
1301f3fa0000de01
0708edfbfa11ed12
0bfb03000ff8f005
20e5081a06fbf82d
09ef0beb0710f30a
0fe9f4f8f9f9071f
0605f9090301f9f1
f701f111ecf403fe
e900fd1afff2f606
0714ebe9f309fa07
ed0efef30405f405
071706f0f703f810
ff10eb19f9f8f5fe
0201fc0804faf8fd
0cff14010e09010d
04de10fffa0efbf9
1b04120ff319fbe2
11faf8f0edfdf9d2
feedf51cf5eaee05
fef307100af9f0fe
e9e5f00303e30006
f11402edcd1105cf
f01700f6e4f1f8d3
ec0a19f0fae50be8
0109100af4feec15
0d0a05feee0cf407
18140afef412e3d5
f5f314e6f5ef04f4
16f407ffff0c08f4
f9f2fcf806ff10eb
f208ee03fff700fe
f308ed0e07faf121
ecf51d0d19f8ed1f
d6f9fdf2fbe101e2
e5efdf0000f507f1
f7e7d5f501f5fdeb
0a17eaf4ec1f00ff
0dfaeb0f1509f501
041818fc26060b16
070de2f9f9fefaec
e2e300f1fbeff5f0
06fe05fd07f00ef3
f917fd00f307ff08
ff08100ff2fbeff8
1804050f0cf9f4ec
0ff3fcf701fff70c
f6fa0cfbfdfc06fd
f3f60cf71b070406
f6f9e4010805f805
f4fd0e08190e040b
110011f5f6070012
ead7ef1101f60205
e8f7fcf5f3f30306
f6f10103f5090dfd
0bf7ff1d08e5f114
f802e9f21cf0060a
f5fcf20001de060d
ea01f116f6fbece9
ecedfc0b01f70cf3
f6f7f90e12fafbf3
00e8fbec1400fd03
100202edf6050b04
1af803e1ff0109f6
0905f60fecf8ef07
fdeef40106eef318
fe09101300fbf2f6
1ffa18ebd92002fa
16fd19e0f31005eb
f30dfcebf30202d9
03f91efff505f913
171319f5e918faf1
05142d08d202e6e1
fcd9141108ecfeef
06ed05050400fff7
f6ceecfa05f3ffea
120ff709edf307f3
0401fffef0f70103
e902f81203f7f605
0ce809010b0ff5fb
12ef06fded16fae5
19ec06fbef0601f6
f7fff916f3f8fa10
f3f9110407f0f013
efee0bf4ecf3ff05
04130505da2011f4
0d100aebe708fbe9
02ff0cf0fef905f4
e1fc0107dfe707f0
fd05e4f4fb0efd01
fef6f3f902fefef7
f906fbf9ecff0cf0
060afe0b060bf2f4
f50001fe11f3031a
0ff9f0fd0003f0ed
e8f5faf6fbed01f9
f9fbfefcfede0de6
07f11404f303fc06
0afe0f00e810f1e8
fd1217f8df06fbd6
faea030806fbf005
02f5080a0c0701ec
f3db14f213e9f8fe
1d17eefbeafe09ef
000ef9fff1ffffe9
ef1b1e1107f6f6f9
f404ef15fa00f9ee
f501f911fc05f5fa
fbedeff7f0fa06f6
f8f0f0020bf2f508
010ce20d050af10c
e7fede0c07e2f60a
d9edf5fafcf5f9e2
fa0bfc050af8f707
f8fe1103f0ef04f5
07ff17f8fc05f81d
10060dfce915fbe2
fc0f1c05df09f4ec
fbe50bfc06f9f9fe
f4f40afd11fdfefe
ffd30dfd16fd0308
100afc05fbfd0408
08f1f40cf5f4fdff
fcf813140bfff3fc
10f813f6f5faf701
1bf813f8f202f8f0
07181b05feff00e9
e7fefaf0faf50a07
050218f9090304ff
050216f5f2f903f5
04190104f300fceb
ff050afbfafa0af3
f80b20ee11fb0d15
04041411e70902ec
f3110712fc0b03e6
1000090cdefef1fa
f1f4edfa08f1fa01
08f8f8fd1a03fced
f4d9ede71df70b03
f309ef04fcfaf410
0810e90d07f5f70c
0010ed00f3e7fa0f
0b11fafe0817fafa
030204fd0508f506
fb0a03f8ed03ea03
1003fa09fe01f4eb
05f4fff901fbf5fc
0301fffafb0202dc
fc0103f8f7fb03fb
fd090bf705fd020a
f8fbfe03fefb11ff
0ceefeee1a040103
06ea19ef02011403
fffc0efb0b040efb
ea0bfe06f6eff804
fef8040101fefb0b
fa001afcf20004f1
1b0c1df9e31e0cf9
0c0f1be5ed1704e5
031106f9f3fe04f1
eefb04f6f1fdef06
f000e8020809e8e9
0b03ee06fef8f1df
150409fbfbf7f9fc
02100200130003f3
030cfa012610f6fc
fbf2dd0500fff4f3
06000a0a05fbeeff
16f512fdfb17eb0b
0bed10000803fff3
110907f9f216fef0
02f507f5fb0401e8
0deffc10f5f5f808
f2f30d0af5eef213
f1e3f80407e6f702
0a0705f5da2313de
051c09f10210f7de
fff928fffcf618e4
0ff916edf009fb06
0bfb0c0cf5020102
03072e08e40df6fc
fd010eed01effefe
fbffffff13020009
0cf815fe12fd0207
fa00020409fc07fc
ff0ce5030cf70f08
f3001d0ef6f002ff
00fa0bf119f3ff0f
fceb0ff7fffd16fd
eef8ff01030012f4
f201fdfff4110118
f00d01f813020c0c
060316f809fe0218
09070815f60f090b
09f9230204150ce6
05031bef0cff0002
0cfcf5e4ff04f9f8
f1f6f6fafafa02fd
fbf9f2f30500ff06
020ee6fa040bf211
01f8ec010105f005
fd00faf701faf80b
07fcfcf208f9f204
02f3f3fcfbf7ec09
0cfef9f604f600f9
f30efce011e7ffff
f812030df7fa0109
e700e7de10e81200
fa08fbf50606e606
00fbe507ff080305
00ff1afb1101fc09
150817f5f60b02d5
1f04fb00fbfde5f4
04030efcfaf90aef
fbf615ecfef3fdf2
20100402e6100be7
16ff0ffbf50502d6
f8eff909f6f2f7ff
0a0a0afe02eef414
00f603f907f7fd06
062603f9e21405da
011c05f8f905f8e7
e71225ee0bfdeef0
f3ef05280629ee11
ea06fef7fb0cf102
041bf10cfd11e3f8
17f805fb08fb01f3
0214eff4151103fa
1afee900170f05ed
0509e21700f6f617
f4f9ef0f0defeafa
06f4071425fefff7
e700ee07f9f7f710
e901e80208fcf7fe
00f804040706f200
0817ebe2f500faf4
0712e7f00d0900fb
0a130eef20120d0a
02fceb120ff4e127
14f4f61103f9ed18
21fdea050300fe0a
18f0f901150afe03
20ee02f3010403e6
f2e105fe04fc1cfd
de04fb0806ecf810
ffff17ef14f20102
f3f913e3efea18fe
df011402f90207ed
000a1feff2070df1
f702e7e8ebf313f7
15effa06fdfafb09
0ef70afef90906fe
f0ed1bf4150e0be2
fc0ee404f502f70f
01120404fbfd01f0
f3032bf3f4f00501
ff1902faec0000fd
fa0f01f4f9f80afb
ed1aefede8fcfdf9
e9ff0014eee700f8
0309f703f70bf404
f3f4dff00afdfbfe
07fff601f20314e6
fe11f9fefc0cfd07
eaeaf9ff01e8071e
fadfe0fcf6edeaf0
ef06f708f0e00bfb
efe2d6f5f5d713f0
e90cebf609f10201
dc0de9ff12f10824
f9fdf0f50bf2061d
0a16f5f40010f21c
f2fff0050e150220
f613f9eb0606f12d
0efb0afc0709ee1a
01091af01c0ffe21
300801e7fe0a012f
09ef24e9f008f710
17011900f214fbfb
1f071ffce915e2e8
f8f505f907f7fd00
fff9fa0000fcf8f1
f8e607020605fc01
f60df8ecfff30103
f20eef00f9f2fc06
ec160cfefcf8f8e1
dcff0005f70003f0
ed03e803fbfdf7f8
f9ded0e80af9f8e6
0debe60afd09fd02
fd02f114100cfd10
fff8e60019f2fb22
fff5eaf30afbf3fd
f30205ff01daf902
10f8dff612e418f6
e804fd0eebf5fb0f
ea03f209070bf903
f404ff08000804f6
07fc01050701f5fc
fa09fc0410020207
faea06050a0612fe
f307fafb12fef8f8
0c0a0807010102fc
0a05f6070e05090d
04090703fb0500fa
06f8fffa01fffbff
fcff03070507fffd
030804fefbf9f905
0503f901f90800fb
fd00fe0404f905fc
fffdf6060207fcfb
f3fbf806fbf7fe06
06060104fcfe09fa
e8f4071c0218ee06
e807e9f2fd00f10e
ff07df0af50de7ee
21f014f30407f8f4
1014f0031217ffe7
1718e9061f1cfbf2
f914d11307e3f10e
ede5ee1413d7eb05
04fbf80e24efecfd
01e817fdf710fb05
1c020504f80af9df
f2070904eefeffea
00f00412f8e5fb05
faf1fa021ee9010e
04fa10f7f4f904f1
ed0deff5ea0104e1
f80a21fcedfc0cf2
ebfb0dfe180201f5
f8efe9ef0af8ff15
f6f3e506f8f40dff
e4eef3fefd061df1
f9fcf903f90bf7ff
ea08fefe04070617
0b19fc0bfffc00f4
070cfe03f9fcfbee
0609fcfafb0304f8
ee00fa00fbfb0ded
e8f60f19e002f8e9
f2f9ff10080100e9
07e91804d4fde9e9
f8f9e6000700f901
1301f5fe1906eff6
efe50cf10af2110a
f5fc0100f500f7ee
f80ff90803f0fdff
f60ff50307f201ff
05f301fafafd02f4
0efb13f8f50cfef4
0af502faf0060cfa
e8fdf8fef8f5f911
f8f5f50706e8f215
f0f209f6f6e1fe0e
fb1402f5e1161cf5
ff080ae7e70512e0
060401f7ecfb11f1
fa09f2fe09f9fe04
f708f70a0efeff07
f5fceff80500f80c
fc02f705ecf5000c
fdfb07fef2030103
f70103fcfdfe1904
feff070bf4f100f5
0002f912fffd010b
00f7f202fcf6f50a
fcfbff0102090408
0207fc04f9060605
fa04faffff000307
060606fb0604fc06
01fff9fefffefc02
fa05fe0102fa01f9
fbfdfbfafb030104
03fd0507fb05fd08
07fafa0404fff8ff
13000b00eff5f40f
0e0806faef0709fb
01051813f2ff0d0f
e40df1f905ee0a1c
fef90f0103fafe09
fd0f15ec01f212fc
0015fa0eed11fc07
e9050603fc040ff6
fa0b0feefaff0311
01f404e2eb08f1fd
fafa0c0ef0fcebf8
070519fdf8fcf3dc
01f4f90217eaf707
0b030707f90505f3
00f3210a14fd09f4
ea0806f3fafaff18
faf706030a06fd0c
151000f9edf80007
15e5001d0bfeeb09
16f4fcfbf407ff04
00fbe6fc0b03feec
0c02fd0beffbf40a
ea0bf901f5f8ff03
1102f406fdf9fb10
0412eb18fd00edf8
0a11e50afc02ec03
fd100707240afd0d
fc0de81cf6f5eb21
e206eb12feed0024
fe09dbf803fceee5
000aeffffaf3ff0e
0e0ef202070f16f8
f9fee80028fb14fa
d301e6f907f1fc12
eaf7d7271ffc0b3a
fc05e3ff0003f11a
01fe03fe06fcfcfe
fe07fd0303060b07
04fbf6ff0904fb08
02f900fafd00fdf7
fffa0008fcfeff04
fdfa00fafdfffef9
f803f500f9f705fe
fd02fbf8feff07f9
fc05fbfafa0509f7
ff0e100cdefef013
01150b0c05feeb05
130105fcf20cfff0
05f7eff6f9f609ff
fc0409fe060300f6
fff611f61d0207ed
eefff2f708fef90e
080ff805100dee04
05fffdf7f6fdf417
f3240403e9f4fefb
f20e070bfa02fafa
060af80be302f2f1
fb0aecec0af800fe
fefe0df419040fea
fcfef2eb2dfd0af6
e2fcf00616ececf8
fa0f030d1c0dfaff
1bed05fde707fd04
ff090208fc17140c
100ff8f10d1904f3
0901dff8050bfef2
04eae91f04f7fded
fdf6f206170bf5fb
f1e6e604fff1080e
f0eff202f5ff05f3
d8fb05fc04fc0518
eef9eb0906f70501
10de230af30ce71c
1d060501ef1602e8
1f061a0be50cf7ee
f60d0fe3fef0f909
f8f902050bfbfa00
f5fefa040efdedfd
1522f709f01506f9
041cd80a0b0504e9
ee0e11181401fffa
f507ecfa00f3f40f
f20c0419ffeeec12
080105ea04f5fae4
e7f2e813f3f9ef14
f0060600fcff03fd
f5faf3f110fdf505
ecf3fc0009fef60c
1bfcfe0e0e0bf80c
1bfaffecf50bfd21
db10ec05f4f1fd0f
fa06effa0bf10501
e6efd9fa0fec1302
f1f902070c1cf510
e31213fb10080d0e
01090fff03fe091f
e702fd090b10ef0d
02fc210916010cf5
1a0605ef03fa0e14
ef10f7f505eafb0e
f71414f502f61708
f5031bf810002213
1d0a0bf3f72600f8
10f60cef11080a07
09fc2b040d101419
21ef170af60e1405
08ed1bea00081cf9
fa0302fef9fb21e7
0c0a0bf70ef0fffc
06ff04f207050f00
efeaffe706fb11f1
e8f3fbf6fc0b03f9
01f4141001031317
fdf937f8eef70d12
f3f0f903f10c16f5
fb0313f6f1fd0df3
060208e2ece718f2
f8f4fc2013fef323
fc01f208f809f216
fc01faf4f1f8fe0a
fdf50108effef313
eff7ea0af2f6f900
fbecf108fc050307
1305ea0bf808fbf7
08f3d81bf0fdf2ff
f405fa0ffd07e809
f5f1faf009fcf212
f502ed0eeef8ff0e
fd0ff0f6fb09fb02
feef02fbf701f9f7
fb01f513ee04ef07
f5e9db160d02f408
0cfeeb02f50604ec
02f9d40f02f2ed0b
f607f9200a09f7ea
fa03f30205f6fe09
f00a03ebeb05ff28
e7fbededf1fc1105
0e00ef19fc03dc17
fc02fc0ff70af91b
0a05fffbfafbea25
2ef516fff21a010e
23fdf6feed0bf004
1c08e5fefc040af9
d819d90cf6f4fc07
d71becfc1001f117
e310d00d0402f1fa
fe02f0e50af8f600
0b06e7f41bff1909
f7f0f5eb20f521f3
d0ecd60d29ecf909
f1f7ed1125f3f924
fff0f1160bf6fc1c
e9fcf81c1cfcff24
f508e901f3f8ef1b
eb09fef5f402f902
0ef9fb0bf806f70f
fc01f30af8fd0308
fdf5e40603fff909
f600ec15f209fa11
fcf7e316f2fc020a
fcf8e50c0703ef0d
0006fd09ff0e14da
e8fb09091101fcf2
ec03141026fdf3fc
040a06fe07fffafd
02070800f80002ec
e9030a14f60bfc01
0ff610f3090003e3
0603fff8fdfbfafb
fdff06ecfefbf5da
0901f228ea00f8f9
06f4df04f7fefa1e
3607f91fe9090110
060a13f5020b07ef
03f1110812f7f300
0af81cf70ffd0b10
f6f8f60bec010807
f8fc00fcf906fcf7
02ebf41afe07eb0a
e6000f2111efeb03
ce070b0b18f8f810
f90212faf3e70d0e
0108ef1807ebfff6
ee0bf2f4fbffff0e
e4f90afefc0607f1
edf5ffeefc01f113
f20f0e0c0f00fdf8
f5ecf7fef30f1411
0614061f09f6f5f3
fdf9080603e30119
fc131704fff30412
09ecff0ae60310ef
12e10bfc000e0200
0cf0ee0611fef2ff
fe0aed131600fbeb
fd0cef0805f00f06
0105e7130ee70af6
eefdf8d4eff817e8
03e9f6effb0afef0
08f2e7ec0df900f7
f90607f900fff5f9
ed0cfbfffb0b00f8
fa0711f70e0efd01
05e506fbeefc15e2
02f40701e60904ef
03f508e7f40fefdc
fc0efbf7fdf80bfa
ed0ff01e08fa0004
fcf6ebff0301f30b
09fe0ae8fd01f6ec
00f111f1f40f03fd
fffd15eb06eaf10d
0afd030104f2f9ef
02f00409f8fbebf7
14ee00f703fefefc
f910171af5f2e8ff
0b0d161407ecfc02
00052702fee6fa07
f1ebfe1aeb0c0009
01fb0ff8fc130a09
eef900fd0512f914
f904ff0713fe01eb
f916f2f90bf1f9fe
f5fff8f9f5d51ef1
fef8f705f804fd0d
03f0e8fdf410f60d
2406ed11fd000102
fa0cf7f801fa11f9
fff006f708f0f7ef
f8060f06fff406fa
f407feebf3ff0b0c
f5ee01f2f6f7ecf3
04f3f3f50507ec11
ecff060718ee00fd
f309120d29e9f702
f30b1d0214f5f6f3
e8fd04eaefed1807
f10c0006f6eff315
fcfa0ff8ec0df105
eef708dd0ef500fc
f6fbfce215fcf9f5
eaf5f8f402f50400
03f8ef03fe040d11
0ceee40b0c010a16
1301f72105060419
010917fcfbfdfeee
0bff04fb0503fd08
fd1222fa1202ff04
0108ffe7f8000307
07fc00e3f105fbee
fff50708f0090410
f70a060009edf2f9
0c0ef9091404eb02
fa11edf4130cfcf8
08f0f5e5ed0f0a0e
fffe02fd041101f4
fff5faff0b10ecfa
08fcdcf014f4eff6
13f6f21908f6f9f0
10f8e5f60bfc05f6
05f504f3e9fdfee5
18fd14e5fafff9eb
18fd12040af7f805
0ff2d71cfdf812fa
f9fbfc0bfe15f106
fbfcfe22ff05fb02
f91d1417070610e5
fb0b01dd01fa10f7
ee15fcfe04e7f1f2
fbfcfb0bedf6eb01
1a05e9f5edf9fe07
1308e701effa0d0f
f20104fcff04f9f0
f3fafc0e06020008
12f206fc06030107
faf0f20cf6020dfa
00fdeb02edf5f8fe
f6f5e121f5f5f80f
fe16140a03eaf6fc
fc04140cfade0013
ff0714e704ecfd0c
0eebec0de30002f0
1ee70ee7e713faef
fdeef80b070d0101
f10e08030a1106f0
000f03fdfa0009fd
f00910fe09f01be5
fe0ae01904fa0de9
06020ddf0bf0f315
0301f1050cf601ec
f4fbf9f0f9f9f70f
f5fdf902ecf3f81e
f3f1ff08ed03f8f3
e8f2fdeb0df1f60b
ef05f6dc04f5f4fc
faf9edf70ffefae0
070f0214f6e9e4fb
0d08f4faf4f1faf9
0012f60002f107ff
f4ebfc0ae90c070a
f7f613dcf8000e10
12e507f6f30efc01
fcfee210fc0c1fe7
f5efe503f7f0f106
04ffdf12ecee07f6
f7f9fd0311020303
f401030b06ff031b
f3f307e9fcf00703
f10af7fcfd0af9f0
fefaf50b0802fffe
f6f4f4ef0bff0706
0402ffec02f3f807
e810f70b0b0008f3
ecf4eff5fd0f1606
1a10fd08eafdeffc
ff0bdd04ff030306
1c0be10ff40eff05
ff000803f90602ef
f3f90bee0100fc01
26f708fc030df008
0ef5e913f6fe1de4
06f9dc0f02fefcf3
13fdee14f7feed02
0b1c0306f0f6fffe
06fe0002fbfaef15
f50cfd05fd060511
02070dfff5f90eef
16ee0aeff6f207fd
fef0f51507f401fc
1208fb13020af8ef
09fdedff06f606f7
1006f71c0af3f3f5
1102010ef5fdfcf1
ee0f1520f2160417
281410f6f3040511
01f513fc06fb070d
02f3080a0a050306
faec1dfa0bfafb06
0607ea00fce61205
ee06f219f70704eb
fdead101fb060a09
fa010603fc0803ff
01fd08fdfd0402fb
02fd0eecf7fc040c
fc03020806f90007
fafd0207f504f908
fb0305f408020302
fa0013fbfcf5fbfc
ec04080bfbfff5fe
fa021405f6011815
08fb120deafa04f2
1cf60ef6faf3f8f0
02f5111704020112
04f7f714f1040fde
02fe0b0eeefef501
0b06021c09eef70e
f4130b1004100af5
030aedecff0e1202
ec080506f8f2e9f9
05edee0efd07f60b
07f3ec110efe0904
0a12091e04fafb1a
fcf90eeafef30ff9
08f70beefc07f30b
f00a19e3fcec06fb
ee0106f6f0f8f5fc
02f706f9eefd0003
f8f012e2f401f70d
f208091000f1f4ff
0b0dff1409e50204
fffb0e0808e60011
e6d203f7df0a2115
fbf01d00e5150008
eaf20df00316fd14
e70cf3e81704fce1
fc07f9e2f7f306f3
0006fce3fcf017da
100e000bef07f208
ff08e9080906fc04
1d08f60ff1150418
05f9f9f5ff1112f0
fdfe06e6000ff5fb
06f708fd0405fc0e
12f7ee0eff00fae6
07fcda0909f902fc
16f8e31500fdf416
0ffc03fa0203fafc
25fd00fd16fef2f1
07ff061b05fff81c
140bf80ef4fefce0
020d0504f904fb08
16ff09fa05f80012
0f0206f808f8fff0
1d00ebfeff050aec
fafbfc15fcfdedea
faff05f502f909f7
01ff02f1fbf2fffc
f60300f302fff108
f7fdfcf306f6fbff
f8f806fb06050206
fbf801f40003f70b
fc02fefef5f302fe
05feef02fdf0fc02
f806f9faf3fa01fc
0d050deff4010adc
00f5fcf501f608f7
eaf5120205e9f610
06f9f627fd11fcfd
fb0000f30403fe06
f4f2091dfdf80219
fb0512fbf80b1de7
faeef2f9faf312e7
e713040af504fede
070bff090af4f406
03fcf91109e4fe0f
09080a0e00ee0507
05f8f704ee0707ff
11ec02fdf810fe0f
faf304110f0ef305
f201ed13080103f9
000fececffe6fff9
fe0bea1602e5f4e6
ec130313f2f7f5fe
ee03ef07fffaff04
020eee020d0cf806
ddfe18ffeaf50201
e10b1b0ef605051b
d6ff14faf007f4f1
e9e7eee7f6fbf105
f5f40506f8fff40a
04f507e60a0df1ff
fa01f3f20df417f5
fe00e5000f06050a
130aed101501ed18
12130eec0000ffea
07f50b090efbf0f3
1e0917f203eefe00
0401f6eef4f4020d
fafb12fc0107f20b
faf812f40308f519
11f90a1104f6eefc
0ffd0f0bff06f81a
fcf410deeee70200
10100f06fd0701f4
18fb0bf603fa04e3
01eef3f50bf90a0e
1907fdf5fe0306e9
ff12fd0203fd12f8
effef82709f62ef0
0df0f41201ed0915
18fa12fe06fbf911
02f0090cf6eeff0e
170005feeff604f3
09fd09fcf6ea0bf8
17fdf00909e6f907
0c00f60908020d07
090af2f006f00905
06ffd91602fd07e3
f9fce61111060bea
1202fce310f0f710
f609eff11afa06fa
ee0309feffeaed0c
f7f8fa09eaf7f619
ebef0a03fa0dfd01
ebf2f7e100f5eb05
eaf8f0e605fcf701
f7eeecdef8fb0b02
fc020c07f70f0bf2
f9fd070a001a030f
fc0103141a0ff413
12090a0707fc02f1
fb0d0f030f13f4f7
fa0110080208fcff
030203e7f6070fdb
04f114dff827fce6
05f810ff0013f1e7
0b160613eef3f3ff
0ef4fff3f4fe0208
220c0912f60104ee
f3f9fcf3fefd11fd
02f306f80400f40e
04ecee14fc060001
03f6f711f3090f04
0008e20502f30501
07f6ea1e08ecf804
ef0d091117f9000a
ea0910041becfd0e
e5171de51cfdfff7
e20208e7f7f2ee04
f804fa1ce6fff109
e0f8fafbfe140b06
e5fdf0d90f02e90e
e2f9f6ee05f5fb02
f4ed08e80ef41413
020c040bf6fefdfc
edfbf8f0f6170bee
fa0602f5000203f6
06fcf6f9fbf80800
00f705fbfa0ffe10
09fa0807f0fbfb00
06fff708fbff00fb
0600071301f801f9
0608f1000408fe05
f903ff00fbf9fafc
0203ff0605040204
030504fef80506f8
fef904fbfb06fefe
04040a06fef7f9f8
07fe0400fa0006f8
03ff00fafd060c07
fcfd0104f9020403
fb0603f600fc0502
f80bef06f9ea0203
f401ed0d0a05f5f4
0b11e9fa130dffef
d90109dfefe3101a
e60502fafcfc000b
f00709f6e305fbf5
e2edf4e8f6f8f90b
ecf8fbe4f8f9f2fd
00ef0af41112f4f3
fc24111bfafdf7fb
08020d15fbe9fc10
f0150ef0f0f00603
fef80207e9020c00
08ec07f1f310fdf0
02e90f00f9fff900
f90cf4ff110602f1
0213020c07ee01f2
f604ff1903ea12fa
07fe03e9f110fbf3
06f0edfe11f0f6e2
0af0f00104f4020b
01fef9f6f6162000
06040cf8fdf50501
fb03fe1310f7ed07
17eff802f7150ddd
0ffaede9fa02ffe9
0b09f90506f9facd
0901101ef8f4f7f3
e3082309f612f821
0e0d0dfeeafe0c1f
0cf11af4fcf900f1
03eb13f4010a0405
01e500e2f4030305
0602e60605f1090c
fefdf20606f200f8
f4e7d122f8f7000b
01180b1c0deef2fa
0af1090a02e8ff06
1103021dfceb0904
05f1f90eef100af3
0bf106f0f70bf4ff
05ef04110d02f511
0711fe0b0f04fcf5
070701fbfbf010f4
e909fa11f8e6fec5
fcf1ea02000705f3
fffeecfc050d0afb
0600fcf80308000c
1405fb00070002f8
07f70cf403fefeff
fefc09f90cfa06fd
f3f9fc02f8060408
0afffb09040905fb
fffb09f001070105
fa010201fe03fdfb
fc0403ff07fefe04
0501fe0203f8fe01
04fb0606fe08f8f8
030101fef900fb00
fffe02fe07fa0706
fafbfa04fefb00fb
01fefaf901fef8ff
fb06fff9fafd0007
1722ef09f4e7f7f4
fa06f72202feee12
1d01e00afa06fb09
05060816fb020304
09ec10f2ff0df0fe
fffc011d0af8effe
1608f3170dfffce7
0b00f109f9f7f200
150afe0704f7f9f7
0ef8130cf6f5ef15
06f3e70ff714fb13
1f010402f2070914
06f510d8fff303ec
020312f607f6ffe9
1df604df000ffef2
0bfaed09ec120e03
01f70601eafceefd
fbfefe25f70400ff
eef31ddbfafafbf8
e20afaeffb07f90a
03fdf7eb18170302
f3f7effcf2fc0811
f5fd13ebef0513f8
edf70aedf702f2eb
ffeef7e803fa08ef
fff1f5f500fd02f5
1903f0e0fdfe0bf5
e6e804f4040bf908
f2e5dc10072bfdfd
fbf8f81a0a18fe1e
020c11e409f514f5
ea0102fb16f105f6
fe0c16eb1209f3ea
f405e1eef6fd040f
01f4fe0bfe17e5e3
f6f8eff2fa16e701
fb03fcfd04f9fdfa
03fefb02fdf80504
f7fcff0d02fbfef9
fdf50101fafafefe
01f80301fdfbfff6
05fc02f3f8f8faf9
fffefb050605f9ff
f803f7080100fbfe
0308f101fbff02f8
16e5d9f3fd0f0509
09f7f90d0606f815
2bfae9151603f720
0df9060a05fdedf0
fef611fc0305f60a
180906f80bf0fc01
ff0ff6f0fafbfffc
f8f4fff6f6fef316
f3f5f9fffa07f415
02f7d5f3fff60e03
0ff0ed110508fd04
1502ed1cfc00fd1e
fb1205ed0dfff701
fff503e70c05f40b
021016eb01f20906
f9fef7f3fbed03f5
07f103faeafbed05
f0f0f8e1f00cf60e
df050f0c06f8fb00
f809140306faf810
e30912fe00000a02
eafe0307fdf8edf7
f508fb03f9fef412
effe140c0111f2e6
ea070df20b00fd10
fa06070a0706f90a
f2f9f7f2f3071210
fe200508ef05f20e
e714fb0afb040013
131004fd0112fa1c
e7faef1a02041a1e
eff00fe3f30f060b
e9fc0506f820fdff
f2f8f1f2fd0401fd
fef5e2fcfaf8fcff
1dffe50900e40219
0bdbfaf204150904
12edd61804f7fd09
14fdfa131cf9f22f
0f001508f712e9eb
06fe0708100bf70d
0f04010611f8010d
f7080ee1ed020df8
fbeefb08f609e4fb
f2f201120204f0fa
fef2f406060afcee
00f6f20c060ef6f4
f0faf2211201f409
1c1307eef9ee03f4
fd0cfefdf008f70d
08fc0000fc19f902
10fbf601fe0f02dd
11f209fcf713f6ea
09fde500fb11f4dd
04f0fce6e80316e3
0b01fbde03fe06ef
fef4fe0400fff909
0409f10e040606f1
eb05fe0dfb0602fd
09fd010cf1fefbff
f0f20cfd0bf212ef
02f806f4f006f4fb
f200fdebf5efedfd
fbfaff1b05f1fbfe
0a070efe02fcfcf2
00fa0afdf7fcfc04
0a0bf909ffebf6df
fc06f71ae8f3f205
1ef1050cec0d0a09
ef0612f415090aff
f30df9eff709030b
dafc04ecf7070205
f4020eeef1f2f004
e501eaf9f9fcfe0a
fafaddea091500f3
eef8f208faf7fe1b
eafefef9fbf90606
f8eefaf2f20cfeee
f0eeef01100b0f00
e7f7fbfa09f70005
0306fcdcf3ff01f3
e80ffaebf5eefaf6
eef4d2e1fcff06f2
fc06f5f6080805ee
d6f7f9f6f9070215
02f8eaf8f6040202
fcfcfcfbf80cfcee
e5f8fff409f90701
e3fdfef8f5e8f602
f712fcdd07f6f7ef
f8ff0bdeed07fcf1
ff02faeef2ff02f8
06f6f2f704e9f4fa
fbfa000c0005ed0a
faf9f7eff717fffc
1deffff0010afc01
0203032100f827e7
f1f8f80cec00f6f8
f701f701f1fbf0e5
e7fdeb02ff0c03f8
e9ede210fc15fd0d
ed00010f070e0a21
f514fef70cf7fa09
f4fb04031afcf60f
0bfc2cdd0cf8f808
070ffaeff6fefa05
03ff0d08ee09f5fb
01f2eff6f8250002
e20708ecfeecfb06
f605f804f303f611
faeee2ec03080204
e803f9fdf8f608fe
ecf2f4f0f302f702
fef9f9f8050905fa
dff3f4fc060f1211
e5f01000f7fef108
e7f701f3f40e02f8
162404e210d7c903
14191bf409ecf218
f5160a1112f2e010
fe0c10f51105ed02
07eb0cfb0ef8e907
22fd060b01fae916
fe041af0f8daff27
f1ff0716fbfc0bff
e6fc0a0705f709f4
0ceffefef201010c
09f304fbf50c1bfa
08f315e2e50c0de9
1c0a05010f0d0507
eb1f010b080ff904
eef711021d0cf6ea
13f2f506ecf4c8f6
0ded00f1ebeaf401
230104eee9f6f909
f9ed0306e81f1b0d
da00de070f181d16
f4f1f2fa17193ef7
0805fff7030d04f3
12090a0afde9deea
0701ff18f406fff0
f20fccfffe141608
fc12efff0f0ef410
e8e9e5ebfeefed0d
04fb01f8140c050a
e400f3f50f0f0aff
e4001cf3181a08f3
22f8ffffede6fbf7
1b06fefef2e7ffff
0f06fb06defb07fe
0df40603f80b03f8
fff600f5f50a03f5
23040de515edf220
0620ee0310e9e201
effd00f1fbff0607
f9fbfcf6fbeef5fe
fa03e8fd14f6ed0f
e3fb020812fef20b
fef214f102fce909
03ff0b21f7ee07fa
e9f4fd04fa04fcf3
0be40107e72a27ed
f513f3ef09f8fbf5
e019030109060204
f405fbfcfa18fd04
f805f3fd0cf6f8fa
fcfaf102fffefef9
05f80407f805f700
f81114f4fefcef17
fc050b04fdf4fc0f
08fc0611fefafa0a
fc0af3f9100c1103
e51cf50b221509f8
e7fa1fe6141d24ec
13fdf712edf2fd07
230ef70bf2d2f1ff
0af1eafcf3010d12
dee8e7f6ed1f27ea
f30205faeaed07fd
00f111f601031024
0ee4f407dafd0817
14d9fce8e70b14fe
feeaffdcdb0f19f6
ea180af61dff0012
fa14020105f8faee
e5fa1dfb09f9f5f1
06f1e612fbf3f0fc
eff005fefdfefd00
f60efaf6eaecec15
0919f3ee0cdac9fc
e30bf2f508f904f2
fe0b12ff13e0eb05
0d0ff6fff3fd0200
02f8f0030806f7f7
f8fcf30cf81000ff
fb0806f311040c11
da1e09f3121b0afc
f7f7090ff6fe01f9
1e09f5f60cfffcf7
15fdf2e3f8fe0709
26fdf8f700fdfb08
ed13f305110fff00
fdf4f904fd01fd0b
00f802fb09ffed06
16f3fdfdfce7fcff
13f2fb01fc1016f9
fdf1f517fe0d18f5
dd22df0d1607fbfa
df01df00f809f7fa
f9ede705070c0cf3
251ff10113e6ed05
18020c09fafb01ff
0212e7f4fffce3eb
f70316120fe7ddfc
18fb14f0fff4e2e8
0cea060408eceaf2
150300fe02020603
060b01f30af701f3
fd2205f20f0a08fb
fc031802f8feed02
05f8fefaedeefb07
02040af7fcf9fff9
02e810f9f3192ef9
e8080de9f9f609e6
eb0516f3031314fa
f4eeeb1cf4172c16
e7dde7fbe91818e6
f7f116d5e31d29e0
1c02f710fd03fcfb
f91afe090f030203
f70a0bfe001310e0
04ed0404fbfedded
10e30ff0f9e2e6fd
33f115f400ece808
fc0ceb1508131200
df1b00fb16fd06fd
d80619f91d0c0def
fdf80706fef3f0f3
1bec0d00e6e8fff9
1c0efcfefcf41008
f1fcf0fb03271deb
f5f401fff7f7fd00
fa06fc0605f90302
220e11030be6edfa
f10a09f300e5edfb
fc1c1e020a0301e3
f9fdfcf3fe14010d
fdfddd0511f7e210
00f40ffdf9f9f1f7
f2fefdf1f5061de7
d600ffeef80f24f8
04fd0f1af7091b05
f401f613040e181f
dcf2f5f8fc210ff8
e9ed14e1f90e09e3
2404fc10f1f2f304
0f0bf405fcecf000
0309f7fee70804e6
f7f7010bf9fce2ec
f5dc0feefbd8eaf7
29ec16f103dae20a
f8f20a00010e07f4
ff06edf9fa05f006
eded0e08090d11f8
f6fef316fcf4eded
040b0308f2ea0b02
f1fdf506f808fbfb
f609f404fef6f0f5
03f500f701fbe7fc
0eeeedf203eeeafd
f3e8f019f203091f
fae7e709f81f17fe
faed0ae1e61110e6
280e040907f40bfd
fd17ea0dfefa01eb
0616040afa0e0ee9
10010907fcf1e5ee
08ee0c0601dfe1f2
230213f5ffdfe6f7
e6feff07fe0f100c
f1fbfd03fd060500
f0f505f50413fe00
1b0a07f605f40608
1a040af7fc0309eb
130e1ef7010400f7
13fa0bfa040af401
fa0009fc0aec00ff
fe1711ea06f2f915
f6fe20e7ef100911
fff30fedfef7eaff
f8dff6e6fb101bfd
00080001fefbf90f
0b140c07fbf9fd0b
f4f4060e150afd01
09080df8ff0ce902
12e415f8f1faf00f
03ec09fef00fed0b
f9faf90402120509
f8f4f6fefd040601
f4ef09e803f90806
f700ff0902fffd05
05000ef8fe080602
f3fff5070dfaf010
ecf5e7f506130311
07f912fcefff0401
f9f7f7fe0c0d060d
0ced040904fb1012
0c1305fb170212fe
f911fef40d0009ff
06fe1103f80102fa
04f40200f7f50a00
f70a0bf7f6040f11
01f0fcfbfd0e1c0f
fbff03f90104f7f5
f510fedbfc12080a
0adbfae5f70b010c
fff8ebf1ec020c0c
09f3f30001e5f5fc
f20bfefe02080604
12fbfcfcfce7f5fc
01ec080f0406ecfd
f207f901fbfaff0c
fcfa010ef30c1403
edf41702f610fafe
0f04f40a0c000c0b
e81cf5f91e1018f1
e90f0ef01dfc0eef
fdf7fffbecfde5ef
07db1507f3d8ec06
0502f705e5eafb09
e2f6e408ed2437e5
e605fd03edfcfc06
e4f0f3f9f1f2211b
ede8f608df08110d
f6f9f709fa1319f6
f8ef02e3e7161101
2700020701ff1700
0f17f50204ef10f8
040f040c081303f1
17f7110ef8fae7fa
08f0160007dceaf6
160011e901f9e6fc
050bed0912dbe703
ec15f8ed19f3fef6
fa05080810fbfc05
14f606f3f0fd0df6
0cf1fe06f40b0cf7
fc02f60ff8161d01
01ff03f410f7fd13
051afb0e06fdf6f0
050ae601ff1005de
010407f811feeaff
f50106fe01f1f1f4
f60011f7fef9f9f4
f6fc08090205010e
f0f70f0102fffa0e
faef0901030c05fc
09fa0706020f0405
edfd07f4fb0cfa07
fcee12f00209f9f8
05e3ffebfbe6f416
fc08f3ff1efaf400
e50017f002e4ea07
0f031004f101f104
fefcf80402f0e006
0df80403f409f509
ebf30e03f6fe171b
fff1f9fdfffbfaf8
170af7f90c0e0b03
0102fdff060a0402
e007fdf60b0605fe
f6f20cf01f201be3
12f7f9f4f1fff4ee
0ffaeb05f0e4f3f2
02f5eb02e6092700
04e905effc09feea
06ff13ea00e9eef1
0b010fef05f3fd09
01fed612f3f3fd0d
eaf9ec02fe182afa
fcf2eaefeffd0710
f113e4070d1e1426
f302d415160a0b0e
fcf9efed021003f2
f607e407f9020a05
f1edf20ff50d0cf1
f9eafa04f4ffe3f2
0909fdf30ae1ea0b
0714feef06e80114
10f7f20af706f303
fe1cf5fe20050012
f30c02090e0efb04
02f70b051e1202ee
ff1316fc06f9e30a
0a00ff0b0418f9f1
0af5fe1df81cfcdf
e40002f5010b18fd
ece905eefdec040e
ecee130e0a1b1703
0af509f6fa0c1004
05f93302e80e24fb
ec11f800fb0c0c0a
e716f90318060105
f2f7f208fa06001c
f6f1eb0902faebfd
f60c110e1b001604
f906fbe91605f4ff
0e1825060c181904
0bf508ebf00d07f5
0af50c04f10a0efe
00151607edfb0b06
010cfefbf6080c04
e812f4e50df1f009
02faf9fafdf30013
1f1717f814e9efdc
011d07f503eee200
0e1e231617edffe6
f2faf2f90011f40f
02f8e90a120ced20
10f704f6fe010200
fc00fa00f4f71cf2
ec020b03f6fd1400
04f4fe0df90d120e
1a2611e016d9cc0c
121501ed0beef116
04f50a130fefe901
ec0b09f7160ff30b
08f418f505efe916
29ee160001e7da08
0ef31f07fffceb12
0dfffe141016fa0a
03feea07f50b05f3
e5e4f803f6111a06
fbf402f4f00a12fd
f7df1de0f01509e4
0a03fcfc00fd0c0b
eb1afbfb14f807fa
f70412fe01f90bf7
0aeef902f405f1e7
ffea01f7f7fb0fff
fc0d11050bfcff0e
ff0af2f304fefadf
f20f00ed0f000a03
eb03f80e19fbecf6
f903f3ff060efd07
05ecfd0a06f2f61d
f8fce813f705fa14
f30be4f3fe0319fc
de07f403001724ff
e1eee5fb0d0aff02
060611f7f905f620
0b050704f8f0fb0e
fdf8fe06010200fa
fd0a03080bfb09fa
0505fe0102f8f4fc
0bf50f07fdfdfb07
0507f703fff7000c
fbfe0910fa00ed0b
1f0401f405ecf506
fe010404060407fb
0907fefc03fff702
020105fa0403fc03
05fbfcff0305f908
0a03f80207fe07fa
fdfafdfdfafcfffc
02fcf905fc07f8f9
fd08fd02fb0afa07
fef9020702fff80a
fd06dbf9fa02f703
0af0f600ecfe17f3
03edf0e8edfb1a09
ef18d2021102081a
ef18e2071503010b
efebf9faff12fef2
e10fdd0200fdf80d
f2f9ef130501fcf8
defb1110f81507e7
e6fdf1ff070bfa08
e50ef00808020af8
edfc10dd111225f1
0f0afa09f7f10715
1bfe0afaeef409f7
f2fbff00e2ef0900
e900e201ff11fff2
f9ff05f3f90d0a00
0c0202fc030d0b21
ee06f3030b00fb05
f10d0102180e02f4
e50b0cf5fefdf5fd
0df20afcecebf9f7
12fefe03f704fffe
05100b11f6fd0ff6
f5ecfa17fdfafb02
1b00fa0700f5f4f1
1015fa0812f4fdf8
edea25f3da0a0e12
e6e2f3eef802e306
e8de00eaf00d29f4
0d000103f5f909fb
0a0a0905fdf2f50b
06fa111b0a050800
01f70100fd04fa0e
fefb05f609f5dc27
1bf215edf9fcca10
0c0d05f80e050e09
dc17f6ef171004fa
ef1024f8130916f2
16060609f4fcf4ec
0bfe070bfdee0afc
130d0602fafb1101
03fe0af7fa0e17f3
f70105ecfb020507
15f600f8fcfe1106
100b10feffedf309
0b0b05fefef1f801
f7fefc0b06f6f3f6
0af70bf410fbe5fc
090c0300f9fdf105
fc07040211f9f9f3
fa06fd0c04fae50b
0106070300fbf508
14fdf4faf708f30c
fefbfb0101fa0101
fcfa0203fc0101ff
fbfffdf9ff01fef8
fa04f8fafb00fef7
06050806fff9f8fa
fd05fa0801010205
0306f8fbfa07f801
07fc08000101f403
0108f907f8fbf5fe
f418f0131304f503
e20cfef40f0a0de8
f21707f40b1a0ced
061103ff10f6ff04
0b010302ec021001
1803190304f30afc
1008fafa0e1bf5fd
01f40a06fefdf60d
010e18fa0c0c0002
ebf1eceaef261d0c
15e109eae6f6030b
06f107f8df090fff
0d0af4f80bef050e
db0f0f02030103ff
f20800030903fde1
1000fcf303fbe6f4
0af8fefdffeffa04
ecff1709f8ff1304
ff1be91011e8e606
e703f2200a0406fe
f3f4e9f601fe02ee
fbf9f402f800f1fd
0511ef00f9fce707
01ee02f1f6150cf3
e3fa160ff9e0f00f
0e070815f8d8f106
0607040afdddf71b
1d020bedf8070310
37db06eae6f9fa00
11f700f7ee101607
0d10f3f716f4dc16
e922f7f724edf1f9
f1f5ef0811f5e9e7
20fb171104eed70a
16fd2ff604f0e5f9
15f610000611f002
0603fefd01f803fa
05fd0403fdf8ff09
090506f90704f701
fb0401fe04fcf9ff
01fa05fefefa0000
010904f9fc010106
06fbfdfc050306fa
020400f9070bfdfe
fbfc05f9070507fe
2c0d0efcfaf50bf7
2ff904d9f7f8ff0d
12faf20109fc0203
e50802030a01fdfd
f805ecf400f1f913
fff405090b0200f7
10f10908fdf801ef
17f40c05f80b02f8
0ced000ef31707e9
13f517d7f1f6050b
20f400e7e7f3f811
f7f8f610f3fd0307
f70603001404fb07
ff08eff90af9e8f3
f7f003131004f1ea
0fed160201f4f308
1af31001fc0b02f1
ebe21dfeed10f9ef
f9f40500010bff0b
db00da00031c1913
fdfd00f008072ef6
fd0af609020a04fe
0f0bf910feeaf903
f3f4f80df304f4f5
f708d6fbfe14fa00
ec15e8f2050e0c05
08effceffafbf911
fcf4de12ed080f26
e202f00e041d1cef
f2fcf2efea1e09f1
0801eb11fd060eff
18f3e802f5ede6eb
16f8fefdff100e02
08f4f7feec0703fa
0fe80d04fbdff8fe
05081703f0f7ed0b
1ef30ee5f8f0fffa
21ff04e9fbfbfb03
03fa030510f8010a
f407fff3ff07eef6
0106f8fd0702000f
0cfbfffa0a04ebfa
0df71103ffec01ff
18f907fbf50c10fe
13edf31ef82d0fe1
1e18fbe41bf1f2f8
180f0dee00e3f014
06fe0a0c12040809
e8010bdefef8f3f3
0af0fdfaf9fcf60f
fefc001ef6fef9ee
070b21fefdd6100e
f20ef40d12060401
02f4f2210a1210ee
2718f10112cdf015
131ef10007ec0414
190f0d0502ed00ff
fc01f303fd01f7f3
08f1f7030812d1f8
25f6fefefaf2ddf7
f2fa0701ed182ffc
ed041c07ee1022ed
09f01202e5172516
0409040111f4140a
031912eb11f00f10
ed0214fd08f205fc
0506fffe04fcee02
f4edf9feff14e616
1a03f513eeeffcff
e61206fbf809240f
db1bef0102141a21
e3f8f40003101d1a
020be82010edd905
f906e5150208f5e9
f1fbf30606f201e9
12fef20c07e7e2fe
0509ef1104edd908
0df60604fdfbf0f0
f2f6e02afe0709e8
fbfae409fbe6ecea
0bf9f316faf9fcfc
03fde201060af2f5
f018e90d0601fbf2
f0f9ede0fbfe04fa
0affe91cfdfbf903
0a10d71209e6daf0
01f0f300f3fd03f6
f1f1ea0ff60608e5
fffde7f5feeaf5e1
fb0a0c04fef5eff1
fffffff211fffc0c
ff14f10b0f03e9f7
f10afef3fb0504f4
11f40606fceee305
f8f4f71a0a00e900
100b13fffe0b0303
e10f2705fb280efe
fff50ef20408dafc
fdea26f50411fbe4
010510e00303f216
02e402eae7fe030e
15f504e1ec0b1506
1015f206130af90c
080b040512120101
f6f7fe0917fae7f9
1209e52707e1d40e
00e7fb15f204f908
14e2f30df70de903
f306e82b10f8f712
f1f4dc0b0403fbfd
eff1e0fcf50012f8
fa18e80c19f3e4fe
f507ff16fbf5effc
0cfbfcfb0dfffaf7
fbf9ec23fafd05fa
f900ebecfcfff4fb
f3fadbfef5fef9fd
cfeb0005ec0506de
db0704fff6faf9d8
0304f5ef0cf3f8d5
04fde302f3ffff10
f302f1fbfe06ec11
06fcedff01e80202
eb03ef03ec010a06
030ff803e5f6f7ef
fde8f3fffcf7e3ea
260801fa0bf21f1d
18ff17fcf802280a
23fe05f7e0103e2d
0500f9f40203f1fa
f4f3e4effd06f8fd
f1f701f1f6150bf3
f8fb0600fd01f414
f3f8fe00f9fcf0eb
fb14e7e7f2f00f10
e7fb0efdf8030d10
0d1a042e050236dc
eafef9fe1210f104
03ffef0403020110
effa08f609e706f7
03f4edf7f1eb0cee
eaf1f7ff0d11fef7
fb13eb16f41414da
e5f9f503fb0b02f5
0c02f0f10f060c07
01f0f50afdfd0511
f6060f12ee0ff004
0104edfa0304f80b
faf7030a05f00ded
f71bedf2f5ff060c
faf516f90510ec01
f5000a05fc06f803
0f07e8f6f11b08fa
05f816e30509e5da
fbf206e4f90c0807
030009edf50ceffd
0905fbfcfdfc03f9
fbfafc1104fd02ee
0902f211f6f813f3
dd062a0a04f20220
f7e4f2fa00fd0f0e
f4feeedefcf3f7f9
07f6df120004fbe9
0cf3e01907fc04f5
f6040508090101f7
fafe03f4fb0002ff
02fc12f806f608f8
f802faf308ee0bf8
e611f910faeef9e2
f803fd1702f2000f
fe0afb0906fdf429
fb09f0ff05fe12fc
10f5eb0b0503090d
f3f9f80fdd1303fd
fe09f80715e8ede9
02fdf60c03eff0fa
0010f90ef4ef05eb
f9f31909f815defe
0e0b0e07000b16fb
191b0907dd1405f5
140225f803f50200
050a21f9ec0b1207
1612fcffe81f0418
fdffdd0401f708fc
04eff1f10102e1ee
02020a0200eaf3f8
01011a0100fae6f2
e1fb0d00f700f2f5
e201df00f7fd1e08
e6f1e5faf3fb21f7
06f10009f901fdfb
0608ee0c06f802e9
04fbecfdf7000700
f1fef2ff1100fceb
0200f7f3ede7020c
00fd100bfb0adeee
02f8ebf4f80c09ef
fafff8fdec0dfbf9
15fa05e80314f601
fa0e09f40017e11d
0109fbff060309fa
03f10004f8fce201
0c06040c10ee0900
f8fef7050d080600
fc0906f7f8f5f10b
edf3f200040c0913
f4f9f9f8fafaf216
00000ef6ea0ef4f6
03ecf8f9000cfe17
e7000811f71ceaef
fceeeef709041202
0bf6f90301fefff9
06f3ece40106f6fa
f50512fe0ff8e1ea
fef317f70913f40a
f7f0040afd14f803
f41007e512ecfcec
f3f507edfef40c0a
fd11f9fbf4fffc09
f30703000c05f50f
0df5040b0700f9ef
0ff9f710f5f5f004
0d0130f50d14f51c
04f71dfc13010c23
1a13f303fd1208f9
28190dfb10fd0f1a
1cf813fb01fa3013
18fb0a02e7201021
fafff9f113fe03ec
f300f2ff08f70200
0000fe00ea0901f0
160713091af2d102
06fe17fe01f7f4fd
130bf80af30113fd
de09f3fb1800fff9
1bf8f11202ff130e
ed0d0a0ef60cff12
e7f9e7fe11f01603
07030f02f8e5f013
f713f90df6f1f7f7
e7f318f7060ef3f9
0d0b0411f9f822fa
ff09f5eaf00bf1eb
f9ee01ec0afe0ef2
0cf4fc05fdee1e03
fafff6f1fb0fed11
08f3f30ef3090300
f703fa1211faede6
0106ed1bf1f0ffed
01f216fe0009fd03
0e0d061cf6f10bd0
07fcf1fff20c1607
0e1c01f60c02170a
30f3f71806002007
21fb0c10f0170b16
0200fede19fa01ea
fa0211fd03ef04eb
fd07fdf7e9fc0400
1c01160116f8c400
21fd110cfffe01f9
300efa1aed093504
15eaf902fd0803fe
0a14fb0df3fdfdfd
f6efef03001105da
f7e5e10c00f2fded
fa0e0315f4f302f9
0003f8eef4fc22ef
f3000efafafe06fd
1dfa0112f90d19d7
fceb03efed04ece7
14230be80ef51a1e
25fd0d000cfd2f07
190e1600f80c1b22
f90e03da13f9ff03
eff204f6020a02fc
0efbffe4e908e613
fd09070125f7e510
0cf50e010ff7e7fc
12fcf2fcf9060108
0f0bfd02fcf50508
1102fb0afcf61102
0d121217f90e0514
f50df8ef0c000206
fbef14f606010519
0d02fef5fe05f709
060700f31608fd14
020d0efefaf4f123
0502e7060503210f
f5ff0303e4fdec23
0b0f0717fdee19f1
f602e4f5fe000009
0ef706030609f7f2
1302f202f4f51512
fc03f80aff0317f0
e6f9f006ea150b17
04f8f013fa0ee2db
e8efeeefea12e4f6
0e0808fe05f81dfe
0a13010efff30503
edfc0904f8f614fb
fb0cee1505eb0df9
070ffc0ffcfffdfd
fe11fe0c02ee14ef
ea01f4fb01f90ef0
0904f711fbf103f8
060df806fbeefdf7
f31608020ef0f0ed
fbf4040005f8fe27
f50e0a00fafefc0d
f3fa01f0fe06fc0c
fdf406f9130ef313
0100f00af9fff316
07010d000a11f30f
efed10eaff14f81f
2723f9f8070af4e3
16ff09faf6f70410
0f0c04fef406f5ef
1f07f40607fffff1
fbf7030804e6efec
1a08100b07f00803
01fbfef0fbeff900
f404fafeff06fbfe
f4f301fcebf5f102
10f9f6faf3f2ed03
f304f30f0bfcebf2
05f4f9170107f914
f60c000de9fff7fc
0404100b19e9f1e3
1afa161907f3f1f0
170bfc26f1e304d4
00f71c00021bfbf9
20010a0c00052af7
1b1d03f3e90bf814
2d0611f4fcfc1020
02020f07fd101306
050505ffef0dfb24
050afbf60bfe0218
f4e8f7ea060aefff
0bf7fbeefbf00bff
07f905f513f7f216
fdfd1d05faffe3fe
fffaf4fdf011ff11
f3fdf6fcfdfdf609
f8ec00fbf913ef27
05000fee04030e14
f8f1fdebe6060526
f3fa0aef070efa05
f3f5f1e9010e022b
1b04080513f5fefd
f2e7f8e8fcfd072d
1eeff3fd06f80dd8
f3f0f5f6fd0500f5
f9f5fd08f9f900fc
f8f6f9fff7fdfcfb
fafbfe06ed02f8f6
02fbff0a010008fc
f8f405fefcff0308
ed001fefee060016
fef504f5f2fafeff
04fff6f2f308f5fe
fd0bf2f507f327ef
eef304f50305faea
0b0cf9fd08e513f2
f50e03f6f6fbfdf5
08fcfa170cff07ee
0412fc07f5fcfc09
ff1402fee9030107
ede405fc0001fcfe
240300faf7eaf3df
1509f2ee1303180a
0ceeeafffb0a010c
16fd0102e7190910
f30400fd0406e800
04fa000106f40af5
fa00f7ebf703f3ef
2afa28050d01ddf9
ffff1a02fd0006fa
28fffdfeec09360b
fff72ff60cfa02fc
130300f104ef0dfc
0e0e15f60b10f607
0014e01102e603f0
f9eb100608fce5e4
e408fc21fee2e8de
e604190d03efefe3
fdf3000eeef2f8fc
e6e904ef0005ec0f
14f007f00000f808
0c0a06f701fe1910
110904ec11f41411
06f3f3e2f0f8020c
16f2f5eb0103fa03
05e0fae70308000f
dc0b010501f41200
e9ece40014effdf7
ecd8eef60cfed2f2
00f7ef17f608f407
180cf006fdf5fe13
f40df209f7ee0dfb
ecfbebf80601fd15
fefafdfc0af00727
e406f5ec0004071f
dbfb0500f60a1d26
110bf40300fa1700
e7f901ecfbfbccca
ed0df00a0c03f2eb
0ffff312f802f201
0811ff0bee010b06
faf2fff1f1080710
f8fafe0606fe0afd
e905f8feed180635
040211fd0017f206
1402fc18080716f5
eb140404f1140cf1
f2e8fff900fb15ed
0901f20e0af1110d
f9f5f0eaf90cfafc
07faed11f903fdfd
f1fefd1208f0f0f4
fbfbe419fcfcf9dc
06f70a031004fbf4
1817f92903e916db
0407f20500fbfaf9
e7eef9e9030af5ef
ef08fceffc00e4ed
03fce4f107effbf8
fcfbee01ecf60f1e
fbfef40600f3011f
ffe9f1eb0af70123
e3ef09f5ecf50f1c
e3f2e1f7f1eb0505
ebeaf3e5feebe9f2
000303ed08f51125
0306080204f31413
0d08fe05e40f282f
fb0efef6fa05fde1
f7faed0a0ff7f7f3
eefdfe0bf405fdf9
0def1af60800f016
fafe0d0bfef7eefd
f007f7f8f8012204
02e70c0901ff120b
fe0ff70908fe0a04
faf7fa040c0bf4e5
fdf3e60efa0009eb
e5010512ffe8f406
de04ec1ffce203db
f9fe030800fc04e7
1103e921ebff05e3
f3edfd06fbff01e9
ee030c07f8fdfbe5
0508f20b08f403eb
000508fd050805ef
010a00fc050be5ff
0a01f9f70506eef7
0600f2fc00e7fe0a
fd02fd0ef2fafaed
f4f8f008f1f3eff9
effcfa110004f4fc
fbff09fc03f600f9
01ff05fffefdfefa
fa0703ff020302fc
03fb010301040bfc
0204f603f90007fa
ff02010305fd03fe
f701fb0202fb03fa
00030204f801fafa
f4fcfa09fc00fc08
0af614f5fc030610
20fa16ee09fa1ffe
0d100efefc080108
0608e70cfefcfae3
02f4f3fd0b02edf6
ef06070d00edf2e7
da0d071b03f2f6f0
eceef9fffaebf5f1
d5e9f1faecee0b0a
08fbf4050bfa1e09
07fbf70e0a001709
ee0f0813ed14fa04
f60de6fa0cf0000c
06fb07000eeaf211
fc10f3f4f5f7ff01
def7ffef0115f7ec
fe0801fdf413f804
fe15e3eff313fded
1efcf60610fa13e0
f8f6f3130112fdf0
14fc0301f4f912fa
f70a09f8f8f6fb15
fcf5fff3fd08eef5
ebf5ecf8fbf2f9f2
1ffff7ff05fb09e1
05ec170701020606
1cfefaf8040bfef6
f405090bf0f2e608
1108ff2dfce425e4
f60bfd1506f51319
040605fd0300e60e
0205f8fb03ec0804
f106e804f7f6fc0f
f204f80cee02e4fc
e418fa1af001e1c2
eb01fd03ee0ce3ea
e90cf5f6fefb0501
f4fce81ef70b0017
e10a0106f512f30e
02e7f1f5fc0cfc0a
faf8050c0aee0802
fc12e7fdfe020f14
04ff13f6fa09e512
0e0a0317030211ff
250ff3eded08fbe8
02fdf80bfe09f7ef
f804fc09fb0609fb
08f0fcf405fb18f7
07f2f7f404030e05
f8f602f1fe06f904
03f002f6fbfd0406
0bfaeb09fffd08f3
fdff000c020006ff
0f0efdf704f3f7fa
01fd06fcfaf90201
0406f7fdfcfbf9fe
030101fafe0003fe
fdf80203fffefcfa
fffc0300fcfafdfa
02f603fefb04f807
fe02f600f7f602f9
0400faff03f904fa
06fcf804fc01fefe
fafcfa05f7f50608
1beff012040304fd
f8110af3f705fd1c
effdf8f60cfc11fa
0e02fefd0605f502
ebfffffdf8fef610
07fa0ef90910f405
f20509020bfdf907
06e7eeee040b0b12
1c0813f4ef05ec23
030218ff06fff417
131a040404fb140c
100ff2e508efef01
00efecf602feff0e
f9f0fde6fa0b0517
f1ff0bfbf5fff21c
fa01f5f9fd07effd
f60b0405e803e1e4
fb0505ff08f7f1e5
06f9f90bfeeffbef
fef100030515f7ec
f4ff03fdfee705f7
fffb0d02fef3fcf6
e3f7fd00f2f7f9fe
0914fc1d05ece0db
0b01112204f8f8e9
0205081607f4f526
1df62bebea0800f5
fbfb1df8f11beaf2
0ff505f0fc19f2e6
09f3fb0af209f4eb
05e7e9f2faf3f8f0
17dff6d5fffffbe7
14fb0008f700e8f9
05f802e9f40ce9e6
fbf4e3fafefeffec
f5fb0303fcfffb04
f70207fb01fef900
02fdfd00f7fbfdfb
06fc05fe0403ff05
fcfcfdfc06fbfff8
04fef702f9010802
fe020b04040cfa04
f50307f9fe04fbfd
030402070709fcfc
feff1ce2060cef0b
fa051301f61afd14
09f3fde2f510fb13
09fbf3f7f9faf5f7
00fafc0707f600f5
0df6fdfc06050e0f
f6f90aeb0f07f408
e8fbf4fdfb05fb0f
fde8fbf2fc0700f9
00060cf8fe0af60a
020d0701fe10fa10
ff0203e2060ee708
fdf1ed04f4f300ed
09f706f507fc06fc
01ee06e9fff513fa
f503faf1fc08f40e
e6fce7f202f6f90a
fbeff3fdfbfee4fd
fef40c090afb2204
1311070a10fa3009
dd010b05fd08f8f0
f5f1ef0ff8060709
f90a040905f4f207
05eff5f9eeed01f4
dd03f90506fceee9
f5faee00fb1a00ee
e10df210fe0efde3
0f13fcef0be81010
10eeec010bfb10f2
1104f3fef00bed13
ef11fafe02ef09f7
f9dd02f6fd08d6e3
fc130d0000e8f7e1
110011fd15fdd5ea
f50a1c210bf5e9e2
1d051519070f0928
1df918f5f609ff01
fef103f2ff1add14
1106f5ef00071a0b
0be7f10a00feee08
0505fd0406f61505
09f6f303100ef402
0bfbec06f9f80309
07eaf0f9f7020213
0fecf9f8f5eb09e6
f5e402f80012faf6
f6f6fe03080ae600
01f8faf8140bffe8
f8e6ecf2f308ff29
f0100bfd0cff0a03
f6f6f7ea01f8081f
0af5fc14fcf7ec06
1cf9f009fbf212f0
09e6ffff01f404e7
fb05f4e606e9fee2
fbf5ffee0ef8f814
1808fcf80feefb0f
060a0aef0c00ed18
eefc09fe0802e5fb
0f0bf7f3fceee905
1f011b0110ffd806
0017d6fb11fff509
4238f601020905fb
e10af4fe0cec1f05
1113fb1215ee0b1e
f512f2090de7fd0f
fa00ecee01fc122b
f4faecf01d010108
f616fa10eae2001b
f203060b130cf510
0a14dd3515f12502
ff10fb1ef7f5f0cb
00fcfef706f515f3
06f6ff000cf40bdf
09e917030c0cfdfb
070109fa0af2fcd9
0c0003fa07e702e0
11fe09f3f8edf6eb
04fe1b001709e3dd
150213141afbf8d6
1b0305eefa000602
18ebf5f818fc2ee2
04ff05fc0df00cd7
11f70ffdf20aff01
0e0e0b0e09f1fbc1
0b040dfa08eff7e4
070bf90afaf6f9c5
12ff1a0b12fbeadd
0ff21411070af7e9
1afefae6f0031708
f9effcf4f7f60deb
10f304021cf40102
fffbfb0705f203fe
090bfff7feece9ea
03f4f80105effe0d
13fbf7e907edfa16
f0fb03f6e9f9e31b
0bf50feb1bfcf901
15fffddef6fef5f7
0ee51107ed0f11e2
f8041101f30b0fe3
02f3f7e9f20b0de4
0ee4e10aefff0ce1
08fefe11f8fdfa04
10f305f4fbfc0c09
d103e40febf317ed
e9fef0fef000f9ee
f1f1eae4f1f2e5f4
f31011ff0a0302f9
120209fe0bee15f7
020a0ffb120bf203
eb0301f40af40ce4
05fbfcfe06edf5e9
0501180cfd02eaec
fc041b0e16f5f0df
041200190ef3ffd3
fa01030d00f20dde
fd0e03dbf3e8dee2
0508f8ed0900e3e9
f0fef1f4ffe6d8f0
09ee00f3e2f4e60c
05f1f806fafdee06
0afe0706edff07ef
0000f6fdfae6fc10
fff508f605eefc07
f5f1f8ece0f0ef07
1dd50515020f1217
10fe11fafc0cfef8
17f50b120f022d22
fb05f60908f9f511
fafe03fcf70e0dff
07fbeaf6e7fdfe28
24f1f30903fdf209
07f3fc071b14e2f2
0efa030dfde715fc
dd19040f00060306
dd0624051b17daf2
e5f0fd02f714fceb
f9070704feeb04e5
02fc17f1120602ea
08f2f91de6ebf0f6
ea05030ffe22f504
ec0009fc0b04fdf3
eaeefd0bf004deef
0dfef519fa070a1e
ef0300fb160003ff
e9faf90bfbfa0b2e
1bf10710efff1106
0bedff0d0111f600
21ec0318e0ee1218
06fd0909f60b04f4
ec13ffff14f103f0
00e8fa09fbf903f0
ed39f6ebf4f7d4fe
f5eff50afb0df201
04f0fdf0f9f7f5fa
0af402d81304e7e7
070101e602f1e702
010300e111fe15e3
f61ef3dcd3f3f9e0
00fb02eaeffd09df
06eafb01f5faf7dc
ff0502eefbf807dd
f5fa10e513f104cb
010301f7fe0ce8e7
00ebf0faffeff4ee
f80401f9f81af40b
fbf0effafcff04f1
f90bfaeffe00e70a
0e1006f202f103fa
fb06fcf80301fa02
fc07fc16fcff0b03
f60a180304020d0a
efedfc02f0fb0107
03f500fb02000cfc
10f9fa06f4f5f8f9
1cebfa18fe06f803
0214fc06093ff8e6
ef03190608090feb
f8eb092d0b030be2
00f605f8f00a160c
06f608e8eb0911db
0afaf7f020122104
f5f602f50fe3f7e5
f301f8ef03040df0
e8fff8fcece1ee1e
0df1fff4ee05da07
f200f0effb10ee01
0e10ff06f8f91600
ff0210f9f4f5fef4
ee14f7eb1c0af1e8
fa030bf5f8f9ee02
f7fe1fe62200f5dd
ee0214e50e03f4ee
04050be60dfa03f8
07fcf003fe15e5fd
040603f50811fc03
e7e503fc05feff10
17f9fbf20eef0708
0cf0fde5020f15fd
11e9feef0617fd10
08fa06e2f504f4fa
0df8f6f20bfe0bfa
0c0607f1fe0bfff0
fe0c0201ede8e61e
0bfbf9f9010905f4
0301f8010bfa0600
db1d00edf10ceef8
f4e9f0ff060005fd
f9f219fbfe0903f9
f31a07eedad5efef
17e906f804e9e7fc
04eaf307e7f5ff02
0215ecf0dd0fe902
0906e80bdbeff202
f506f8ff0c00def9
0800ef1cd6fff205
060aeb0febfb0a10
0a05f805f1f317fe
0903edfef90cf1f0
05f301010b06fa05
f203fcfee9e10300
121200fbf91d00c6
03010016021115ea
f0e10e00f7ff21e5
01f2ff19051a0e11
00fe1114090e130c
0cfb0c19fa04231c
0505050803f809fb
fc0207031d1115f8
07fbf5f9e5fdfa06
f8fff6f9ef0bf3f9
0c01eb00fcedf7f2
08fa02ff02edf6eb
e51cfa0aea151f00
f40c03091f080ff4
ee01f207f0040d09
01fbfe07fdf30be5
0bfdfe130506190f
20f20e09fc0108ed
fb1a0405f72402e0
f000020d20f204f2
08f20522fbf9ffe0
13100bf4f1e2f602
fb1202f611fff305
0600e804f4f40716
e5e611f91602fdf5
d004fffc231ef9f5
fef3fce801fefffd
1908090ffb0906f5
f706f5f90df512ff
0ef00201eb000305
02effd15080d090e
03fd120607060407
06fc161101fe0a30
1af90512ffe50108
02fbf5ff22070709
22f0fd10f0f909fb
0603f4fbf820e4e2
0001f4f700f8f5f3
0afc1efffeeefae8
0b0ffb0e0c0feb00
e40608edfe02e1fc
f1fbeffce911e905
fcf306f209eb000b
0ef5fcfafff2eefd
09f003fceef4defa
fe04f90af211010a
eef201fe07f8f7e2
fff5eb2bf9f8f7e3
08ebfa0b0a14210f
fefa08070e171700
17fa1c140afa1f0c
220b0411f0f30c02
0cff010a2a111312
0ff60d0fd5ef10fc
1701ed04e8f9f2fe
07f9edf801f2e806
0a05f50aece10bf1
0af1f908010515f2
f7f802050cff03ef
00fe111300fe1218
0ef2f40aece8fd0a
07f4ee1008101904
0f02081be8df0c04
22fe06fa03f5eded
effbf900f5f7121f
0dfd00f4f6fa17f7
f1fd05fc000e19f1
fc031e031504f205
eff905eefa020601
05f7f10afe02ea24
02fc07f9f6fdf8fe
fbfa04efe20e011b
ef18effffaf9f209
f1f4f1fc09ede8f8
f5f1d818f1e9dcf8
f41009fa0a06f007
f9000a120b050312
ff02f2fc010200f9
fc090ced09fd0f06
020107fef6f1faf3
f50303f2020ffa13
e80200020b040fff
faf80b0806121dfd
f2fb0c0508f8f4fb
0e04e419edff1812
fcfaed0deeff0af8
0d02050301fd1c16
1106fd10f9f6fa01
f5f301fbfcfa0bfd
fbfcfa09eeea1bf7
0b0314ff040e06e7
f6081218130610f1
05eb0a0000fa1af7
f7e5fde60b010304
04f803e3090ffa0d
f4f303de0c0dfe01
fdfb0ad5f7f7fcfe
0708f1fa1009131b
000407e90707e8f4
ecfafbf5fb10e608
0a03fdfe171813f4
fd04ecf2f7f0060e
f808f40bf8f00515
f40d00fa180a0f1a
07f9f7f4f1081329
04f4eef812180204
0ceeff030907ff09
06fbfbf91b01eded
fb1a0416fb2813da
f40d152216fb1cf4
07ed0e2b00f01de1
0adffd0506252b0d
fc0604ff041011ec
14021110fef62409
100d000af0ed050e
07faf61714130bf7
0e060e0cf4f40507
0efbfa06defc0408
f609f5fa06f2e411
0f0aef00eade1efd
0d06f304e8ec0df3
fd01ee14ee0d09ee
0e0c1d0503ff1217
1500f50606fb1bfd
0cfd01f505030afa
1804ff11f5fa2bfa
110b0cf509f5ec02
0500000b17f00bf2
18f310ee150407ed
fafe06f4fd04f2f0
fc03f8e7f9fdf4ef
00fbf2ff03f20af1
01fb0bf30402e0fb
f608fbf2fbfde9fa
f90100df0efd0400
0503f6f1f714f900
f105fceef60af904
eff700f502f5fb03
09f1ff0b04ee060e
fc05f8e909fcf4f6
03f201f10ae20432
19ecfa06170bfe22
ff0203dfff04f0fd
f404f5fa06f1130f
fbf711f6090bfcec
fe0efbfcfff20109
04eb0904ffdd09f0
0bed0703fb0b1704
0108f4fd1004fb07
f4fb1304f501120b
14f9fe00f6000105
0ae0f9f80e1c0806
23fa0b04f3060efc
fff4ffedfc25f2f2
0108e9e80df9f3fe
07effee20dfd06eb
f01efde41c07fd1f
e9ea0ff2140a0efe
09fdedf40c17fb06
d90f0ccc040115ce
e41105dc1217f0e9
df02fad118fdffe3
f00ff6eeeb22edf5
0e15f2fd0f010316
1314fee4ecf7051e
fbf701d401f9fbf7
f8fafde10906f0eb
0706fee50b08f803
060810eefdf0ece5
041011e50a0ef1f7
f0040ee1f0020cf6
f5fcf0eaf4e1f611
0df1edf8fd02eefb
0dfcfbec0d01e305
e10fe9100c1805fc
0810f90af71a1109
d4f60600d9f90e1a
f60bf314dcf71417
21f9fa1ce7e71a04
06f8e522f20633f9
e410040513050eff
f7f514fd1bff15fd
e003f0100f0bcfd3
07edfa0dfcf8f806
f916f001fbfa0202
fdf71702edf91423
0ff8f410f1f6f615
fdfafc06fcfffe0b
26f6f523e9fc35fe
f90814f4130404fa
f00000eafdfdee00
edfc01012019e6e4
0f160cf808f0f803
f40c0cf313fcf6f1
f705f7f0e8e5ef23
de000c02030efff8
db00fede1e0ff0eb
fbf4f6f8fe00eb06
0a080403f1130402
f609020c10edfaf2
07f3fb10eb05fa15
f905f4ddeaede7fd
fc08ebe11210e9fe
02f0e3ea0602f8fd
1805fce8f0f0f2f7
fd0007e6e1fb0310
f10bfde7eee90df9
041103f0f6ef0ef7
fc06faef0ff217f4
f8f9fde00bfb1000
17ce020506072afb
09f70d0cf20f1cf2
13ee0b0e01fd311b
f3fbfb02fff2f405
fa0309030b0506ec
0900fa00ed070a19
1ef3fa00f402fc03
f5f5f4fcff00f714
13f6eef8fcf51209
ee1611f519070af4
e80d1af5140cecf4
e5f9fcebeef4e907
e21a08dffe0809d9
ed03faee12f3fae0
04f8fbed0e08eaeb
f206fd09f914190f
f4fb08ef1a040fff
f3eefb1dea02d5ff
08fa0df10cec00f8
f9001006fafff501
06fcfdf60ef6fc0a
11f0fc0e08eefd17
120503f11908ff0f
fdfa070feef41016
fdfcfefc00f90916
030afffe0dfc030c
f6ff0709ecf8f302
faf900fcfe0406fb
fcfc02fa030507ff
06f902fd05fc0207
0108fbf8f9f60301
03fffbff04fc0302
04f809fcf7f8f7fd
f709fb0a02f804fc
fb02f703f8ff0708
f6fffe090202f702
f11805ea07ee02f9
02f51203fe0cf314
fdfcf8e6fe07fbf4
cd0413ba1f000dd3
e40e0ccf250df2e6
e607fece2e1aece2
dc06ede8ed04d6f1
2203f8fcfa03f814
0408ede8f2f6ff0f
ef06f11603090509
eb020b110d0804fa
e70ff906fef2011e
08f7f815f3ed1dee
0606fd22e9fdfef4
03f40110f3fe1411
fa1c0315071afef2
f705161207f325fd
f4fc0418f3fe04f3
0af704f9f7eafc08
f6fee9fdf8e6f20b
01fffdefedf2021c
06fbf302f7fb080d
04eef2f0070bf607
04fff1fcecf50c0a
feff17eb090afeee
fc050a0221fee4e8
01fb0e0cfee5fde2
fcff0403f91b1504
dd091dea150afcf4
f0f4fdf4f3071b13
ea00fa08f9f3ee2f
fd030cf8fe070ffe
f5f5e500e0f7172d
d8fef80106000717
defeeaf919e6eb06
d9f6d50ff201ee19
ff0cfb20f0f10306
f00ef60714070bed
0afafc14dff90328
1efcfb1bf6f2fb08
0bf8ff07e4f2fb05
1bf3060ff5f40fec
0b030e19fa0f13df
e9010af30deb0aee
07dd180d000df9dd
03f710f6eaeaf9f4
fef90dfb03f0f3fd
06fef6ea0b00fd0c
010bfe19f900f10b
f3030b07f80d0301
fd020108fdebff04
01fe01050df4fc03
0807f501f8f5e1ed
02fb0a08f0f5f3fd
ff0505f802020205
0101fd020203fe04
02fe02f7fdf80502
08fb0201fa050101
0805fd00f9ff0702
faf9f9fdfeff0808
0105f8feff03fbfe
04fd040609fb05f8
fa0104000202f807
fdeefb02ef0a02dc
f40001fc19f00ed8
030a0807e7fb010a
14fb0310e8f0f1f3
03f8f107f9151d1e
15f30bfcdeed11f7
170e03e20c10efee
f2fafcf5fef80604
0c0412e8f5fb0ddc
11d5e9ec200c1b13
07fb0202fa242001
02fa0cf602091507
090cf100dcebfc03
fb02e50af4e50502
0c05031ee3071507
1c00ea02f0f40804
09ebed0f06180617
fb09e9fd1100fcfc
f91807d9f5fcf409
e8fc17d501090af9
f903fceafa0d02f8
ee0feb08f0e8fbf5
f602eef6070cf20e
04ecf9030a00fef6
f11be2e41b20e8fb
fc10e7e523fbe90d
0b08e7ee11f00808
150f07e604fbec1a
26f211f0d918ec04
f9f403ea0b0af9dd
fd09fed2f9f4de05
ec1b05e0feebeeff
e901fbf1e6eee003
02eaf8e1f903d117
07f9eddcf308c3f9
f9feffd9f70edbfd
f809ff00fffa0102
02060601fefb03fc
fd07fc0303f8f309
fbff07fa07fd0501
fa060303f8050002
fcfe0602070105fe
07fe0502000cf706
fa05fd0502fffffd
06fd0903fe03ff00
1c00f3ebfd080218
15ebfeedfe110d06
16f9f9f3071dfd19
0afdf3f1fafeeffa
050405f30910f9fb
ff0909f4fb0204f0
f704fefadffbee11
02f9fdee0f0dfaf2
1ff4ec00020009fa
10eb07ec0cfd0902
01f3f3e618030e0a
eceff1ebf814f211
fd0109f104f4ddfa
fd0af3f10c13fc0e
fc0405e8fefaf0f0
f8eefdf0dbe7ee07
faf9f2f60614eef7
f2fde1fbf0fafe05
ea04100ffa0edc04
d50c20110e0d0ffd
f3fafcfeef08f2fd
fd03040a030005e8
ea0919fa16fe00e0
06f3fcfdf5f9e604
e601f90aff110404
f006130afd0901ef
e9f70207090ddff9
efee02030d151e13
f0081eed1a0517e5
0705020407121c02
fdfd0ff5070413f6
0301f4fd0f2afbfa
07fb08fe080afb08
f201e6f00934e804
f31ae7e50e08f31e
0713f6ea05ed1715
0801e9e80c00e61c
02f5f5e5fa1cfe0c
10e903f1fd110806
09fefee9e8f8ed14
03000fef0506010e
0305fdf3f21e0b01
f8f80cf0f5e00703
0302f7e9130402f5
06f2faf01cf4effd
0d0ffaedf0e3f1ea
0bffe8f6f812f40f
f30108f9eff9f80a
11fcf7fae1e905f8
f5000df314040c19
0dfef0fdeafa10f1
0d0b0be409dd0ff6
00060dea18f41af0
13f0feee130406f0
0713fbfff9dbffee
0212020a1afd0300
03f706f4fce10d17
1403030f0c0ffd03
0109fa04130ffef7
0dff0015fa092a08
09f60a29e91d13e8
06051016d6fe2504
f6e21a1e02fff5e6
030afd0cf9f306f1
f027fc0cfe00f917
ee070506f6ee0f20
fcfe071a00fdff05
ec0d1109070a18f5
06f90532ec06130c
f70b082108010ff9
e3f3140a0cfd26fa
fee3fc2e11fa07e4
ff1504f9fbf0f208
f30f15ef00fbef00
0afd03f40001fd0a
f20604fa2208f6fd
f1060cedfdfcea01
f1fdf7ea0700dff8
fd12e6fbfb34e4f4
0617fcfcf908e7f4
0501fd010204fdef
fcf30e0603f8f50c
ee180ef8fb03e5f6
02070403f3f6f6f8
03f313e92a17f8fe
f60504ef0805e3f1
0208fefa0d0bc705
f808ffecf121dae0
02180003e607e9f7
10020f0aede6f9ed
0001f301e8ece2fc
f30cfaeef406faf5
0103f4e9f0e20feb
fd0ef9031504f20e
fb0606ed0afbf8ff
faf2f6ebe51300fc
040cf2f4f40d02f2
fc06fef3f011ffed
f2fbfe07f8f1e8f8
03f710f31ff7d910
f3f612e01904e5fa
02fbf9e600f0e5fd
14ef06ec0efaf405
07080ee8f6f5ebeb
010601e4f2f5fe13
f2f50dfef8d1de18
f4fc07e9fc01e4ef
f8fcfa08ec03d8e8
e50cf40106fbea13
f4040ff20a07f001
faf404fcfc1805f1
f3100afc0dfbf7e2
ed0909f9fb00f707
f100f1f90603e008
f406fdf20d29eee9
f40a03edecfbe6f3
f3090f081d0ce001
