Copyright 1986-2017 Xilinx, Inc. All Rights Reserved.
---------------------------------------------------------------------------------------------------------------------------------------------------------------------
| Tool Version : Vivado v.2017.4 (win64) Build 2086221 Fri Dec 15 20:55:39 MST 2017
| Date         : Wed Jan 21 20:27:52 2026
| Host         : Thinkbook_16p running 64-bit major release  (build 9200)
| Command      : report_timing_summary -max_paths 10 -file ps_dpu_wrapper_timing_summary_routed.rpt -rpx ps_dpu_wrapper_timing_summary_routed.rpx -warn_on_violation
| Design       : ps_dpu_wrapper
| Device       : 7z035-ffg676
| Speed File   : -2  PRODUCTION 1.11 2014-09-11
---------------------------------------------------------------------------------------------------------------------------------------------------------------------

Timing Summary Report

------------------------------------------------------------------------------------------------
| Timer Settings
| --------------
------------------------------------------------------------------------------------------------

  Enable Multi Corner Analysis               :  Yes
  Enable Pessimism Removal                   :  Yes
  Pessimism Removal Resolution               :  Nearest Common Node
  Enable Input Delay Default Clock           :  No
  Enable Preset / Clear Arcs                 :  No
  Disable Flight Delays                      :  No
  Ignore I/O Paths                           :  No
  Timing Early Launch at Borrowing Latches   :  false

  Corner  Analyze    Analyze    
  Name    Max Paths  Min Paths  
  ------  ---------  ---------  
  Slow    Yes        Yes        
  Fast    Yes        Yes        



check_timing report

Table of Contents
-----------------
1. checking no_clock
2. checking constant_clock
3. checking pulse_width_clock
4. checking unconstrained_internal_endpoints
5. checking no_input_delay
6. checking no_output_delay
7. checking multiple_clock
8. checking generated_clocks
9. checking loops
10. checking partial_input_delay
11. checking partial_output_delay
12. checking latch_loops

1. checking no_clock
--------------------
 There are 0 register/latch pins with no clock.


2. checking constant_clock
--------------------------
 There are 0 register/latch pins with constant_clock.


3. checking pulse_width_clock
-----------------------------
 There are 0 register/latch pins which need pulse_width check


4. checking unconstrained_internal_endpoints
--------------------------------------------
 There are 0 pins that are not constrained for maximum delay.

 There are 0 pins that are not constrained for maximum delay due to constant clock.


5. checking no_input_delay
--------------------------
 There are 0 input ports with no input delay specified.

 There are 0 input ports with no input delay but user has a false path constraint.


6. checking no_output_delay
---------------------------
 There are 0 ports with no output delay specified.

 There are 0 ports with no output delay but user has a false path constraint

 There are 0 ports with no output delay but with a timing clock defined on it or propagating through it


7. checking multiple_clock
--------------------------
 There are 0 register/latch pins with multiple clocks.


8. checking generated_clocks
----------------------------
 There are 0 generated clocks that are not connected to a clock source.


9. checking loops
-----------------
 There are 0 combinational loops in the design.


10. checking partial_input_delay
--------------------------------
 There are 0 input ports with partial input delay specified.


11. checking partial_output_delay
---------------------------------
 There are 0 ports with partial output delay specified.


12. checking latch_loops
------------------------
 There are 0 combinational latch loops in the design through latch input



------------------------------------------------------------------------------------------------
| Design Timing Summary
| ---------------------
------------------------------------------------------------------------------------------------

    WNS(ns)      TNS(ns)  TNS Failing Endpoints  TNS Total Endpoints      WHS(ns)      THS(ns)  THS Failing Endpoints  THS Total Endpoints     WPWS(ns)     TPWS(ns)  TPWS Failing Endpoints  TPWS Total Endpoints  
    -------      -------  ---------------------  -------------------      -------      -------  ---------------------  -------------------     --------     --------  ----------------------  --------------------  
      1.212        0.000                      0                16425        0.053        0.000                      0                16425        4.232        0.000                       0                  5378  


All user specified timing constraints are met.


------------------------------------------------------------------------------------------------
| Clock Summary
| -------------
------------------------------------------------------------------------------------------------

Clock       Waveform(ns)       Period(ns)      Frequency(MHz)
-----       ------------       ----------      --------------
clk_fpga_0  {0.000 5.000}      10.000          100.000         


------------------------------------------------------------------------------------------------
| Intra Clock Table
| -----------------
------------------------------------------------------------------------------------------------

Clock             WNS(ns)      TNS(ns)  TNS Failing Endpoints  TNS Total Endpoints      WHS(ns)      THS(ns)  THS Failing Endpoints  THS Total Endpoints     WPWS(ns)     TPWS(ns)  TPWS Failing Endpoints  TPWS Total Endpoints  
-----             -------      -------  ---------------------  -------------------      -------      -------  ---------------------  -------------------     --------     --------  ----------------------  --------------------  
clk_fpga_0          1.212        0.000                      0                16329        0.053        0.000                      0                16329        4.232        0.000                       0                  5378  


------------------------------------------------------------------------------------------------
| Inter Clock Table
| -----------------
------------------------------------------------------------------------------------------------

From Clock    To Clock          WNS(ns)      TNS(ns)  TNS Failing Endpoints  TNS Total Endpoints      WHS(ns)      THS(ns)  THS Failing Endpoints  THS Total Endpoints  
----------    --------          -------      -------  ---------------------  -------------------      -------      -------  ---------------------  -------------------  


------------------------------------------------------------------------------------------------
| Other Path Groups Table
| -----------------------
------------------------------------------------------------------------------------------------

Path Group         From Clock         To Clock               WNS(ns)      TNS(ns)  TNS Failing Endpoints  TNS Total Endpoints      WHS(ns)      THS(ns)  THS Failing Endpoints  THS Total Endpoints  
----------         ----------         --------               -------      -------  ---------------------  -------------------      -------      -------  ---------------------  -------------------  
**async_default**  clk_fpga_0         clk_fpga_0               7.868        0.000                      0                   96        0.419        0.000                      0                   96  


------------------------------------------------------------------------------------------------
| Timing Details
| --------------
------------------------------------------------------------------------------------------------


---------------------------------------------------------------------------------------------------
From Clock:  clk_fpga_0
  To Clock:  clk_fpga_0

Setup :            0  Failing Endpoints,  Worst Slack        1.212ns,  Total Violation        0.000ns
Hold  :            0  Failing Endpoints,  Worst Slack        0.053ns,  Total Violation        0.000ns
PW    :            0  Failing Endpoints,  Worst Slack        4.232ns,  Total Violation        0.000ns
---------------------------------------------------------------------------------------------------


Max Delay Paths
--------------------------------------------------------------------------------------
Slack (MET) :             1.212ns  (required time - arrival time)
  Source:                 ps_dpu_i/top_wrapper_0/inst/u_dpu_top/u_act_buffer/bram0_reg_1_7_0/CLKBWRCLK
                            (rising edge-triggered cell RAMB36E1 clocked by clk_fpga_0  {rise@0.000ns fall@5.000ns period=10.000ns})
  Destination:            ps_dpu_i/top_wrapper_0/inst/u_dpu_top/u_pe_array/gen_row[6].gen_col[5].psum_reg[6][5][21]/D
                            (rising edge-triggered cell FDRE clocked by clk_fpga_0  {rise@0.000ns fall@5.000ns period=10.000ns})
  Path Group:             clk_fpga_0
  Path Type:              Setup (Max at Slow Process Corner)
  Requirement:            10.000ns  (clk_fpga_0 rise@10.000ns - clk_fpga_0 rise@0.000ns)
  Data Path Delay:        8.654ns  (logic 2.399ns (27.721%)  route 6.255ns (72.279%))
  Logic Levels:           13  (CARRY4=6 LUT3=2 LUT4=2 LUT5=1 LUT6=2)
  Clock Path Skew:        -0.029ns (DCD - SCD + CPR)
    Destination Clock Delay (DCD):    2.811ns = ( 12.811 - 10.000 ) 
    Source Clock Delay      (SCD):    3.021ns
    Clock Pessimism Removal (CPR):    0.181ns
  Clock Uncertainty:      0.154ns  ((TSJ^2 + TIJ^2)^1/2 + DJ) / 2 + PE
    Total System Jitter     (TSJ):    0.071ns
    Total Input Jitter      (TIJ):    0.300ns
    Discrete Jitter          (DJ):    0.000ns
    Phase Error              (PE):    0.000ns

    Location             Delay type                Incr(ns)  Path(ns)    Netlist Resource(s)
  -------------------------------------------------------------------    -------------------
                         (clock clk_fpga_0 rise edge)
                                                      0.000     0.000 r  
    PS7_X0Y0             PS7                          0.000     0.000 r  ps_dpu_i/processing_system7_0/inst/PS7_i/FCLKCLK[0]
                         net (fo=1, routed)           1.339     1.339    ps_dpu_i/processing_system7_0/inst/FCLK_CLK_unbuffered[0]
    BUFGCTRL_X0Y16       BUFG (Prop_bufg_I_O)         0.093     1.432 r  ps_dpu_i/processing_system7_0/inst/buffer_fclk_clk_0.FCLK_CLK_0_BUFG/O
                         net (fo=5381, routed)        1.589     3.021    ps_dpu_i/top_wrapper_0/inst/u_dpu_top/u_act_buffer/clk
    RAMB36_X2Y53         RAMB36E1                                     r  ps_dpu_i/top_wrapper_0/inst/u_dpu_top/u_act_buffer/bram0_reg_1_7_0/CLKBWRCLK
  -------------------------------------------------------------------    -------------------
    RAMB36_X2Y53         RAMB36E1 (Prop_ramb36e1_CLKBWRCLK_DOBDO[3])
                                                      0.622     3.643 r  ps_dpu_i/top_wrapper_0/inst/u_dpu_top/u_act_buffer/bram0_reg_1_7_0/DOBDO[3]
                         net (fo=4, routed)           1.501     5.143    ps_dpu_i/top_wrapper_0/inst/u_dpu_top/u_act_buffer/bram0_low_r2[59]
    SLICE_X61Y259        LUT6 (Prop_lut6_I3_O)        0.043     5.186 r  ps_dpu_i/top_wrapper_0/inst/u_dpu_top/u_act_buffer/gen_row[0].gen_col[0].product__0_carry_i_42/O
                         net (fo=3, routed)           0.354     5.540    ps_dpu_i/top_wrapper_0/inst/u_dpu_top/u_act_buffer/gen_row[0].gen_col[0].product__0_carry_i_42_n_0
    SLICE_X63Y259        LUT3 (Prop_lut3_I2_O)        0.048     5.588 r  ps_dpu_i/top_wrapper_0/inst/u_dpu_top/u_act_buffer/gen_row[0].gen_col[3].product__0_carry_i_23/O
                         net (fo=4, routed)           0.464     6.053    ps_dpu_i/top_wrapper_0/inst/u_dpu_top/u_act_buffer/data8[43]
    SLICE_X64Y260        LUT5 (Prop_lut5_I2_O)        0.132     6.185 r  ps_dpu_i/top_wrapper_0/inst/u_dpu_top/u_act_buffer/gen_row[0].gen_col[5].product__0_carry_i_15/O
                         net (fo=49, routed)          1.483     7.668    ps_dpu_i/top_wrapper_0/inst/u_dpu_top/u_act_buffer/gen_row[0].gen_col[5].product__0_carry_i_15_n_0
    SLICE_X55Y303        LUT4 (Prop_lut4_I1_O)        0.043     7.711 r  ps_dpu_i/top_wrapper_0/inst/u_dpu_top/u_act_buffer/gen_row[0].gen_col[5].product__0_carry_i_10/O
                         net (fo=104, routed)         0.893     8.604    ps_dpu_i/top_wrapper_0/inst/u_dpu_top/u_wgt_buffer/act_vector[43]
    SLICE_X62Y293        LUT6 (Prop_lut6_I3_O)        0.043     8.647 r  ps_dpu_i/top_wrapper_0/inst/u_dpu_top/u_wgt_buffer/gen_row[6].gen_col[5].product__0_carry__0_i_3/O
                         net (fo=1, routed)           0.273     8.920    ps_dpu_i/top_wrapper_0/inst/u_dpu_top/u_pe_array/bram_reg_6_0_31[1]
    SLICE_X63Y294        CARRY4 (Prop_carry4_DI[1]_O[2])
                                                      0.262     9.182 r  ps_dpu_i/top_wrapper_0/inst/u_dpu_top/u_pe_array/gen_row[6].gen_col[5].product__0_carry__0/O[2]
                         net (fo=2, routed)           0.507     9.689    ps_dpu_i/top_wrapper_0/inst/u_dpu_top/u_pe_array/gen_row[6].gen_col[5].product__0_carry__0_n_5
    SLICE_X63Y298        LUT3 (Prop_lut3_I2_O)        0.132     9.821 r  ps_dpu_i/top_wrapper_0/inst/u_dpu_top/u_pe_array/gen_row[6].gen_col[5].product__86_carry__0_i_4/O
                         net (fo=2, routed)           0.347    10.168    ps_dpu_i/top_wrapper_0/inst/u_dpu_top/u_pe_array/gen_row[6].gen_col[5].product__86_carry__0_i_4_n_0
    SLICE_X63Y299        LUT4 (Prop_lut4_I3_O)        0.135    10.303 r  ps_dpu_i/top_wrapper_0/inst/u_dpu_top/u_pe_array/gen_row[6].gen_col[5].product__86_carry__0_i_8/O
                         net (fo=1, routed)           0.000    10.303    ps_dpu_i/top_wrapper_0/inst/u_dpu_top/u_pe_array/gen_row[6].gen_col[5].product__86_carry__0_i_8_n_0
    SLICE_X63Y299        CARRY4 (Prop_carry4_S[0]_CO[3])
                                                      0.259    10.562 r  ps_dpu_i/top_wrapper_0/inst/u_dpu_top/u_pe_array/gen_row[6].gen_col[5].product__86_carry__0/CO[3]
                         net (fo=1, routed)           0.001    10.562    ps_dpu_i/top_wrapper_0/inst/u_dpu_top/u_pe_array/gen_row[6].gen_col[5].product__86_carry__0_n_0
    SLICE_X63Y300        CARRY4 (Prop_carry4_CI_CO[3])
                                                      0.053    10.615 r  ps_dpu_i/top_wrapper_0/inst/u_dpu_top/u_pe_array/gen_row[6].gen_col[5].product__86_carry__1/CO[3]
                         net (fo=1, routed)           0.000    10.615    ps_dpu_i/top_wrapper_0/inst/u_dpu_top/u_pe_array/gen_row[6].gen_col[5].product__86_carry__1_n_0
    SLICE_X63Y301        CARRY4 (Prop_carry4_CI_O[0])
                                                      0.111    10.726 r  ps_dpu_i/top_wrapper_0/inst/u_dpu_top/u_pe_array/gen_row[6].gen_col[5].product__86_carry__2/O[0]
                         net (fo=17, routed)          0.432    11.159    ps_dpu_i/top_wrapper_0/inst/u_dpu_top/u_pe_array/gen_row[6].gen_col[5].product[15]
    SLICE_X61Y302        CARRY4 (Prop_carry4_DI[0]_CO[3])
                                                      0.350    11.509 r  ps_dpu_i/top_wrapper_0/inst/u_dpu_top/u_pe_array/gen_row[6].gen_col[5].psum_reg[6][5][16]_i_1/CO[3]
                         net (fo=1, routed)           0.000    11.509    ps_dpu_i/top_wrapper_0/inst/u_dpu_top/u_pe_array/gen_row[6].gen_col[5].psum_reg[6][5][16]_i_1_n_0
    SLICE_X61Y303        CARRY4 (Prop_carry4_CI_O[1])
                                                      0.166    11.675 r  ps_dpu_i/top_wrapper_0/inst/u_dpu_top/u_pe_array/gen_row[6].gen_col[5].psum_reg[6][5][20]_i_1/O[1]
                         net (fo=1, routed)           0.000    11.675    ps_dpu_i/top_wrapper_0/inst/u_dpu_top/u_pe_array/gen_row[6].gen_col[5].psum_reg[6][5][20]_i_1_n_6
    SLICE_X61Y303        FDRE                                         r  ps_dpu_i/top_wrapper_0/inst/u_dpu_top/u_pe_array/gen_row[6].gen_col[5].psum_reg[6][5][21]/D
  -------------------------------------------------------------------    -------------------

                         (clock clk_fpga_0 rise edge)
                                                     10.000    10.000 r  
    PS7_X0Y0             PS7                          0.000    10.000 r  ps_dpu_i/processing_system7_0/inst/PS7_i/FCLKCLK[0]
                         net (fo=1, routed)           1.241    11.241    ps_dpu_i/processing_system7_0/inst/FCLK_CLK_unbuffered[0]
    BUFGCTRL_X0Y16       BUFG (Prop_bufg_I_O)         0.083    11.324 r  ps_dpu_i/processing_system7_0/inst/buffer_fclk_clk_0.FCLK_CLK_0_BUFG/O
                         net (fo=5381, routed)        1.487    12.811    ps_dpu_i/top_wrapper_0/inst/u_dpu_top/u_pe_array/clk
    SLICE_X61Y303        FDRE                                         r  ps_dpu_i/top_wrapper_0/inst/u_dpu_top/u_pe_array/gen_row[6].gen_col[5].psum_reg[6][5][21]/C
                         clock pessimism              0.181    12.992    
                         clock uncertainty           -0.154    12.838    
    SLICE_X61Y303        FDRE (Setup_fdre_C_D)        0.049    12.887    ps_dpu_i/top_wrapper_0/inst/u_dpu_top/u_pe_array/gen_row[6].gen_col[5].psum_reg[6][5][21]
  -------------------------------------------------------------------
                         required time                         12.887    
                         arrival time                         -11.675    
  -------------------------------------------------------------------
                         slack                                  1.212    

Slack (MET) :             1.229ns  (required time - arrival time)
  Source:                 ps_dpu_i/top_wrapper_0/inst/u_dpu_top/u_act_buffer/bram0_reg_1_7_0/CLKBWRCLK
                            (rising edge-triggered cell RAMB36E1 clocked by clk_fpga_0  {rise@0.000ns fall@5.000ns period=10.000ns})
  Destination:            ps_dpu_i/top_wrapper_0/inst/u_dpu_top/u_pe_array/gen_row[6].gen_col[5].psum_reg[6][5][23]/D
                            (rising edge-triggered cell FDRE clocked by clk_fpga_0  {rise@0.000ns fall@5.000ns period=10.000ns})
  Path Group:             clk_fpga_0
  Path Type:              Setup (Max at Slow Process Corner)
  Requirement:            10.000ns  (clk_fpga_0 rise@10.000ns - clk_fpga_0 rise@0.000ns)
  Data Path Delay:        8.637ns  (logic 2.382ns (27.579%)  route 6.255ns (72.421%))
  Logic Levels:           13  (CARRY4=6 LUT3=2 LUT4=2 LUT5=1 LUT6=2)
  Clock Path Skew:        -0.029ns (DCD - SCD + CPR)
    Destination Clock Delay (DCD):    2.811ns = ( 12.811 - 10.000 ) 
    Source Clock Delay      (SCD):    3.021ns
    Clock Pessimism Removal (CPR):    0.181ns
  Clock Uncertainty:      0.154ns  ((TSJ^2 + TIJ^2)^1/2 + DJ) / 2 + PE
    Total System Jitter     (TSJ):    0.071ns
    Total Input Jitter      (TIJ):    0.300ns
    Discrete Jitter          (DJ):    0.000ns
    Phase Error              (PE):    0.000ns

    Location             Delay type                Incr(ns)  Path(ns)    Netlist Resource(s)
  -------------------------------------------------------------------    -------------------
                         (clock clk_fpga_0 rise edge)
                                                      0.000     0.000 r  
    PS7_X0Y0             PS7                          0.000     0.000 r  ps_dpu_i/processing_system7_0/inst/PS7_i/FCLKCLK[0]
                         net (fo=1, routed)           1.339     1.339    ps_dpu_i/processing_system7_0/inst/FCLK_CLK_unbuffered[0]
    BUFGCTRL_X0Y16       BUFG (Prop_bufg_I_O)         0.093     1.432 r  ps_dpu_i/processing_system7_0/inst/buffer_fclk_clk_0.FCLK_CLK_0_BUFG/O
                         net (fo=5381, routed)        1.589     3.021    ps_dpu_i/top_wrapper_0/inst/u_dpu_top/u_act_buffer/clk
    RAMB36_X2Y53         RAMB36E1                                     r  ps_dpu_i/top_wrapper_0/inst/u_dpu_top/u_act_buffer/bram0_reg_1_7_0/CLKBWRCLK
  -------------------------------------------------------------------    -------------------
    RAMB36_X2Y53         RAMB36E1 (Prop_ramb36e1_CLKBWRCLK_DOBDO[3])
                                                      0.622     3.643 r  ps_dpu_i/top_wrapper_0/inst/u_dpu_top/u_act_buffer/bram0_reg_1_7_0/DOBDO[3]
                         net (fo=4, routed)           1.501     5.143    ps_dpu_i/top_wrapper_0/inst/u_dpu_top/u_act_buffer/bram0_low_r2[59]
    SLICE_X61Y259        LUT6 (Prop_lut6_I3_O)        0.043     5.186 r  ps_dpu_i/top_wrapper_0/inst/u_dpu_top/u_act_buffer/gen_row[0].gen_col[0].product__0_carry_i_42/O
                         net (fo=3, routed)           0.354     5.540    ps_dpu_i/top_wrapper_0/inst/u_dpu_top/u_act_buffer/gen_row[0].gen_col[0].product__0_carry_i_42_n_0
    SLICE_X63Y259        LUT3 (Prop_lut3_I2_O)        0.048     5.588 r  ps_dpu_i/top_wrapper_0/inst/u_dpu_top/u_act_buffer/gen_row[0].gen_col[3].product__0_carry_i_23/O
                         net (fo=4, routed)           0.464     6.053    ps_dpu_i/top_wrapper_0/inst/u_dpu_top/u_act_buffer/data8[43]
    SLICE_X64Y260        LUT5 (Prop_lut5_I2_O)        0.132     6.185 r  ps_dpu_i/top_wrapper_0/inst/u_dpu_top/u_act_buffer/gen_row[0].gen_col[5].product__0_carry_i_15/O
                         net (fo=49, routed)          1.483     7.668    ps_dpu_i/top_wrapper_0/inst/u_dpu_top/u_act_buffer/gen_row[0].gen_col[5].product__0_carry_i_15_n_0
    SLICE_X55Y303        LUT4 (Prop_lut4_I1_O)        0.043     7.711 r  ps_dpu_i/top_wrapper_0/inst/u_dpu_top/u_act_buffer/gen_row[0].gen_col[5].product__0_carry_i_10/O
                         net (fo=104, routed)         0.893     8.604    ps_dpu_i/top_wrapper_0/inst/u_dpu_top/u_wgt_buffer/act_vector[43]
    SLICE_X62Y293        LUT6 (Prop_lut6_I3_O)        0.043     8.647 r  ps_dpu_i/top_wrapper_0/inst/u_dpu_top/u_wgt_buffer/gen_row[6].gen_col[5].product__0_carry__0_i_3/O
                         net (fo=1, routed)           0.273     8.920    ps_dpu_i/top_wrapper_0/inst/u_dpu_top/u_pe_array/bram_reg_6_0_31[1]
    SLICE_X63Y294        CARRY4 (Prop_carry4_DI[1]_O[2])
                                                      0.262     9.182 r  ps_dpu_i/top_wrapper_0/inst/u_dpu_top/u_pe_array/gen_row[6].gen_col[5].product__0_carry__0/O[2]
                         net (fo=2, routed)           0.507     9.689    ps_dpu_i/top_wrapper_0/inst/u_dpu_top/u_pe_array/gen_row[6].gen_col[5].product__0_carry__0_n_5
    SLICE_X63Y298        LUT3 (Prop_lut3_I2_O)        0.132     9.821 r  ps_dpu_i/top_wrapper_0/inst/u_dpu_top/u_pe_array/gen_row[6].gen_col[5].product__86_carry__0_i_4/O
                         net (fo=2, routed)           0.347    10.168    ps_dpu_i/top_wrapper_0/inst/u_dpu_top/u_pe_array/gen_row[6].gen_col[5].product__86_carry__0_i_4_n_0
    SLICE_X63Y299        LUT4 (Prop_lut4_I3_O)        0.135    10.303 r  ps_dpu_i/top_wrapper_0/inst/u_dpu_top/u_pe_array/gen_row[6].gen_col[5].product__86_carry__0_i_8/O
                         net (fo=1, routed)           0.000    10.303    ps_dpu_i/top_wrapper_0/inst/u_dpu_top/u_pe_array/gen_row[6].gen_col[5].product__86_carry__0_i_8_n_0
    SLICE_X63Y299        CARRY4 (Prop_carry4_S[0]_CO[3])
                                                      0.259    10.562 r  ps_dpu_i/top_wrapper_0/inst/u_dpu_top/u_pe_array/gen_row[6].gen_col[5].product__86_carry__0/CO[3]
                         net (fo=1, routed)           0.001    10.562    ps_dpu_i/top_wrapper_0/inst/u_dpu_top/u_pe_array/gen_row[6].gen_col[5].product__86_carry__0_n_0
    SLICE_X63Y300        CARRY4 (Prop_carry4_CI_CO[3])
                                                      0.053    10.615 r  ps_dpu_i/top_wrapper_0/inst/u_dpu_top/u_pe_array/gen_row[6].gen_col[5].product__86_carry__1/CO[3]
                         net (fo=1, routed)           0.000    10.615    ps_dpu_i/top_wrapper_0/inst/u_dpu_top/u_pe_array/gen_row[6].gen_col[5].product__86_carry__1_n_0
    SLICE_X63Y301        CARRY4 (Prop_carry4_CI_O[0])
                                                      0.111    10.726 r  ps_dpu_i/top_wrapper_0/inst/u_dpu_top/u_pe_array/gen_row[6].gen_col[5].product__86_carry__2/O[0]
                         net (fo=17, routed)          0.432    11.159    ps_dpu_i/top_wrapper_0/inst/u_dpu_top/u_pe_array/gen_row[6].gen_col[5].product[15]
    SLICE_X61Y302        CARRY4 (Prop_carry4_DI[0]_CO[3])
                                                      0.350    11.509 r  ps_dpu_i/top_wrapper_0/inst/u_dpu_top/u_pe_array/gen_row[6].gen_col[5].psum_reg[6][5][16]_i_1/CO[3]
                         net (fo=1, routed)           0.000    11.509    ps_dpu_i/top_wrapper_0/inst/u_dpu_top/u_pe_array/gen_row[6].gen_col[5].psum_reg[6][5][16]_i_1_n_0
    SLICE_X61Y303        CARRY4 (Prop_carry4_CI_O[3])
                                                      0.149    11.658 r  ps_dpu_i/top_wrapper_0/inst/u_dpu_top/u_pe_array/gen_row[6].gen_col[5].psum_reg[6][5][20]_i_1/O[3]
                         net (fo=1, routed)           0.000    11.658    ps_dpu_i/top_wrapper_0/inst/u_dpu_top/u_pe_array/gen_row[6].gen_col[5].psum_reg[6][5][20]_i_1_n_4
    SLICE_X61Y303        FDRE                                         r  ps_dpu_i/top_wrapper_0/inst/u_dpu_top/u_pe_array/gen_row[6].gen_col[5].psum_reg[6][5][23]/D
  -------------------------------------------------------------------    -------------------

                         (clock clk_fpga_0 rise edge)
                                                     10.000    10.000 r  
    PS7_X0Y0             PS7                          0.000    10.000 r  ps_dpu_i/processing_system7_0/inst/PS7_i/FCLKCLK[0]
                         net (fo=1, routed)           1.241    11.241    ps_dpu_i/processing_system7_0/inst/FCLK_CLK_unbuffered[0]
    BUFGCTRL_X0Y16       BUFG (Prop_bufg_I_O)         0.083    11.324 r  ps_dpu_i/processing_system7_0/inst/buffer_fclk_clk_0.FCLK_CLK_0_BUFG/O
                         net (fo=5381, routed)        1.487    12.811    ps_dpu_i/top_wrapper_0/inst/u_dpu_top/u_pe_array/clk
    SLICE_X61Y303        FDRE                                         r  ps_dpu_i/top_wrapper_0/inst/u_dpu_top/u_pe_array/gen_row[6].gen_col[5].psum_reg[6][5][23]/C
                         clock pessimism              0.181    12.992    
                         clock uncertainty           -0.154    12.838    
    SLICE_X61Y303        FDRE (Setup_fdre_C_D)        0.049    12.887    ps_dpu_i/top_wrapper_0/inst/u_dpu_top/u_pe_array/gen_row[6].gen_col[5].psum_reg[6][5][23]
  -------------------------------------------------------------------
                         required time                         12.887    
                         arrival time                         -11.658    
  -------------------------------------------------------------------
                         slack                                  1.229    

Slack (MET) :             1.267ns  (required time - arrival time)
  Source:                 ps_dpu_i/top_wrapper_0/inst/u_dpu_top/u_act_buffer/bram0_reg_1_7_0/CLKBWRCLK
                            (rising edge-triggered cell RAMB36E1 clocked by clk_fpga_0  {rise@0.000ns fall@5.000ns period=10.000ns})
  Destination:            ps_dpu_i/top_wrapper_0/inst/u_dpu_top/u_pe_array/gen_row[6].gen_col[5].psum_reg[6][5][20]/D
                            (rising edge-triggered cell FDRE clocked by clk_fpga_0  {rise@0.000ns fall@5.000ns period=10.000ns})
  Path Group:             clk_fpga_0
  Path Type:              Setup (Max at Slow Process Corner)
  Requirement:            10.000ns  (clk_fpga_0 rise@10.000ns - clk_fpga_0 rise@0.000ns)
  Data Path Delay:        8.599ns  (logic 2.344ns (27.259%)  route 6.255ns (72.741%))
  Logic Levels:           13  (CARRY4=6 LUT3=2 LUT4=2 LUT5=1 LUT6=2)
  Clock Path Skew:        -0.029ns (DCD - SCD + CPR)
    Destination Clock Delay (DCD):    2.811ns = ( 12.811 - 10.000 ) 
    Source Clock Delay      (SCD):    3.021ns
    Clock Pessimism Removal (CPR):    0.181ns
  Clock Uncertainty:      0.154ns  ((TSJ^2 + TIJ^2)^1/2 + DJ) / 2 + PE
    Total System Jitter     (TSJ):    0.071ns
    Total Input Jitter      (TIJ):    0.300ns
    Discrete Jitter          (DJ):    0.000ns
    Phase Error              (PE):    0.000ns

    Location             Delay type                Incr(ns)  Path(ns)    Netlist Resource(s)
  -------------------------------------------------------------------    -------------------
                         (clock clk_fpga_0 rise edge)
                                                      0.000     0.000 r  
    PS7_X0Y0             PS7                          0.000     0.000 r  ps_dpu_i/processing_system7_0/inst/PS7_i/FCLKCLK[0]
                         net (fo=1, routed)           1.339     1.339    ps_dpu_i/processing_system7_0/inst/FCLK_CLK_unbuffered[0]
    BUFGCTRL_X0Y16       BUFG (Prop_bufg_I_O)         0.093     1.432 r  ps_dpu_i/processing_system7_0/inst/buffer_fclk_clk_0.FCLK_CLK_0_BUFG/O
                         net (fo=5381, routed)        1.589     3.021    ps_dpu_i/top_wrapper_0/inst/u_dpu_top/u_act_buffer/clk
    RAMB36_X2Y53         RAMB36E1                                     r  ps_dpu_i/top_wrapper_0/inst/u_dpu_top/u_act_buffer/bram0_reg_1_7_0/CLKBWRCLK
  -------------------------------------------------------------------    -------------------
    RAMB36_X2Y53         RAMB36E1 (Prop_ramb36e1_CLKBWRCLK_DOBDO[3])
                                                      0.622     3.643 r  ps_dpu_i/top_wrapper_0/inst/u_dpu_top/u_act_buffer/bram0_reg_1_7_0/DOBDO[3]
                         net (fo=4, routed)           1.501     5.143    ps_dpu_i/top_wrapper_0/inst/u_dpu_top/u_act_buffer/bram0_low_r2[59]
    SLICE_X61Y259        LUT6 (Prop_lut6_I3_O)        0.043     5.186 r  ps_dpu_i/top_wrapper_0/inst/u_dpu_top/u_act_buffer/gen_row[0].gen_col[0].product__0_carry_i_42/O
                         net (fo=3, routed)           0.354     5.540    ps_dpu_i/top_wrapper_0/inst/u_dpu_top/u_act_buffer/gen_row[0].gen_col[0].product__0_carry_i_42_n_0
    SLICE_X63Y259        LUT3 (Prop_lut3_I2_O)        0.048     5.588 r  ps_dpu_i/top_wrapper_0/inst/u_dpu_top/u_act_buffer/gen_row[0].gen_col[3].product__0_carry_i_23/O
                         net (fo=4, routed)           0.464     6.053    ps_dpu_i/top_wrapper_0/inst/u_dpu_top/u_act_buffer/data8[43]
    SLICE_X64Y260        LUT5 (Prop_lut5_I2_O)        0.132     6.185 r  ps_dpu_i/top_wrapper_0/inst/u_dpu_top/u_act_buffer/gen_row[0].gen_col[5].product__0_carry_i_15/O
                         net (fo=49, routed)          1.483     7.668    ps_dpu_i/top_wrapper_0/inst/u_dpu_top/u_act_buffer/gen_row[0].gen_col[5].product__0_carry_i_15_n_0
    SLICE_X55Y303        LUT4 (Prop_lut4_I1_O)        0.043     7.711 r  ps_dpu_i/top_wrapper_0/inst/u_dpu_top/u_act_buffer/gen_row[0].gen_col[5].product__0_carry_i_10/O
                         net (fo=104, routed)         0.893     8.604    ps_dpu_i/top_wrapper_0/inst/u_dpu_top/u_wgt_buffer/act_vector[43]
    SLICE_X62Y293        LUT6 (Prop_lut6_I3_O)        0.043     8.647 r  ps_dpu_i/top_wrapper_0/inst/u_dpu_top/u_wgt_buffer/gen_row[6].gen_col[5].product__0_carry__0_i_3/O
                         net (fo=1, routed)           0.273     8.920    ps_dpu_i/top_wrapper_0/inst/u_dpu_top/u_pe_array/bram_reg_6_0_31[1]
    SLICE_X63Y294        CARRY4 (Prop_carry4_DI[1]_O[2])
                                                      0.262     9.182 r  ps_dpu_i/top_wrapper_0/inst/u_dpu_top/u_pe_array/gen_row[6].gen_col[5].product__0_carry__0/O[2]
                         net (fo=2, routed)           0.507     9.689    ps_dpu_i/top_wrapper_0/inst/u_dpu_top/u_pe_array/gen_row[6].gen_col[5].product__0_carry__0_n_5
    SLICE_X63Y298        LUT3 (Prop_lut3_I2_O)        0.132     9.821 r  ps_dpu_i/top_wrapper_0/inst/u_dpu_top/u_pe_array/gen_row[6].gen_col[5].product__86_carry__0_i_4/O
                         net (fo=2, routed)           0.347    10.168    ps_dpu_i/top_wrapper_0/inst/u_dpu_top/u_pe_array/gen_row[6].gen_col[5].product__86_carry__0_i_4_n_0
    SLICE_X63Y299        LUT4 (Prop_lut4_I3_O)        0.135    10.303 r  ps_dpu_i/top_wrapper_0/inst/u_dpu_top/u_pe_array/gen_row[6].gen_col[5].product__86_carry__0_i_8/O
                         net (fo=1, routed)           0.000    10.303    ps_dpu_i/top_wrapper_0/inst/u_dpu_top/u_pe_array/gen_row[6].gen_col[5].product__86_carry__0_i_8_n_0
    SLICE_X63Y299        CARRY4 (Prop_carry4_S[0]_CO[3])
                                                      0.259    10.562 r  ps_dpu_i/top_wrapper_0/inst/u_dpu_top/u_pe_array/gen_row[6].gen_col[5].product__86_carry__0/CO[3]
                         net (fo=1, routed)           0.001    10.562    ps_dpu_i/top_wrapper_0/inst/u_dpu_top/u_pe_array/gen_row[6].gen_col[5].product__86_carry__0_n_0
    SLICE_X63Y300        CARRY4 (Prop_carry4_CI_CO[3])
                                                      0.053    10.615 r  ps_dpu_i/top_wrapper_0/inst/u_dpu_top/u_pe_array/gen_row[6].gen_col[5].product__86_carry__1/CO[3]
                         net (fo=1, routed)           0.000    10.615    ps_dpu_i/top_wrapper_0/inst/u_dpu_top/u_pe_array/gen_row[6].gen_col[5].product__86_carry__1_n_0
    SLICE_X63Y301        CARRY4 (Prop_carry4_CI_O[0])
                                                      0.111    10.726 r  ps_dpu_i/top_wrapper_0/inst/u_dpu_top/u_pe_array/gen_row[6].gen_col[5].product__86_carry__2/O[0]
                         net (fo=17, routed)          0.432    11.159    ps_dpu_i/top_wrapper_0/inst/u_dpu_top/u_pe_array/gen_row[6].gen_col[5].product[15]
    SLICE_X61Y302        CARRY4 (Prop_carry4_DI[0]_CO[3])
                                                      0.350    11.509 r  ps_dpu_i/top_wrapper_0/inst/u_dpu_top/u_pe_array/gen_row[6].gen_col[5].psum_reg[6][5][16]_i_1/CO[3]
                         net (fo=1, routed)           0.000    11.509    ps_dpu_i/top_wrapper_0/inst/u_dpu_top/u_pe_array/gen_row[6].gen_col[5].psum_reg[6][5][16]_i_1_n_0
    SLICE_X61Y303        CARRY4 (Prop_carry4_CI_O[0])
                                                      0.111    11.620 r  ps_dpu_i/top_wrapper_0/inst/u_dpu_top/u_pe_array/gen_row[6].gen_col[5].psum_reg[6][5][20]_i_1/O[0]
                         net (fo=1, routed)           0.000    11.620    ps_dpu_i/top_wrapper_0/inst/u_dpu_top/u_pe_array/gen_row[6].gen_col[5].psum_reg[6][5][20]_i_1_n_7
    SLICE_X61Y303        FDRE                                         r  ps_dpu_i/top_wrapper_0/inst/u_dpu_top/u_pe_array/gen_row[6].gen_col[5].psum_reg[6][5][20]/D
  -------------------------------------------------------------------    -------------------

                         (clock clk_fpga_0 rise edge)
                                                     10.000    10.000 r  
    PS7_X0Y0             PS7                          0.000    10.000 r  ps_dpu_i/processing_system7_0/inst/PS7_i/FCLKCLK[0]
                         net (fo=1, routed)           1.241    11.241    ps_dpu_i/processing_system7_0/inst/FCLK_CLK_unbuffered[0]
    BUFGCTRL_X0Y16       BUFG (Prop_bufg_I_O)         0.083    11.324 r  ps_dpu_i/processing_system7_0/inst/buffer_fclk_clk_0.FCLK_CLK_0_BUFG/O
                         net (fo=5381, routed)        1.487    12.811    ps_dpu_i/top_wrapper_0/inst/u_dpu_top/u_pe_array/clk
    SLICE_X61Y303        FDRE                                         r  ps_dpu_i/top_wrapper_0/inst/u_dpu_top/u_pe_array/gen_row[6].gen_col[5].psum_reg[6][5][20]/C
                         clock pessimism              0.181    12.992    
                         clock uncertainty           -0.154    12.838    
    SLICE_X61Y303        FDRE (Setup_fdre_C_D)        0.049    12.887    ps_dpu_i/top_wrapper_0/inst/u_dpu_top/u_pe_array/gen_row[6].gen_col[5].psum_reg[6][5][20]
  -------------------------------------------------------------------
                         required time                         12.887    
                         arrival time                         -11.620    
  -------------------------------------------------------------------
                         slack                                  1.267    

Slack (MET) :             1.267ns  (required time - arrival time)
  Source:                 ps_dpu_i/top_wrapper_0/inst/u_dpu_top/u_act_buffer/bram0_reg_1_7_0/CLKBWRCLK
                            (rising edge-triggered cell RAMB36E1 clocked by clk_fpga_0  {rise@0.000ns fall@5.000ns period=10.000ns})
  Destination:            ps_dpu_i/top_wrapper_0/inst/u_dpu_top/u_pe_array/gen_row[6].gen_col[5].psum_reg[6][5][22]/D
                            (rising edge-triggered cell FDRE clocked by clk_fpga_0  {rise@0.000ns fall@5.000ns period=10.000ns})
  Path Group:             clk_fpga_0
  Path Type:              Setup (Max at Slow Process Corner)
  Requirement:            10.000ns  (clk_fpga_0 rise@10.000ns - clk_fpga_0 rise@0.000ns)
  Data Path Delay:        8.599ns  (logic 2.344ns (27.259%)  route 6.255ns (72.741%))
  Logic Levels:           13  (CARRY4=6 LUT3=2 LUT4=2 LUT5=1 LUT6=2)
  Clock Path Skew:        -0.029ns (DCD - SCD + CPR)
    Destination Clock Delay (DCD):    2.811ns = ( 12.811 - 10.000 ) 
    Source Clock Delay      (SCD):    3.021ns
    Clock Pessimism Removal (CPR):    0.181ns
  Clock Uncertainty:      0.154ns  ((TSJ^2 + TIJ^2)^1/2 + DJ) / 2 + PE
    Total System Jitter     (TSJ):    0.071ns
    Total Input Jitter      (TIJ):    0.300ns
    Discrete Jitter          (DJ):    0.000ns
    Phase Error              (PE):    0.000ns

    Location             Delay type                Incr(ns)  Path(ns)    Netlist Resource(s)
  -------------------------------------------------------------------    -------------------
                         (clock clk_fpga_0 rise edge)
                                                      0.000     0.000 r  
    PS7_X0Y0             PS7                          0.000     0.000 r  ps_dpu_i/processing_system7_0/inst/PS7_i/FCLKCLK[0]
                         net (fo=1, routed)           1.339     1.339    ps_dpu_i/processing_system7_0/inst/FCLK_CLK_unbuffered[0]
    BUFGCTRL_X0Y16       BUFG (Prop_bufg_I_O)         0.093     1.432 r  ps_dpu_i/processing_system7_0/inst/buffer_fclk_clk_0.FCLK_CLK_0_BUFG/O
                         net (fo=5381, routed)        1.589     3.021    ps_dpu_i/top_wrapper_0/inst/u_dpu_top/u_act_buffer/clk
    RAMB36_X2Y53         RAMB36E1                                     r  ps_dpu_i/top_wrapper_0/inst/u_dpu_top/u_act_buffer/bram0_reg_1_7_0/CLKBWRCLK
  -------------------------------------------------------------------    -------------------
    RAMB36_X2Y53         RAMB36E1 (Prop_ramb36e1_CLKBWRCLK_DOBDO[3])
                                                      0.622     3.643 r  ps_dpu_i/top_wrapper_0/inst/u_dpu_top/u_act_buffer/bram0_reg_1_7_0/DOBDO[3]
                         net (fo=4, routed)           1.501     5.143    ps_dpu_i/top_wrapper_0/inst/u_dpu_top/u_act_buffer/bram0_low_r2[59]
    SLICE_X61Y259        LUT6 (Prop_lut6_I3_O)        0.043     5.186 r  ps_dpu_i/top_wrapper_0/inst/u_dpu_top/u_act_buffer/gen_row[0].gen_col[0].product__0_carry_i_42/O
                         net (fo=3, routed)           0.354     5.540    ps_dpu_i/top_wrapper_0/inst/u_dpu_top/u_act_buffer/gen_row[0].gen_col[0].product__0_carry_i_42_n_0
    SLICE_X63Y259        LUT3 (Prop_lut3_I2_O)        0.048     5.588 r  ps_dpu_i/top_wrapper_0/inst/u_dpu_top/u_act_buffer/gen_row[0].gen_col[3].product__0_carry_i_23/O
                         net (fo=4, routed)           0.464     6.053    ps_dpu_i/top_wrapper_0/inst/u_dpu_top/u_act_buffer/data8[43]
    SLICE_X64Y260        LUT5 (Prop_lut5_I2_O)        0.132     6.185 r  ps_dpu_i/top_wrapper_0/inst/u_dpu_top/u_act_buffer/gen_row[0].gen_col[5].product__0_carry_i_15/O
                         net (fo=49, routed)          1.483     7.668    ps_dpu_i/top_wrapper_0/inst/u_dpu_top/u_act_buffer/gen_row[0].gen_col[5].product__0_carry_i_15_n_0
    SLICE_X55Y303        LUT4 (Prop_lut4_I1_O)        0.043     7.711 r  ps_dpu_i/top_wrapper_0/inst/u_dpu_top/u_act_buffer/gen_row[0].gen_col[5].product__0_carry_i_10/O
                         net (fo=104, routed)         0.893     8.604    ps_dpu_i/top_wrapper_0/inst/u_dpu_top/u_wgt_buffer/act_vector[43]
    SLICE_X62Y293        LUT6 (Prop_lut6_I3_O)        0.043     8.647 r  ps_dpu_i/top_wrapper_0/inst/u_dpu_top/u_wgt_buffer/gen_row[6].gen_col[5].product__0_carry__0_i_3/O
                         net (fo=1, routed)           0.273     8.920    ps_dpu_i/top_wrapper_0/inst/u_dpu_top/u_pe_array/bram_reg_6_0_31[1]
    SLICE_X63Y294        CARRY4 (Prop_carry4_DI[1]_O[2])
                                                      0.262     9.182 r  ps_dpu_i/top_wrapper_0/inst/u_dpu_top/u_pe_array/gen_row[6].gen_col[5].product__0_carry__0/O[2]
                         net (fo=2, routed)           0.507     9.689    ps_dpu_i/top_wrapper_0/inst/u_dpu_top/u_pe_array/gen_row[6].gen_col[5].product__0_carry__0_n_5
    SLICE_X63Y298        LUT3 (Prop_lut3_I2_O)        0.132     9.821 r  ps_dpu_i/top_wrapper_0/inst/u_dpu_top/u_pe_array/gen_row[6].gen_col[5].product__86_carry__0_i_4/O
                         net (fo=2, routed)           0.347    10.168    ps_dpu_i/top_wrapper_0/inst/u_dpu_top/u_pe_array/gen_row[6].gen_col[5].product__86_carry__0_i_4_n_0
    SLICE_X63Y299        LUT4 (Prop_lut4_I3_O)        0.135    10.303 r  ps_dpu_i/top_wrapper_0/inst/u_dpu_top/u_pe_array/gen_row[6].gen_col[5].product__86_carry__0_i_8/O
                         net (fo=1, routed)           0.000    10.303    ps_dpu_i/top_wrapper_0/inst/u_dpu_top/u_pe_array/gen_row[6].gen_col[5].product__86_carry__0_i_8_n_0
    SLICE_X63Y299        CARRY4 (Prop_carry4_S[0]_CO[3])
                                                      0.259    10.562 r  ps_dpu_i/top_wrapper_0/inst/u_dpu_top/u_pe_array/gen_row[6].gen_col[5].product__86_carry__0/CO[3]
                         net (fo=1, routed)           0.001    10.562    ps_dpu_i/top_wrapper_0/inst/u_dpu_top/u_pe_array/gen_row[6].gen_col[5].product__86_carry__0_n_0
    SLICE_X63Y300        CARRY4 (Prop_carry4_CI_CO[3])
                                                      0.053    10.615 r  ps_dpu_i/top_wrapper_0/inst/u_dpu_top/u_pe_array/gen_row[6].gen_col[5].product__86_carry__1/CO[3]
                         net (fo=1, routed)           0.000    10.615    ps_dpu_i/top_wrapper_0/inst/u_dpu_top/u_pe_array/gen_row[6].gen_col[5].product__86_carry__1_n_0
    SLICE_X63Y301        CARRY4 (Prop_carry4_CI_O[0])
                                                      0.111    10.726 r  ps_dpu_i/top_wrapper_0/inst/u_dpu_top/u_pe_array/gen_row[6].gen_col[5].product__86_carry__2/O[0]
                         net (fo=17, routed)          0.432    11.159    ps_dpu_i/top_wrapper_0/inst/u_dpu_top/u_pe_array/gen_row[6].gen_col[5].product[15]
    SLICE_X61Y302        CARRY4 (Prop_carry4_DI[0]_CO[3])
                                                      0.350    11.509 r  ps_dpu_i/top_wrapper_0/inst/u_dpu_top/u_pe_array/gen_row[6].gen_col[5].psum_reg[6][5][16]_i_1/CO[3]
                         net (fo=1, routed)           0.000    11.509    ps_dpu_i/top_wrapper_0/inst/u_dpu_top/u_pe_array/gen_row[6].gen_col[5].psum_reg[6][5][16]_i_1_n_0
    SLICE_X61Y303        CARRY4 (Prop_carry4_CI_O[2])
                                                      0.111    11.620 r  ps_dpu_i/top_wrapper_0/inst/u_dpu_top/u_pe_array/gen_row[6].gen_col[5].psum_reg[6][5][20]_i_1/O[2]
                         net (fo=1, routed)           0.000    11.620    ps_dpu_i/top_wrapper_0/inst/u_dpu_top/u_pe_array/gen_row[6].gen_col[5].psum_reg[6][5][20]_i_1_n_5
    SLICE_X61Y303        FDRE                                         r  ps_dpu_i/top_wrapper_0/inst/u_dpu_top/u_pe_array/gen_row[6].gen_col[5].psum_reg[6][5][22]/D
  -------------------------------------------------------------------    -------------------

                         (clock clk_fpga_0 rise edge)
                                                     10.000    10.000 r  
    PS7_X0Y0             PS7                          0.000    10.000 r  ps_dpu_i/processing_system7_0/inst/PS7_i/FCLKCLK[0]
                         net (fo=1, routed)           1.241    11.241    ps_dpu_i/processing_system7_0/inst/FCLK_CLK_unbuffered[0]
    BUFGCTRL_X0Y16       BUFG (Prop_bufg_I_O)         0.083    11.324 r  ps_dpu_i/processing_system7_0/inst/buffer_fclk_clk_0.FCLK_CLK_0_BUFG/O
                         net (fo=5381, routed)        1.487    12.811    ps_dpu_i/top_wrapper_0/inst/u_dpu_top/u_pe_array/clk
    SLICE_X61Y303        FDRE                                         r  ps_dpu_i/top_wrapper_0/inst/u_dpu_top/u_pe_array/gen_row[6].gen_col[5].psum_reg[6][5][22]/C
                         clock pessimism              0.181    12.992    
                         clock uncertainty           -0.154    12.838    
    SLICE_X61Y303        FDRE (Setup_fdre_C_D)        0.049    12.887    ps_dpu_i/top_wrapper_0/inst/u_dpu_top/u_pe_array/gen_row[6].gen_col[5].psum_reg[6][5][22]
  -------------------------------------------------------------------
                         required time                         12.887    
                         arrival time                         -11.620    
  -------------------------------------------------------------------
                         slack                                  1.267    

Slack (MET) :             1.296ns  (required time - arrival time)
  Source:                 ps_dpu_i/top_wrapper_0/inst/u_dpu_top/u_act_buffer/bram0_reg_2_4_0/CLKBWRCLK
                            (rising edge-triggered cell RAMB36E1 clocked by clk_fpga_0  {rise@0.000ns fall@5.000ns period=10.000ns})
  Destination:            ps_dpu_i/top_wrapper_0/inst/u_dpu_top/u_pe_array/gen_row[0].gen_col[4].psum_reg[0][4][17]/D
                            (rising edge-triggered cell FDRE clocked by clk_fpga_0  {rise@0.000ns fall@5.000ns period=10.000ns})
  Path Group:             clk_fpga_0
  Path Type:              Setup (Max at Slow Process Corner)
  Requirement:            10.000ns  (clk_fpga_0 rise@10.000ns - clk_fpga_0 rise@0.000ns)
  Data Path Delay:        8.577ns  (logic 2.329ns (27.155%)  route 6.248ns (72.845%))
  Logic Levels:           13  (CARRY4=6 LUT3=2 LUT4=2 LUT6=3)
  Clock Path Skew:        -0.023ns (DCD - SCD + CPR)
    Destination Clock Delay (DCD):    2.673ns = ( 12.673 - 10.000 ) 
    Source Clock Delay      (SCD):    2.847ns
    Clock Pessimism Removal (CPR):    0.151ns
  Clock Uncertainty:      0.154ns  ((TSJ^2 + TIJ^2)^1/2 + DJ) / 2 + PE
    Total System Jitter     (TSJ):    0.071ns
    Total Input Jitter      (TIJ):    0.300ns
    Discrete Jitter          (DJ):    0.000ns
    Phase Error              (PE):    0.000ns

    Location             Delay type                Incr(ns)  Path(ns)    Netlist Resource(s)
  -------------------------------------------------------------------    -------------------
                         (clock clk_fpga_0 rise edge)
                                                      0.000     0.000 r  
    PS7_X0Y0             PS7                          0.000     0.000 r  ps_dpu_i/processing_system7_0/inst/PS7_i/FCLKCLK[0]
                         net (fo=1, routed)           1.339     1.339    ps_dpu_i/processing_system7_0/inst/FCLK_CLK_unbuffered[0]
    BUFGCTRL_X0Y16       BUFG (Prop_bufg_I_O)         0.093     1.432 r  ps_dpu_i/processing_system7_0/inst/buffer_fclk_clk_0.FCLK_CLK_0_BUFG/O
                         net (fo=5381, routed)        1.415     2.847    ps_dpu_i/top_wrapper_0/inst/u_dpu_top/u_act_buffer/clk
    RAMB36_X4Y46         RAMB36E1                                     r  ps_dpu_i/top_wrapper_0/inst/u_dpu_top/u_act_buffer/bram0_reg_2_4_0/CLKBWRCLK
  -------------------------------------------------------------------    -------------------
    RAMB36_X4Y46         RAMB36E1 (Prop_ramb36e1_CLKBWRCLK_DOBDO[3])
                                                      0.622     3.469 r  ps_dpu_i/top_wrapper_0/inst/u_dpu_top/u_act_buffer/bram0_reg_2_4_0/DOBDO[3]
                         net (fo=3, routed)           1.656     5.125    ps_dpu_i/top_wrapper_0/inst/u_dpu_top/u_act_buffer/bram0_high_r2[35]
    SLICE_X62Y258        LUT6 (Prop_lut6_I0_O)        0.043     5.168 r  ps_dpu_i/top_wrapper_0/inst/u_dpu_top/u_act_buffer/gen_row[0].gen_col[2].product__0_carry_i_29/O
                         net (fo=1, routed)           0.543     5.711    ps_dpu_i/top_wrapper_0/inst/u_dpu_top/u_act_buffer/gen_row[0].gen_col[2].product__0_carry_i_29_n_0
    SLICE_X62Y259        LUT3 (Prop_lut3_I0_O)        0.047     5.758 r  ps_dpu_i/top_wrapper_0/inst/u_dpu_top/u_act_buffer/gen_row[0].gen_col[2].product__0_carry_i_23/O
                         net (fo=4, routed)           0.355     6.112    ps_dpu_i/top_wrapper_0/inst/u_dpu_top/u_act_buffer/data8[35]
    SLICE_X64Y260        LUT6 (Prop_lut6_I3_O)        0.134     6.246 r  ps_dpu_i/top_wrapper_0/inst/u_dpu_top/u_act_buffer/gen_row[0].gen_col[4].product__0_carry_i_15/O
                         net (fo=49, routed)          1.242     7.489    ps_dpu_i/top_wrapper_0/inst/u_dpu_top/u_act_buffer/gen_row[0].gen_col[4].product__0_carry_i_15_n_0
    SLICE_X66Y304        LUT4 (Prop_lut4_I1_O)        0.043     7.532 r  ps_dpu_i/top_wrapper_0/inst/u_dpu_top/u_act_buffer/gen_row[0].gen_col[4].product__0_carry_i_10/O
                         net (fo=104, routed)         0.619     8.151    ps_dpu_i/top_wrapper_0/inst/u_dpu_top/u_wgt_buffer/act_vector[35]
    SLICE_X79Y297        LUT6 (Prop_lut6_I3_O)        0.043     8.194 r  ps_dpu_i/top_wrapper_0/inst/u_dpu_top/u_wgt_buffer/gen_row[0].gen_col[4].product__0_carry__0_i_3/O
                         net (fo=1, routed)           0.330     8.523    ps_dpu_i/top_wrapper_0/inst/u_dpu_top/u_pe_array/bram_reg_0_0_23[1]
    SLICE_X78Y297        CARRY4 (Prop_carry4_DI[1]_O[2])
                                                      0.265     8.788 r  ps_dpu_i/top_wrapper_0/inst/u_dpu_top/u_pe_array/gen_row[0].gen_col[4].product__0_carry__0/O[2]
                         net (fo=2, routed)           0.582     9.370    ps_dpu_i/top_wrapper_0/inst/u_dpu_top/u_pe_array/gen_row[0].gen_col[4].product__0_carry__0_n_5
    SLICE_X77Y303        LUT3 (Prop_lut3_I2_O)        0.137     9.507 r  ps_dpu_i/top_wrapper_0/inst/u_dpu_top/u_pe_array/gen_row[0].gen_col[4].product__86_carry__0_i_4/O
                         net (fo=2, routed)           0.347     9.854    ps_dpu_i/top_wrapper_0/inst/u_dpu_top/u_pe_array/gen_row[0].gen_col[4].product__86_carry__0_i_4_n_0
    SLICE_X77Y304        LUT4 (Prop_lut4_I3_O)        0.135     9.989 r  ps_dpu_i/top_wrapper_0/inst/u_dpu_top/u_pe_array/gen_row[0].gen_col[4].product__86_carry__0_i_8/O
                         net (fo=1, routed)           0.000     9.989    ps_dpu_i/top_wrapper_0/inst/u_dpu_top/u_pe_array/gen_row[0].gen_col[4].product__86_carry__0_i_8_n_0
    SLICE_X77Y304        CARRY4 (Prop_carry4_S[0]_CO[3])
                                                      0.259    10.248 r  ps_dpu_i/top_wrapper_0/inst/u_dpu_top/u_pe_array/gen_row[0].gen_col[4].product__86_carry__0/CO[3]
                         net (fo=1, routed)           0.000    10.248    ps_dpu_i/top_wrapper_0/inst/u_dpu_top/u_pe_array/gen_row[0].gen_col[4].product__86_carry__0_n_0
    SLICE_X77Y305        CARRY4 (Prop_carry4_CI_CO[3])
                                                      0.053    10.301 r  ps_dpu_i/top_wrapper_0/inst/u_dpu_top/u_pe_array/gen_row[0].gen_col[4].product__86_carry__1/CO[3]
                         net (fo=1, routed)           0.000    10.301    ps_dpu_i/top_wrapper_0/inst/u_dpu_top/u_pe_array/gen_row[0].gen_col[4].product__86_carry__1_n_0
    SLICE_X77Y306        CARRY4 (Prop_carry4_CI_O[0])
                                                      0.111    10.412 r  ps_dpu_i/top_wrapper_0/inst/u_dpu_top/u_pe_array/gen_row[0].gen_col[4].product__86_carry__2/O[0]
                         net (fo=17, routed)          0.574    10.986    ps_dpu_i/top_wrapper_0/inst/u_dpu_top/u_pe_array/gen_row[0].gen_col[4].product[15]
    SLICE_X77Y298        CARRY4 (Prop_carry4_DI[3]_CO[3])
                                                      0.271    11.257 r  ps_dpu_i/top_wrapper_0/inst/u_dpu_top/u_pe_array/gen_row[0].gen_col[4].psum_reg[0][4][12]_i_1/CO[3]
                         net (fo=1, routed)           0.000    11.257    ps_dpu_i/top_wrapper_0/inst/u_dpu_top/u_pe_array/gen_row[0].gen_col[4].psum_reg[0][4][12]_i_1_n_0
    SLICE_X77Y299        CARRY4 (Prop_carry4_CI_O[1])
                                                      0.166    11.423 r  ps_dpu_i/top_wrapper_0/inst/u_dpu_top/u_pe_array/gen_row[0].gen_col[4].psum_reg[0][4][16]_i_1/O[1]
                         net (fo=1, routed)           0.000    11.423    ps_dpu_i/top_wrapper_0/inst/u_dpu_top/u_pe_array/gen_row[0].gen_col[4].psum_reg[0][4][16]_i_1_n_6
    SLICE_X77Y299        FDRE                                         r  ps_dpu_i/top_wrapper_0/inst/u_dpu_top/u_pe_array/gen_row[0].gen_col[4].psum_reg[0][4][17]/D
  -------------------------------------------------------------------    -------------------

                         (clock clk_fpga_0 rise edge)
                                                     10.000    10.000 r  
    PS7_X0Y0             PS7                          0.000    10.000 r  ps_dpu_i/processing_system7_0/inst/PS7_i/FCLKCLK[0]
                         net (fo=1, routed)           1.241    11.241    ps_dpu_i/processing_system7_0/inst/FCLK_CLK_unbuffered[0]
    BUFGCTRL_X0Y16       BUFG (Prop_bufg_I_O)         0.083    11.324 r  ps_dpu_i/processing_system7_0/inst/buffer_fclk_clk_0.FCLK_CLK_0_BUFG/O
                         net (fo=5381, routed)        1.349    12.673    ps_dpu_i/top_wrapper_0/inst/u_dpu_top/u_pe_array/clk
    SLICE_X77Y299        FDRE                                         r  ps_dpu_i/top_wrapper_0/inst/u_dpu_top/u_pe_array/gen_row[0].gen_col[4].psum_reg[0][4][17]/C
                         clock pessimism              0.151    12.824    
                         clock uncertainty           -0.154    12.670    
    SLICE_X77Y299        FDRE (Setup_fdre_C_D)        0.049    12.719    ps_dpu_i/top_wrapper_0/inst/u_dpu_top/u_pe_array/gen_row[0].gen_col[4].psum_reg[0][4][17]
  -------------------------------------------------------------------
                         required time                         12.719    
                         arrival time                         -11.423    
  -------------------------------------------------------------------
                         slack                                  1.296    

Slack (MET) :             1.297ns  (required time - arrival time)
  Source:                 ps_dpu_i/top_wrapper_0/inst/u_dpu_top/u_act_buffer/bram0_reg_2_4_0/CLKBWRCLK
                            (rising edge-triggered cell RAMB36E1 clocked by clk_fpga_0  {rise@0.000ns fall@5.000ns period=10.000ns})
  Destination:            ps_dpu_i/top_wrapper_0/inst/u_dpu_top/u_pe_array/gen_row[0].gen_col[5].psum_reg[0][5][21]/D
                            (rising edge-triggered cell FDRE clocked by clk_fpga_0  {rise@0.000ns fall@5.000ns period=10.000ns})
  Path Group:             clk_fpga_0
  Path Type:              Setup (Max at Slow Process Corner)
  Requirement:            10.000ns  (clk_fpga_0 rise@10.000ns - clk_fpga_0 rise@0.000ns)
  Data Path Delay:        8.581ns  (logic 2.422ns (28.225%)  route 6.159ns (71.775%))
  Logic Levels:           15  (CARRY4=8 LUT3=2 LUT4=2 LUT5=1 LUT6=2)
  Clock Path Skew:        -0.017ns (DCD - SCD + CPR)
    Destination Clock Delay (DCD):    2.679ns = ( 12.679 - 10.000 ) 
    Source Clock Delay      (SCD):    2.847ns
    Clock Pessimism Removal (CPR):    0.151ns
  Clock Uncertainty:      0.154ns  ((TSJ^2 + TIJ^2)^1/2 + DJ) / 2 + PE
    Total System Jitter     (TSJ):    0.071ns
    Total Input Jitter      (TIJ):    0.300ns
    Discrete Jitter          (DJ):    0.000ns
    Phase Error              (PE):    0.000ns

    Location             Delay type                Incr(ns)  Path(ns)    Netlist Resource(s)
  -------------------------------------------------------------------    -------------------
                         (clock clk_fpga_0 rise edge)
                                                      0.000     0.000 r  
    PS7_X0Y0             PS7                          0.000     0.000 r  ps_dpu_i/processing_system7_0/inst/PS7_i/FCLKCLK[0]
                         net (fo=1, routed)           1.339     1.339    ps_dpu_i/processing_system7_0/inst/FCLK_CLK_unbuffered[0]
    BUFGCTRL_X0Y16       BUFG (Prop_bufg_I_O)         0.093     1.432 r  ps_dpu_i/processing_system7_0/inst/buffer_fclk_clk_0.FCLK_CLK_0_BUFG/O
                         net (fo=5381, routed)        1.415     2.847    ps_dpu_i/top_wrapper_0/inst/u_dpu_top/u_act_buffer/clk
    RAMB36_X4Y46         RAMB36E1                                     r  ps_dpu_i/top_wrapper_0/inst/u_dpu_top/u_act_buffer/bram0_reg_2_4_0/CLKBWRCLK
  -------------------------------------------------------------------    -------------------
    RAMB36_X4Y46         RAMB36E1 (Prop_ramb36e1_CLKBWRCLK_DOBDO[3])
                                                      0.622     3.469 r  ps_dpu_i/top_wrapper_0/inst/u_dpu_top/u_act_buffer/bram0_reg_2_4_0/DOBDO[3]
                         net (fo=3, routed)           1.560     5.029    ps_dpu_i/top_wrapper_0/inst/u_dpu_top/u_act_buffer/bram0_high_r2[35]
    SLICE_X63Y258        LUT6 (Prop_lut6_I1_O)        0.043     5.072 r  ps_dpu_i/top_wrapper_0/inst/u_dpu_top/u_act_buffer/gen_row[0].gen_col[3].product__0_carry_i_28/O
                         net (fo=1, routed)           0.435     5.507    ps_dpu_i/top_wrapper_0/inst/u_dpu_top/u_act_buffer/gen_row[0].gen_col[3].product__0_carry_i_28_n_0
    SLICE_X63Y259        LUT3 (Prop_lut3_I0_O)        0.050     5.557 r  ps_dpu_i/top_wrapper_0/inst/u_dpu_top/u_act_buffer/gen_row[0].gen_col[3].product__0_carry_i_23/O
                         net (fo=4, routed)           0.464     6.021    ps_dpu_i/top_wrapper_0/inst/u_dpu_top/u_act_buffer/data8[43]
    SLICE_X64Y260        LUT5 (Prop_lut5_I2_O)        0.132     6.153 r  ps_dpu_i/top_wrapper_0/inst/u_dpu_top/u_act_buffer/gen_row[0].gen_col[5].product__0_carry_i_15/O
                         net (fo=49, routed)          1.483     7.637    ps_dpu_i/top_wrapper_0/inst/u_dpu_top/u_act_buffer/gen_row[0].gen_col[5].product__0_carry_i_15_n_0
    SLICE_X55Y303        LUT4 (Prop_lut4_I1_O)        0.043     7.680 r  ps_dpu_i/top_wrapper_0/inst/u_dpu_top/u_act_buffer/gen_row[0].gen_col[5].product__0_carry_i_10/O
                         net (fo=104, routed)         0.658     8.338    ps_dpu_i/top_wrapper_0/inst/u_dpu_top/u_wgt_buffer/act_vector[43]
    SLICE_X61Y296        LUT6 (Prop_lut6_I4_O)        0.043     8.381 r  ps_dpu_i/top_wrapper_0/inst/u_dpu_top/u_wgt_buffer/gen_row[0].gen_col[5].product__30_carry_i_1/O
                         net (fo=1, routed)           0.270     8.650    ps_dpu_i/top_wrapper_0/inst/u_dpu_top/u_pe_array/bram_reg_0_1_59[2]
    SLICE_X62Y294        CARRY4 (Prop_carry4_DI[3]_CO[3])
                                                      0.193     8.843 r  ps_dpu_i/top_wrapper_0/inst/u_dpu_top/u_pe_array/gen_row[0].gen_col[5].product__30_carry/CO[3]
                         net (fo=1, routed)           0.000     8.843    ps_dpu_i/top_wrapper_0/inst/u_dpu_top/u_pe_array/gen_row[0].gen_col[5].product__30_carry_n_0
    SLICE_X62Y295        CARRY4 (Prop_carry4_CI_O[0])
                                                      0.108     8.951 r  ps_dpu_i/top_wrapper_0/inst/u_dpu_top/u_pe_array/gen_row[0].gen_col[5].product__30_carry__0/O[0]
                         net (fo=2, routed)           0.528     9.479    ps_dpu_i/top_wrapper_0/inst/u_dpu_top/u_pe_array/gen_row[0].gen_col[5].product__30_carry__0_n_7
    SLICE_X65Y293        LUT3 (Prop_lut3_I1_O)        0.131     9.610 r  ps_dpu_i/top_wrapper_0/inst/u_dpu_top/u_pe_array/gen_row[0].gen_col[5].product__86_carry__0_i_3/O
                         net (fo=2, routed)           0.359     9.969    ps_dpu_i/top_wrapper_0/inst/u_dpu_top/u_pe_array/gen_row[0].gen_col[5].product__86_carry__0_i_3_n_0
    SLICE_X65Y293        LUT4 (Prop_lut4_I3_O)        0.136    10.105 r  ps_dpu_i/top_wrapper_0/inst/u_dpu_top/u_pe_array/gen_row[0].gen_col[5].product__86_carry__0_i_7/O
                         net (fo=1, routed)           0.000    10.105    ps_dpu_i/top_wrapper_0/inst/u_dpu_top/u_pe_array/gen_row[0].gen_col[5].product__86_carry__0_i_7_n_0
    SLICE_X65Y293        CARRY4 (Prop_carry4_S[1]_CO[3])
                                                      0.267    10.372 r  ps_dpu_i/top_wrapper_0/inst/u_dpu_top/u_pe_array/gen_row[0].gen_col[5].product__86_carry__0/CO[3]
                         net (fo=1, routed)           0.000    10.372    ps_dpu_i/top_wrapper_0/inst/u_dpu_top/u_pe_array/gen_row[0].gen_col[5].product__86_carry__0_n_0
    SLICE_X65Y294        CARRY4 (Prop_carry4_CI_CO[3])
                                                      0.053    10.425 r  ps_dpu_i/top_wrapper_0/inst/u_dpu_top/u_pe_array/gen_row[0].gen_col[5].product__86_carry__1/CO[3]
                         net (fo=1, routed)           0.000    10.425    ps_dpu_i/top_wrapper_0/inst/u_dpu_top/u_pe_array/gen_row[0].gen_col[5].product__86_carry__1_n_0
    SLICE_X65Y295        CARRY4 (Prop_carry4_CI_O[0])
                                                      0.111    10.536 r  ps_dpu_i/top_wrapper_0/inst/u_dpu_top/u_pe_array/gen_row[0].gen_col[5].product__86_carry__2/O[0]
                         net (fo=17, routed)          0.402    10.938    ps_dpu_i/top_wrapper_0/inst/u_dpu_top/u_pe_array/gen_row[0].gen_col[5].product[15]
    SLICE_X64Y295        CARRY4 (Prop_carry4_DI[3]_CO[3])
                                                      0.271    11.209 r  ps_dpu_i/top_wrapper_0/inst/u_dpu_top/u_pe_array/gen_row[0].gen_col[5].psum_reg[0][5][12]_i_1/CO[3]
                         net (fo=1, routed)           0.000    11.209    ps_dpu_i/top_wrapper_0/inst/u_dpu_top/u_pe_array/gen_row[0].gen_col[5].psum_reg[0][5][12]_i_1_n_0
    SLICE_X64Y296        CARRY4 (Prop_carry4_CI_CO[3])
                                                      0.053    11.262 r  ps_dpu_i/top_wrapper_0/inst/u_dpu_top/u_pe_array/gen_row[0].gen_col[5].psum_reg[0][5][16]_i_1/CO[3]
                         net (fo=1, routed)           0.000    11.262    ps_dpu_i/top_wrapper_0/inst/u_dpu_top/u_pe_array/gen_row[0].gen_col[5].psum_reg[0][5][16]_i_1_n_0
    SLICE_X64Y297        CARRY4 (Prop_carry4_CI_O[1])
                                                      0.166    11.428 r  ps_dpu_i/top_wrapper_0/inst/u_dpu_top/u_pe_array/gen_row[0].gen_col[5].psum_reg[0][5][20]_i_1/O[1]
                         net (fo=1, routed)           0.000    11.428    ps_dpu_i/top_wrapper_0/inst/u_dpu_top/u_pe_array/gen_row[0].gen_col[5].psum_reg[0][5][20]_i_1_n_6
    SLICE_X64Y297        FDRE                                         r  ps_dpu_i/top_wrapper_0/inst/u_dpu_top/u_pe_array/gen_row[0].gen_col[5].psum_reg[0][5][21]/D
  -------------------------------------------------------------------    -------------------

                         (clock clk_fpga_0 rise edge)
                                                     10.000    10.000 r  
    PS7_X0Y0             PS7                          0.000    10.000 r  ps_dpu_i/processing_system7_0/inst/PS7_i/FCLKCLK[0]
                         net (fo=1, routed)           1.241    11.241    ps_dpu_i/processing_system7_0/inst/FCLK_CLK_unbuffered[0]
    BUFGCTRL_X0Y16       BUFG (Prop_bufg_I_O)         0.083    11.324 r  ps_dpu_i/processing_system7_0/inst/buffer_fclk_clk_0.FCLK_CLK_0_BUFG/O
                         net (fo=5381, routed)        1.355    12.679    ps_dpu_i/top_wrapper_0/inst/u_dpu_top/u_pe_array/clk
    SLICE_X64Y297        FDRE                                         r  ps_dpu_i/top_wrapper_0/inst/u_dpu_top/u_pe_array/gen_row[0].gen_col[5].psum_reg[0][5][21]/C
                         clock pessimism              0.151    12.830    
                         clock uncertainty           -0.154    12.676    
    SLICE_X64Y297        FDRE (Setup_fdre_C_D)        0.049    12.725    ps_dpu_i/top_wrapper_0/inst/u_dpu_top/u_pe_array/gen_row[0].gen_col[5].psum_reg[0][5][21]
  -------------------------------------------------------------------
                         required time                         12.725    
                         arrival time                         -11.428    
  -------------------------------------------------------------------
                         slack                                  1.297    

Slack (MET) :             1.297ns  (required time - arrival time)
  Source:                 ps_dpu_i/top_wrapper_0/inst/u_dpu_top/u_act_buffer/bram0_reg_1_7_0/CLKBWRCLK
                            (rising edge-triggered cell RAMB36E1 clocked by clk_fpga_0  {rise@0.000ns fall@5.000ns period=10.000ns})
  Destination:            ps_dpu_i/top_wrapper_0/inst/u_dpu_top/u_pe_array/gen_row[6].gen_col[5].psum_reg[6][5][17]/D
                            (rising edge-triggered cell FDRE clocked by clk_fpga_0  {rise@0.000ns fall@5.000ns period=10.000ns})
  Path Group:             clk_fpga_0
  Path Type:              Setup (Max at Slow Process Corner)
  Requirement:            10.000ns  (clk_fpga_0 rise@10.000ns - clk_fpga_0 rise@0.000ns)
  Data Path Delay:        8.569ns  (logic 2.385ns (27.833%)  route 6.184ns (72.167%))
  Logic Levels:           13  (CARRY4=5 LUT2=1 LUT3=2 LUT4=2 LUT5=1 LUT6=2)
  Clock Path Skew:        -0.029ns (DCD - SCD + CPR)
    Destination Clock Delay (DCD):    2.811ns = ( 12.811 - 10.000 ) 
    Source Clock Delay      (SCD):    3.021ns
    Clock Pessimism Removal (CPR):    0.181ns
  Clock Uncertainty:      0.154ns  ((TSJ^2 + TIJ^2)^1/2 + DJ) / 2 + PE
    Total System Jitter     (TSJ):    0.071ns
    Total Input Jitter      (TIJ):    0.300ns
    Discrete Jitter          (DJ):    0.000ns
    Phase Error              (PE):    0.000ns

    Location             Delay type                Incr(ns)  Path(ns)    Netlist Resource(s)
  -------------------------------------------------------------------    -------------------
                         (clock clk_fpga_0 rise edge)
                                                      0.000     0.000 r  
    PS7_X0Y0             PS7                          0.000     0.000 r  ps_dpu_i/processing_system7_0/inst/PS7_i/FCLKCLK[0]
                         net (fo=1, routed)           1.339     1.339    ps_dpu_i/processing_system7_0/inst/FCLK_CLK_unbuffered[0]
    BUFGCTRL_X0Y16       BUFG (Prop_bufg_I_O)         0.093     1.432 r  ps_dpu_i/processing_system7_0/inst/buffer_fclk_clk_0.FCLK_CLK_0_BUFG/O
                         net (fo=5381, routed)        1.589     3.021    ps_dpu_i/top_wrapper_0/inst/u_dpu_top/u_act_buffer/clk
    RAMB36_X2Y53         RAMB36E1                                     r  ps_dpu_i/top_wrapper_0/inst/u_dpu_top/u_act_buffer/bram0_reg_1_7_0/CLKBWRCLK
  -------------------------------------------------------------------    -------------------
    RAMB36_X2Y53         RAMB36E1 (Prop_ramb36e1_CLKBWRCLK_DOBDO[3])
                                                      0.622     3.643 r  ps_dpu_i/top_wrapper_0/inst/u_dpu_top/u_act_buffer/bram0_reg_1_7_0/DOBDO[3]
                         net (fo=4, routed)           1.501     5.143    ps_dpu_i/top_wrapper_0/inst/u_dpu_top/u_act_buffer/bram0_low_r2[59]
    SLICE_X61Y259        LUT6 (Prop_lut6_I3_O)        0.043     5.186 r  ps_dpu_i/top_wrapper_0/inst/u_dpu_top/u_act_buffer/gen_row[0].gen_col[0].product__0_carry_i_42/O
                         net (fo=3, routed)           0.354     5.540    ps_dpu_i/top_wrapper_0/inst/u_dpu_top/u_act_buffer/gen_row[0].gen_col[0].product__0_carry_i_42_n_0
    SLICE_X63Y259        LUT3 (Prop_lut3_I2_O)        0.048     5.588 r  ps_dpu_i/top_wrapper_0/inst/u_dpu_top/u_act_buffer/gen_row[0].gen_col[3].product__0_carry_i_23/O
                         net (fo=4, routed)           0.464     6.053    ps_dpu_i/top_wrapper_0/inst/u_dpu_top/u_act_buffer/data8[43]
    SLICE_X64Y260        LUT5 (Prop_lut5_I2_O)        0.132     6.185 r  ps_dpu_i/top_wrapper_0/inst/u_dpu_top/u_act_buffer/gen_row[0].gen_col[5].product__0_carry_i_15/O
                         net (fo=49, routed)          1.483     7.668    ps_dpu_i/top_wrapper_0/inst/u_dpu_top/u_act_buffer/gen_row[0].gen_col[5].product__0_carry_i_15_n_0
    SLICE_X55Y303        LUT4 (Prop_lut4_I1_O)        0.043     7.711 r  ps_dpu_i/top_wrapper_0/inst/u_dpu_top/u_act_buffer/gen_row[0].gen_col[5].product__0_carry_i_10/O
                         net (fo=104, routed)         0.893     8.604    ps_dpu_i/top_wrapper_0/inst/u_dpu_top/u_wgt_buffer/act_vector[43]
    SLICE_X62Y293        LUT6 (Prop_lut6_I3_O)        0.043     8.647 r  ps_dpu_i/top_wrapper_0/inst/u_dpu_top/u_wgt_buffer/gen_row[6].gen_col[5].product__0_carry__0_i_3/O
                         net (fo=1, routed)           0.273     8.920    ps_dpu_i/top_wrapper_0/inst/u_dpu_top/u_pe_array/bram_reg_6_0_31[1]
    SLICE_X63Y294        CARRY4 (Prop_carry4_DI[1]_O[2])
                                                      0.262     9.182 r  ps_dpu_i/top_wrapper_0/inst/u_dpu_top/u_pe_array/gen_row[6].gen_col[5].product__0_carry__0/O[2]
                         net (fo=2, routed)           0.507     9.689    ps_dpu_i/top_wrapper_0/inst/u_dpu_top/u_pe_array/gen_row[6].gen_col[5].product__0_carry__0_n_5
    SLICE_X63Y298        LUT3 (Prop_lut3_I2_O)        0.132     9.821 r  ps_dpu_i/top_wrapper_0/inst/u_dpu_top/u_pe_array/gen_row[6].gen_col[5].product__86_carry__0_i_4/O
                         net (fo=2, routed)           0.347    10.168    ps_dpu_i/top_wrapper_0/inst/u_dpu_top/u_pe_array/gen_row[6].gen_col[5].product__86_carry__0_i_4_n_0
    SLICE_X63Y299        LUT4 (Prop_lut4_I3_O)        0.135    10.303 r  ps_dpu_i/top_wrapper_0/inst/u_dpu_top/u_pe_array/gen_row[6].gen_col[5].product__86_carry__0_i_8/O
                         net (fo=1, routed)           0.000    10.303    ps_dpu_i/top_wrapper_0/inst/u_dpu_top/u_pe_array/gen_row[6].gen_col[5].product__86_carry__0_i_8_n_0
    SLICE_X63Y299        CARRY4 (Prop_carry4_S[0]_CO[3])
                                                      0.259    10.562 r  ps_dpu_i/top_wrapper_0/inst/u_dpu_top/u_pe_array/gen_row[6].gen_col[5].product__86_carry__0/CO[3]
                         net (fo=1, routed)           0.001    10.562    ps_dpu_i/top_wrapper_0/inst/u_dpu_top/u_pe_array/gen_row[6].gen_col[5].product__86_carry__0_n_0
    SLICE_X63Y300        CARRY4 (Prop_carry4_CI_O[2])
                                                      0.111    10.673 r  ps_dpu_i/top_wrapper_0/inst/u_dpu_top/u_pe_array/gen_row[6].gen_col[5].product__86_carry__1/O[2]
                         net (fo=2, routed)           0.361    11.034    ps_dpu_i/top_wrapper_0/inst/u_dpu_top/u_pe_array/gen_row[6].gen_col[5].product[13]
    SLICE_X61Y301        LUT2 (Prop_lut2_I0_O)        0.122    11.156 r  ps_dpu_i/top_wrapper_0/inst/u_dpu_top/u_pe_array/gen_row[6].gen_col[5].psum[6][5][12]_i_4/O
                         net (fo=1, routed)           0.000    11.156    ps_dpu_i/top_wrapper_0/inst/u_dpu_top/u_pe_array/gen_row[6].gen_col[5].psum[6][5][12]_i_4_n_0
    SLICE_X61Y301        CARRY4 (Prop_carry4_S[1]_CO[3])
                                                      0.267    11.423 r  ps_dpu_i/top_wrapper_0/inst/u_dpu_top/u_pe_array/gen_row[6].gen_col[5].psum_reg[6][5][12]_i_1/CO[3]
                         net (fo=1, routed)           0.000    11.423    ps_dpu_i/top_wrapper_0/inst/u_dpu_top/u_pe_array/gen_row[6].gen_col[5].psum_reg[6][5][12]_i_1_n_0
    SLICE_X61Y302        CARRY4 (Prop_carry4_CI_O[1])
                                                      0.166    11.589 r  ps_dpu_i/top_wrapper_0/inst/u_dpu_top/u_pe_array/gen_row[6].gen_col[5].psum_reg[6][5][16]_i_1/O[1]
                         net (fo=1, routed)           0.000    11.589    ps_dpu_i/top_wrapper_0/inst/u_dpu_top/u_pe_array/gen_row[6].gen_col[5].psum_reg[6][5][16]_i_1_n_6
    SLICE_X61Y302        FDRE                                         r  ps_dpu_i/top_wrapper_0/inst/u_dpu_top/u_pe_array/gen_row[6].gen_col[5].psum_reg[6][5][17]/D
  -------------------------------------------------------------------    -------------------

                         (clock clk_fpga_0 rise edge)
                                                     10.000    10.000 r  
    PS7_X0Y0             PS7                          0.000    10.000 r  ps_dpu_i/processing_system7_0/inst/PS7_i/FCLKCLK[0]
                         net (fo=1, routed)           1.241    11.241    ps_dpu_i/processing_system7_0/inst/FCLK_CLK_unbuffered[0]
    BUFGCTRL_X0Y16       BUFG (Prop_bufg_I_O)         0.083    11.324 r  ps_dpu_i/processing_system7_0/inst/buffer_fclk_clk_0.FCLK_CLK_0_BUFG/O
                         net (fo=5381, routed)        1.487    12.811    ps_dpu_i/top_wrapper_0/inst/u_dpu_top/u_pe_array/clk
    SLICE_X61Y302        FDRE                                         r  ps_dpu_i/top_wrapper_0/inst/u_dpu_top/u_pe_array/gen_row[6].gen_col[5].psum_reg[6][5][17]/C
                         clock pessimism              0.181    12.992    
                         clock uncertainty           -0.154    12.838    
    SLICE_X61Y302        FDRE (Setup_fdre_C_D)        0.049    12.887    ps_dpu_i/top_wrapper_0/inst/u_dpu_top/u_pe_array/gen_row[6].gen_col[5].psum_reg[6][5][17]
  -------------------------------------------------------------------
                         required time                         12.887    
                         arrival time                         -11.589    
  -------------------------------------------------------------------
                         slack                                  1.297    

Slack (MET) :             1.313ns  (required time - arrival time)
  Source:                 ps_dpu_i/top_wrapper_0/inst/u_dpu_top/u_act_buffer/bram0_reg_2_4_0/CLKBWRCLK
                            (rising edge-triggered cell RAMB36E1 clocked by clk_fpga_0  {rise@0.000ns fall@5.000ns period=10.000ns})
  Destination:            ps_dpu_i/top_wrapper_0/inst/u_dpu_top/u_pe_array/gen_row[0].gen_col[4].psum_reg[0][4][19]/D
                            (rising edge-triggered cell FDRE clocked by clk_fpga_0  {rise@0.000ns fall@5.000ns period=10.000ns})
  Path Group:             clk_fpga_0
  Path Type:              Setup (Max at Slow Process Corner)
  Requirement:            10.000ns  (clk_fpga_0 rise@10.000ns - clk_fpga_0 rise@0.000ns)
  Data Path Delay:        8.560ns  (logic 2.312ns (27.011%)  route 6.248ns (72.989%))
  Logic Levels:           13  (CARRY4=6 LUT3=2 LUT4=2 LUT6=3)
  Clock Path Skew:        -0.023ns (DCD - SCD + CPR)
    Destination Clock Delay (DCD):    2.673ns = ( 12.673 - 10.000 ) 
    Source Clock Delay      (SCD):    2.847ns
    Clock Pessimism Removal (CPR):    0.151ns
  Clock Uncertainty:      0.154ns  ((TSJ^2 + TIJ^2)^1/2 + DJ) / 2 + PE
    Total System Jitter     (TSJ):    0.071ns
    Total Input Jitter      (TIJ):    0.300ns
    Discrete Jitter          (DJ):    0.000ns
    Phase Error              (PE):    0.000ns

    Location             Delay type                Incr(ns)  Path(ns)    Netlist Resource(s)
  -------------------------------------------------------------------    -------------------
                         (clock clk_fpga_0 rise edge)
                                                      0.000     0.000 r  
    PS7_X0Y0             PS7                          0.000     0.000 r  ps_dpu_i/processing_system7_0/inst/PS7_i/FCLKCLK[0]
                         net (fo=1, routed)           1.339     1.339    ps_dpu_i/processing_system7_0/inst/FCLK_CLK_unbuffered[0]
    BUFGCTRL_X0Y16       BUFG (Prop_bufg_I_O)         0.093     1.432 r  ps_dpu_i/processing_system7_0/inst/buffer_fclk_clk_0.FCLK_CLK_0_BUFG/O
                         net (fo=5381, routed)        1.415     2.847    ps_dpu_i/top_wrapper_0/inst/u_dpu_top/u_act_buffer/clk
    RAMB36_X4Y46         RAMB36E1                                     r  ps_dpu_i/top_wrapper_0/inst/u_dpu_top/u_act_buffer/bram0_reg_2_4_0/CLKBWRCLK
  -------------------------------------------------------------------    -------------------
    RAMB36_X4Y46         RAMB36E1 (Prop_ramb36e1_CLKBWRCLK_DOBDO[3])
                                                      0.622     3.469 r  ps_dpu_i/top_wrapper_0/inst/u_dpu_top/u_act_buffer/bram0_reg_2_4_0/DOBDO[3]
                         net (fo=3, routed)           1.656     5.125    ps_dpu_i/top_wrapper_0/inst/u_dpu_top/u_act_buffer/bram0_high_r2[35]
    SLICE_X62Y258        LUT6 (Prop_lut6_I0_O)        0.043     5.168 r  ps_dpu_i/top_wrapper_0/inst/u_dpu_top/u_act_buffer/gen_row[0].gen_col[2].product__0_carry_i_29/O
                         net (fo=1, routed)           0.543     5.711    ps_dpu_i/top_wrapper_0/inst/u_dpu_top/u_act_buffer/gen_row[0].gen_col[2].product__0_carry_i_29_n_0
    SLICE_X62Y259        LUT3 (Prop_lut3_I0_O)        0.047     5.758 r  ps_dpu_i/top_wrapper_0/inst/u_dpu_top/u_act_buffer/gen_row[0].gen_col[2].product__0_carry_i_23/O
                         net (fo=4, routed)           0.355     6.112    ps_dpu_i/top_wrapper_0/inst/u_dpu_top/u_act_buffer/data8[35]
    SLICE_X64Y260        LUT6 (Prop_lut6_I3_O)        0.134     6.246 r  ps_dpu_i/top_wrapper_0/inst/u_dpu_top/u_act_buffer/gen_row[0].gen_col[4].product__0_carry_i_15/O
                         net (fo=49, routed)          1.242     7.489    ps_dpu_i/top_wrapper_0/inst/u_dpu_top/u_act_buffer/gen_row[0].gen_col[4].product__0_carry_i_15_n_0
    SLICE_X66Y304        LUT4 (Prop_lut4_I1_O)        0.043     7.532 r  ps_dpu_i/top_wrapper_0/inst/u_dpu_top/u_act_buffer/gen_row[0].gen_col[4].product__0_carry_i_10/O
                         net (fo=104, routed)         0.619     8.151    ps_dpu_i/top_wrapper_0/inst/u_dpu_top/u_wgt_buffer/act_vector[35]
    SLICE_X79Y297        LUT6 (Prop_lut6_I3_O)        0.043     8.194 r  ps_dpu_i/top_wrapper_0/inst/u_dpu_top/u_wgt_buffer/gen_row[0].gen_col[4].product__0_carry__0_i_3/O
                         net (fo=1, routed)           0.330     8.523    ps_dpu_i/top_wrapper_0/inst/u_dpu_top/u_pe_array/bram_reg_0_0_23[1]
    SLICE_X78Y297        CARRY4 (Prop_carry4_DI[1]_O[2])
                                                      0.265     8.788 r  ps_dpu_i/top_wrapper_0/inst/u_dpu_top/u_pe_array/gen_row[0].gen_col[4].product__0_carry__0/O[2]
                         net (fo=2, routed)           0.582     9.370    ps_dpu_i/top_wrapper_0/inst/u_dpu_top/u_pe_array/gen_row[0].gen_col[4].product__0_carry__0_n_5
    SLICE_X77Y303        LUT3 (Prop_lut3_I2_O)        0.137     9.507 r  ps_dpu_i/top_wrapper_0/inst/u_dpu_top/u_pe_array/gen_row[0].gen_col[4].product__86_carry__0_i_4/O
                         net (fo=2, routed)           0.347     9.854    ps_dpu_i/top_wrapper_0/inst/u_dpu_top/u_pe_array/gen_row[0].gen_col[4].product__86_carry__0_i_4_n_0
    SLICE_X77Y304        LUT4 (Prop_lut4_I3_O)        0.135     9.989 r  ps_dpu_i/top_wrapper_0/inst/u_dpu_top/u_pe_array/gen_row[0].gen_col[4].product__86_carry__0_i_8/O
                         net (fo=1, routed)           0.000     9.989    ps_dpu_i/top_wrapper_0/inst/u_dpu_top/u_pe_array/gen_row[0].gen_col[4].product__86_carry__0_i_8_n_0
    SLICE_X77Y304        CARRY4 (Prop_carry4_S[0]_CO[3])
                                                      0.259    10.248 r  ps_dpu_i/top_wrapper_0/inst/u_dpu_top/u_pe_array/gen_row[0].gen_col[4].product__86_carry__0/CO[3]
                         net (fo=1, routed)           0.000    10.248    ps_dpu_i/top_wrapper_0/inst/u_dpu_top/u_pe_array/gen_row[0].gen_col[4].product__86_carry__0_n_0
    SLICE_X77Y305        CARRY4 (Prop_carry4_CI_CO[3])
                                                      0.053    10.301 r  ps_dpu_i/top_wrapper_0/inst/u_dpu_top/u_pe_array/gen_row[0].gen_col[4].product__86_carry__1/CO[3]
                         net (fo=1, routed)           0.000    10.301    ps_dpu_i/top_wrapper_0/inst/u_dpu_top/u_pe_array/gen_row[0].gen_col[4].product__86_carry__1_n_0
    SLICE_X77Y306        CARRY4 (Prop_carry4_CI_O[0])
                                                      0.111    10.412 r  ps_dpu_i/top_wrapper_0/inst/u_dpu_top/u_pe_array/gen_row[0].gen_col[4].product__86_carry__2/O[0]
                         net (fo=17, routed)          0.574    10.986    ps_dpu_i/top_wrapper_0/inst/u_dpu_top/u_pe_array/gen_row[0].gen_col[4].product[15]
    SLICE_X77Y298        CARRY4 (Prop_carry4_DI[3]_CO[3])
                                                      0.271    11.257 r  ps_dpu_i/top_wrapper_0/inst/u_dpu_top/u_pe_array/gen_row[0].gen_col[4].psum_reg[0][4][12]_i_1/CO[3]
                         net (fo=1, routed)           0.000    11.257    ps_dpu_i/top_wrapper_0/inst/u_dpu_top/u_pe_array/gen_row[0].gen_col[4].psum_reg[0][4][12]_i_1_n_0
    SLICE_X77Y299        CARRY4 (Prop_carry4_CI_O[3])
                                                      0.149    11.406 r  ps_dpu_i/top_wrapper_0/inst/u_dpu_top/u_pe_array/gen_row[0].gen_col[4].psum_reg[0][4][16]_i_1/O[3]
                         net (fo=1, routed)           0.000    11.406    ps_dpu_i/top_wrapper_0/inst/u_dpu_top/u_pe_array/gen_row[0].gen_col[4].psum_reg[0][4][16]_i_1_n_4
    SLICE_X77Y299        FDRE                                         r  ps_dpu_i/top_wrapper_0/inst/u_dpu_top/u_pe_array/gen_row[0].gen_col[4].psum_reg[0][4][19]/D
  -------------------------------------------------------------------    -------------------

                         (clock clk_fpga_0 rise edge)
                                                     10.000    10.000 r  
    PS7_X0Y0             PS7                          0.000    10.000 r  ps_dpu_i/processing_system7_0/inst/PS7_i/FCLKCLK[0]
                         net (fo=1, routed)           1.241    11.241    ps_dpu_i/processing_system7_0/inst/FCLK_CLK_unbuffered[0]
    BUFGCTRL_X0Y16       BUFG (Prop_bufg_I_O)         0.083    11.324 r  ps_dpu_i/processing_system7_0/inst/buffer_fclk_clk_0.FCLK_CLK_0_BUFG/O
                         net (fo=5381, routed)        1.349    12.673    ps_dpu_i/top_wrapper_0/inst/u_dpu_top/u_pe_array/clk
    SLICE_X77Y299        FDRE                                         r  ps_dpu_i/top_wrapper_0/inst/u_dpu_top/u_pe_array/gen_row[0].gen_col[4].psum_reg[0][4][19]/C
                         clock pessimism              0.151    12.824    
                         clock uncertainty           -0.154    12.670    
    SLICE_X77Y299        FDRE (Setup_fdre_C_D)        0.049    12.719    ps_dpu_i/top_wrapper_0/inst/u_dpu_top/u_pe_array/gen_row[0].gen_col[4].psum_reg[0][4][19]
  -------------------------------------------------------------------
                         required time                         12.719    
                         arrival time                         -11.406    
  -------------------------------------------------------------------
                         slack                                  1.313    

Slack (MET) :             1.314ns  (required time - arrival time)
  Source:                 ps_dpu_i/top_wrapper_0/inst/u_dpu_top/u_act_buffer/bram0_reg_1_3_1/CLKBWRCLK
                            (rising edge-triggered cell RAMB36E1 clocked by clk_fpga_0  {rise@0.000ns fall@5.000ns period=10.000ns})
  Destination:            ps_dpu_i/top_wrapper_0/inst/u_dpu_top/u_pe_array/gen_row[4].gen_col[5].psum_reg[4][5][21]/D
                            (rising edge-triggered cell FDRE clocked by clk_fpga_0  {rise@0.000ns fall@5.000ns period=10.000ns})
  Path Group:             clk_fpga_0
  Path Type:              Setup (Max at Slow Process Corner)
  Requirement:            10.000ns  (clk_fpga_0 rise@10.000ns - clk_fpga_0 rise@0.000ns)
  Data Path Delay:        8.582ns  (logic 2.245ns (26.158%)  route 6.337ns (73.842%))
  Logic Levels:           15  (CARRY4=7 LUT3=1 LUT4=2 LUT5=1 LUT6=4)
  Clock Path Skew:        -0.026ns (DCD - SCD + CPR)
    Destination Clock Delay (DCD):    2.682ns = ( 12.682 - 10.000 ) 
    Source Clock Delay      (SCD):    2.859ns
    Clock Pessimism Removal (CPR):    0.151ns
  Clock Uncertainty:      0.154ns  ((TSJ^2 + TIJ^2)^1/2 + DJ) / 2 + PE
    Total System Jitter     (TSJ):    0.071ns
    Total Input Jitter      (TIJ):    0.300ns
    Discrete Jitter          (DJ):    0.000ns
    Phase Error              (PE):    0.000ns

    Location             Delay type                Incr(ns)  Path(ns)    Netlist Resource(s)
  -------------------------------------------------------------------    -------------------
                         (clock clk_fpga_0 rise edge)
                                                      0.000     0.000 r  
    PS7_X0Y0             PS7                          0.000     0.000 r  ps_dpu_i/processing_system7_0/inst/PS7_i/FCLKCLK[0]
                         net (fo=1, routed)           1.339     1.339    ps_dpu_i/processing_system7_0/inst/FCLK_CLK_unbuffered[0]
    BUFGCTRL_X0Y16       BUFG (Prop_bufg_I_O)         0.093     1.432 r  ps_dpu_i/processing_system7_0/inst/buffer_fclk_clk_0.FCLK_CLK_0_BUFG/O
                         net (fo=5381, routed)        1.427     2.859    ps_dpu_i/top_wrapper_0/inst/u_dpu_top/u_act_buffer/clk
    RAMB36_X2Y46         RAMB36E1                                     r  ps_dpu_i/top_wrapper_0/inst/u_dpu_top/u_act_buffer/bram0_reg_1_3_1/CLKBWRCLK
  -------------------------------------------------------------------    -------------------
    RAMB36_X2Y46         RAMB36E1 (Prop_ramb36e1_CLKBWRCLK_DOBDO[1])
                                                      0.622     3.481 r  ps_dpu_i/top_wrapper_0/inst/u_dpu_top/u_act_buffer/bram0_reg_1_3_1/DOBDO[1]
                         net (fo=4, routed)           1.763     5.244    ps_dpu_i/top_wrapper_0/inst/u_dpu_top/u_act_buffer/bram0_low_r2[29]
    SLICE_X56Y260        LUT6 (Prop_lut6_I1_O)        0.043     5.287 r  ps_dpu_i/top_wrapper_0/inst/u_dpu_top/u_act_buffer/gen_row[0].gen_col[0].product__0_carry__0_i_64/O
                         net (fo=3, routed)           0.606     5.893    ps_dpu_i/top_wrapper_0/inst/u_dpu_top/u_act_buffer/gen_row[0].gen_col[0].product__0_carry__0_i_64_n_0
    SLICE_X73Y261        LUT6 (Prop_lut6_I5_O)        0.043     5.936 r  ps_dpu_i/top_wrapper_0/inst/u_dpu_top/u_act_buffer/gen_row[0].gen_col[1].product__0_carry__0_i_37/O
                         net (fo=2, routed)           0.448     6.383    ps_dpu_i/top_wrapper_0/inst/u_dpu_top/u_act_buffer/gen_row[0].gen_col[1].product__0_carry__0_i_37_n_0
    SLICE_X72Y263        LUT5 (Prop_lut5_I4_O)        0.043     6.426 r  ps_dpu_i/top_wrapper_0/inst/u_dpu_top/u_act_buffer/gen_row[0].gen_col[1].product__0_carry__0_i_27/O
                         net (fo=98, routed)          1.279     7.705    ps_dpu_i/top_wrapper_0/inst/u_dpu_top/u_act_buffer/gen_row[0].gen_col[1].product__0_carry__0_i_27_n_0
    SLICE_X59Y297        LUT4 (Prop_lut4_I3_O)        0.043     7.748 r  ps_dpu_i/top_wrapper_0/inst/u_dpu_top/u_act_buffer/gen_row[0].gen_col[5].product__0_carry__0_i_10/O
                         net (fo=104, routed)         0.625     8.373    ps_dpu_i/top_wrapper_0/inst/u_dpu_top/u_wgt_buffer/act_vector[45]
    SLICE_X55Y293        LUT6 (Prop_lut6_I3_O)        0.043     8.416 r  ps_dpu_i/top_wrapper_0/inst/u_dpu_top/u_wgt_buffer/gen_row[4].gen_col[5].product__0_carry__0_i_1/O
                         net (fo=2, routed)           0.491     8.908    ps_dpu_i/top_wrapper_0/inst/u_dpu_top/u_wgt_buffer/gen_row[4].gen_col[5].psum_reg[4][5][11]_1[3]
    SLICE_X56Y293        LUT6 (Prop_lut6_I0_O)        0.043     8.951 r  ps_dpu_i/top_wrapper_0/inst/u_dpu_top/u_wgt_buffer/gen_row[4].gen_col[5].product__0_carry__0_i_5/O
                         net (fo=1, routed)           0.000     8.951    ps_dpu_i/top_wrapper_0/inst/u_dpu_top/u_pe_array/bram_reg_4_0_32[3]
    SLICE_X56Y293        CARRY4 (Prop_carry4_S[3]_CO[3])
                                                      0.193     9.144 r  ps_dpu_i/top_wrapper_0/inst/u_dpu_top/u_pe_array/gen_row[4].gen_col[5].product__0_carry__0/CO[3]
                         net (fo=1, routed)           0.000     9.144    ps_dpu_i/top_wrapper_0/inst/u_dpu_top/u_pe_array/gen_row[4].gen_col[5].product__0_carry__0_n_0
    SLICE_X56Y294        CARRY4 (Prop_carry4_CI_O[1])
                                                      0.166     9.310 r  ps_dpu_i/top_wrapper_0/inst/u_dpu_top/u_pe_array/gen_row[4].gen_col[5].product__0_carry__1/O[1]
                         net (fo=2, routed)           0.322     9.632    ps_dpu_i/top_wrapper_0/inst/u_dpu_top/u_pe_array/gen_row[4].gen_col[5].product__0_carry__1_n_6
    SLICE_X55Y294        LUT3 (Prop_lut3_I2_O)        0.123     9.755 r  ps_dpu_i/top_wrapper_0/inst/u_dpu_top/u_pe_array/gen_row[4].gen_col[5].product__86_carry__0_i_1/O
                         net (fo=2, routed)           0.409    10.164    ps_dpu_i/top_wrapper_0/inst/u_dpu_top/u_pe_array/gen_row[4].gen_col[5].product__86_carry__0_i_1_n_0
    SLICE_X57Y294        LUT4 (Prop_lut4_I0_O)        0.043    10.207 r  ps_dpu_i/top_wrapper_0/inst/u_dpu_top/u_pe_array/gen_row[4].gen_col[5].product__86_carry__0_i_5/O
                         net (fo=1, routed)           0.000    10.207    ps_dpu_i/top_wrapper_0/inst/u_dpu_top/u_pe_array/gen_row[4].gen_col[5].product__86_carry__0_i_5_n_0
    SLICE_X57Y294        CARRY4 (Prop_carry4_S[3]_CO[3])
                                                      0.193    10.400 r  ps_dpu_i/top_wrapper_0/inst/u_dpu_top/u_pe_array/gen_row[4].gen_col[5].product__86_carry__0/CO[3]
                         net (fo=1, routed)           0.000    10.400    ps_dpu_i/top_wrapper_0/inst/u_dpu_top/u_pe_array/gen_row[4].gen_col[5].product__86_carry__0_n_0
    SLICE_X57Y295        CARRY4 (Prop_carry4_CI_O[3])
                                                      0.149    10.549 r  ps_dpu_i/top_wrapper_0/inst/u_dpu_top/u_pe_array/gen_row[4].gen_col[5].product__86_carry__1/O[3]
                         net (fo=2, routed)           0.394    10.943    ps_dpu_i/top_wrapper_0/inst/u_dpu_top/u_pe_array/gen_row[4].gen_col[5].product[14]
    SLICE_X58Y296        CARRY4 (Prop_carry4_DI[2]_CO[3])
                                                      0.279    11.222 r  ps_dpu_i/top_wrapper_0/inst/u_dpu_top/u_pe_array/gen_row[4].gen_col[5].psum_reg[4][5][12]_i_1/CO[3]
                         net (fo=1, routed)           0.000    11.222    ps_dpu_i/top_wrapper_0/inst/u_dpu_top/u_pe_array/gen_row[4].gen_col[5].psum_reg[4][5][12]_i_1_n_0
    SLICE_X58Y297        CARRY4 (Prop_carry4_CI_CO[3])
                                                      0.054    11.276 r  ps_dpu_i/top_wrapper_0/inst/u_dpu_top/u_pe_array/gen_row[4].gen_col[5].psum_reg[4][5][16]_i_1/CO[3]
                         net (fo=1, routed)           0.000    11.276    ps_dpu_i/top_wrapper_0/inst/u_dpu_top/u_pe_array/gen_row[4].gen_col[5].psum_reg[4][5][16]_i_1_n_0
    SLICE_X58Y298        CARRY4 (Prop_carry4_CI_O[1])
                                                      0.165    11.441 r  ps_dpu_i/top_wrapper_0/inst/u_dpu_top/u_pe_array/gen_row[4].gen_col[5].psum_reg[4][5][20]_i_1/O[1]
                         net (fo=1, routed)           0.000    11.441    ps_dpu_i/top_wrapper_0/inst/u_dpu_top/u_pe_array/gen_row[4].gen_col[5].psum_reg[4][5][20]_i_1_n_6
    SLICE_X58Y298        FDRE                                         r  ps_dpu_i/top_wrapper_0/inst/u_dpu_top/u_pe_array/gen_row[4].gen_col[5].psum_reg[4][5][21]/D
  -------------------------------------------------------------------    -------------------

                         (clock clk_fpga_0 rise edge)
                                                     10.000    10.000 r  
    PS7_X0Y0             PS7                          0.000    10.000 r  ps_dpu_i/processing_system7_0/inst/PS7_i/FCLKCLK[0]
                         net (fo=1, routed)           1.241    11.241    ps_dpu_i/processing_system7_0/inst/FCLK_CLK_unbuffered[0]
    BUFGCTRL_X0Y16       BUFG (Prop_bufg_I_O)         0.083    11.324 r  ps_dpu_i/processing_system7_0/inst/buffer_fclk_clk_0.FCLK_CLK_0_BUFG/O
                         net (fo=5381, routed)        1.358    12.682    ps_dpu_i/top_wrapper_0/inst/u_dpu_top/u_pe_array/clk
    SLICE_X58Y298        FDRE                                         r  ps_dpu_i/top_wrapper_0/inst/u_dpu_top/u_pe_array/gen_row[4].gen_col[5].psum_reg[4][5][21]/C
                         clock pessimism              0.151    12.833    
                         clock uncertainty           -0.154    12.679    
    SLICE_X58Y298        FDRE (Setup_fdre_C_D)        0.076    12.755    ps_dpu_i/top_wrapper_0/inst/u_dpu_top/u_pe_array/gen_row[4].gen_col[5].psum_reg[4][5][21]
  -------------------------------------------------------------------
                         required time                         12.755    
                         arrival time                         -11.441    
  -------------------------------------------------------------------
                         slack                                  1.314    

Slack (MET) :             1.314ns  (required time - arrival time)
  Source:                 ps_dpu_i/top_wrapper_0/inst/u_dpu_top/u_act_buffer/bram0_reg_2_4_0/CLKBWRCLK
                            (rising edge-triggered cell RAMB36E1 clocked by clk_fpga_0  {rise@0.000ns fall@5.000ns period=10.000ns})
  Destination:            ps_dpu_i/top_wrapper_0/inst/u_dpu_top/u_pe_array/gen_row[0].gen_col[5].psum_reg[0][5][23]/D
                            (rising edge-triggered cell FDRE clocked by clk_fpga_0  {rise@0.000ns fall@5.000ns period=10.000ns})
  Path Group:             clk_fpga_0
  Path Type:              Setup (Max at Slow Process Corner)
  Requirement:            10.000ns  (clk_fpga_0 rise@10.000ns - clk_fpga_0 rise@0.000ns)
  Data Path Delay:        8.564ns  (logic 2.405ns (28.082%)  route 6.159ns (71.918%))
  Logic Levels:           15  (CARRY4=8 LUT3=2 LUT4=2 LUT5=1 LUT6=2)
  Clock Path Skew:        -0.017ns (DCD - SCD + CPR)
    Destination Clock Delay (DCD):    2.679ns = ( 12.679 - 10.000 ) 
    Source Clock Delay      (SCD):    2.847ns
    Clock Pessimism Removal (CPR):    0.151ns
  Clock Uncertainty:      0.154ns  ((TSJ^2 + TIJ^2)^1/2 + DJ) / 2 + PE
    Total System Jitter     (TSJ):    0.071ns
    Total Input Jitter      (TIJ):    0.300ns
    Discrete Jitter          (DJ):    0.000ns
    Phase Error              (PE):    0.000ns

    Location             Delay type                Incr(ns)  Path(ns)    Netlist Resource(s)
  -------------------------------------------------------------------    -------------------
                         (clock clk_fpga_0 rise edge)
                                                      0.000     0.000 r  
    PS7_X0Y0             PS7                          0.000     0.000 r  ps_dpu_i/processing_system7_0/inst/PS7_i/FCLKCLK[0]
                         net (fo=1, routed)           1.339     1.339    ps_dpu_i/processing_system7_0/inst/FCLK_CLK_unbuffered[0]
    BUFGCTRL_X0Y16       BUFG (Prop_bufg_I_O)         0.093     1.432 r  ps_dpu_i/processing_system7_0/inst/buffer_fclk_clk_0.FCLK_CLK_0_BUFG/O
                         net (fo=5381, routed)        1.415     2.847    ps_dpu_i/top_wrapper_0/inst/u_dpu_top/u_act_buffer/clk
    RAMB36_X4Y46         RAMB36E1                                     r  ps_dpu_i/top_wrapper_0/inst/u_dpu_top/u_act_buffer/bram0_reg_2_4_0/CLKBWRCLK
  -------------------------------------------------------------------    -------------------
    RAMB36_X4Y46         RAMB36E1 (Prop_ramb36e1_CLKBWRCLK_DOBDO[3])
                                                      0.622     3.469 r  ps_dpu_i/top_wrapper_0/inst/u_dpu_top/u_act_buffer/bram0_reg_2_4_0/DOBDO[3]
                         net (fo=3, routed)           1.560     5.029    ps_dpu_i/top_wrapper_0/inst/u_dpu_top/u_act_buffer/bram0_high_r2[35]
    SLICE_X63Y258        LUT6 (Prop_lut6_I1_O)        0.043     5.072 r  ps_dpu_i/top_wrapper_0/inst/u_dpu_top/u_act_buffer/gen_row[0].gen_col[3].product__0_carry_i_28/O
                         net (fo=1, routed)           0.435     5.507    ps_dpu_i/top_wrapper_0/inst/u_dpu_top/u_act_buffer/gen_row[0].gen_col[3].product__0_carry_i_28_n_0
    SLICE_X63Y259        LUT3 (Prop_lut3_I0_O)        0.050     5.557 r  ps_dpu_i/top_wrapper_0/inst/u_dpu_top/u_act_buffer/gen_row[0].gen_col[3].product__0_carry_i_23/O
                         net (fo=4, routed)           0.464     6.021    ps_dpu_i/top_wrapper_0/inst/u_dpu_top/u_act_buffer/data8[43]
    SLICE_X64Y260        LUT5 (Prop_lut5_I2_O)        0.132     6.153 r  ps_dpu_i/top_wrapper_0/inst/u_dpu_top/u_act_buffer/gen_row[0].gen_col[5].product__0_carry_i_15/O
                         net (fo=49, routed)          1.483     7.637    ps_dpu_i/top_wrapper_0/inst/u_dpu_top/u_act_buffer/gen_row[0].gen_col[5].product__0_carry_i_15_n_0
    SLICE_X55Y303        LUT4 (Prop_lut4_I1_O)        0.043     7.680 r  ps_dpu_i/top_wrapper_0/inst/u_dpu_top/u_act_buffer/gen_row[0].gen_col[5].product__0_carry_i_10/O
                         net (fo=104, routed)         0.658     8.338    ps_dpu_i/top_wrapper_0/inst/u_dpu_top/u_wgt_buffer/act_vector[43]
    SLICE_X61Y296        LUT6 (Prop_lut6_I4_O)        0.043     8.381 r  ps_dpu_i/top_wrapper_0/inst/u_dpu_top/u_wgt_buffer/gen_row[0].gen_col[5].product__30_carry_i_1/O
                         net (fo=1, routed)           0.270     8.650    ps_dpu_i/top_wrapper_0/inst/u_dpu_top/u_pe_array/bram_reg_0_1_59[2]
    SLICE_X62Y294        CARRY4 (Prop_carry4_DI[3]_CO[3])
                                                      0.193     8.843 r  ps_dpu_i/top_wrapper_0/inst/u_dpu_top/u_pe_array/gen_row[0].gen_col[5].product__30_carry/CO[3]
                         net (fo=1, routed)           0.000     8.843    ps_dpu_i/top_wrapper_0/inst/u_dpu_top/u_pe_array/gen_row[0].gen_col[5].product__30_carry_n_0
    SLICE_X62Y295        CARRY4 (Prop_carry4_CI_O[0])
                                                      0.108     8.951 r  ps_dpu_i/top_wrapper_0/inst/u_dpu_top/u_pe_array/gen_row[0].gen_col[5].product__30_carry__0/O[0]
                         net (fo=2, routed)           0.528     9.479    ps_dpu_i/top_wrapper_0/inst/u_dpu_top/u_pe_array/gen_row[0].gen_col[5].product__30_carry__0_n_7
    SLICE_X65Y293        LUT3 (Prop_lut3_I1_O)        0.131     9.610 r  ps_dpu_i/top_wrapper_0/inst/u_dpu_top/u_pe_array/gen_row[0].gen_col[5].product__86_carry__0_i_3/O
                         net (fo=2, routed)           0.359     9.969    ps_dpu_i/top_wrapper_0/inst/u_dpu_top/u_pe_array/gen_row[0].gen_col[5].product__86_carry__0_i_3_n_0
    SLICE_X65Y293        LUT4 (Prop_lut4_I3_O)        0.136    10.105 r  ps_dpu_i/top_wrapper_0/inst/u_dpu_top/u_pe_array/gen_row[0].gen_col[5].product__86_carry__0_i_7/O
                         net (fo=1, routed)           0.000    10.105    ps_dpu_i/top_wrapper_0/inst/u_dpu_top/u_pe_array/gen_row[0].gen_col[5].product__86_carry__0_i_7_n_0
    SLICE_X65Y293        CARRY4 (Prop_carry4_S[1]_CO[3])
                                                      0.267    10.372 r  ps_dpu_i/top_wrapper_0/inst/u_dpu_top/u_pe_array/gen_row[0].gen_col[5].product__86_carry__0/CO[3]
                         net (fo=1, routed)           0.000    10.372    ps_dpu_i/top_wrapper_0/inst/u_dpu_top/u_pe_array/gen_row[0].gen_col[5].product__86_carry__0_n_0
    SLICE_X65Y294        CARRY4 (Prop_carry4_CI_CO[3])
                                                      0.053    10.425 r  ps_dpu_i/top_wrapper_0/inst/u_dpu_top/u_pe_array/gen_row[0].gen_col[5].product__86_carry__1/CO[3]
                         net (fo=1, routed)           0.000    10.425    ps_dpu_i/top_wrapper_0/inst/u_dpu_top/u_pe_array/gen_row[0].gen_col[5].product__86_carry__1_n_0
    SLICE_X65Y295        CARRY4 (Prop_carry4_CI_O[0])
                                                      0.111    10.536 r  ps_dpu_i/top_wrapper_0/inst/u_dpu_top/u_pe_array/gen_row[0].gen_col[5].product__86_carry__2/O[0]
                         net (fo=17, routed)          0.402    10.938    ps_dpu_i/top_wrapper_0/inst/u_dpu_top/u_pe_array/gen_row[0].gen_col[5].product[15]
    SLICE_X64Y295        CARRY4 (Prop_carry4_DI[3]_CO[3])
                                                      0.271    11.209 r  ps_dpu_i/top_wrapper_0/inst/u_dpu_top/u_pe_array/gen_row[0].gen_col[5].psum_reg[0][5][12]_i_1/CO[3]
                         net (fo=1, routed)           0.000    11.209    ps_dpu_i/top_wrapper_0/inst/u_dpu_top/u_pe_array/gen_row[0].gen_col[5].psum_reg[0][5][12]_i_1_n_0
    SLICE_X64Y296        CARRY4 (Prop_carry4_CI_CO[3])
                                                      0.053    11.262 r  ps_dpu_i/top_wrapper_0/inst/u_dpu_top/u_pe_array/gen_row[0].gen_col[5].psum_reg[0][5][16]_i_1/CO[3]
                         net (fo=1, routed)           0.000    11.262    ps_dpu_i/top_wrapper_0/inst/u_dpu_top/u_pe_array/gen_row[0].gen_col[5].psum_reg[0][5][16]_i_1_n_0
    SLICE_X64Y297        CARRY4 (Prop_carry4_CI_O[3])
                                                      0.149    11.411 r  ps_dpu_i/top_wrapper_0/inst/u_dpu_top/u_pe_array/gen_row[0].gen_col[5].psum_reg[0][5][20]_i_1/O[3]
                         net (fo=1, routed)           0.000    11.411    ps_dpu_i/top_wrapper_0/inst/u_dpu_top/u_pe_array/gen_row[0].gen_col[5].psum_reg[0][5][20]_i_1_n_4
    SLICE_X64Y297        FDRE                                         r  ps_dpu_i/top_wrapper_0/inst/u_dpu_top/u_pe_array/gen_row[0].gen_col[5].psum_reg[0][5][23]/D
  -------------------------------------------------------------------    -------------------

                         (clock clk_fpga_0 rise edge)
                                                     10.000    10.000 r  
    PS7_X0Y0             PS7                          0.000    10.000 r  ps_dpu_i/processing_system7_0/inst/PS7_i/FCLKCLK[0]
                         net (fo=1, routed)           1.241    11.241    ps_dpu_i/processing_system7_0/inst/FCLK_CLK_unbuffered[0]
    BUFGCTRL_X0Y16       BUFG (Prop_bufg_I_O)         0.083    11.324 r  ps_dpu_i/processing_system7_0/inst/buffer_fclk_clk_0.FCLK_CLK_0_BUFG/O
                         net (fo=5381, routed)        1.355    12.679    ps_dpu_i/top_wrapper_0/inst/u_dpu_top/u_pe_array/clk
    SLICE_X64Y297        FDRE                                         r  ps_dpu_i/top_wrapper_0/inst/u_dpu_top/u_pe_array/gen_row[0].gen_col[5].psum_reg[0][5][23]/C
                         clock pessimism              0.151    12.830    
                         clock uncertainty           -0.154    12.676    
    SLICE_X64Y297        FDRE (Setup_fdre_C_D)        0.049    12.725    ps_dpu_i/top_wrapper_0/inst/u_dpu_top/u_pe_array/gen_row[0].gen_col[5].psum_reg[0][5][23]
  -------------------------------------------------------------------
                         required time                         12.725    
                         arrival time                         -11.411    
  -------------------------------------------------------------------
                         slack                                  1.314    





Min Delay Paths
--------------------------------------------------------------------------------------
Slack (MET) :             0.053ns  (arrival time - required time)
  Source:                 ps_dpu_i/ps7_0_axi_periph/m00_couplers/auto_pc/inst/gen_axilite.gen_b2s_conv.axilite_b2s/WR.aw_channel_0/s_awlen_r_reg[7]/C
                            (rising edge-triggered cell FDRE clocked by clk_fpga_0  {rise@0.000ns fall@5.000ns period=10.000ns})
  Destination:            ps_dpu_i/ps7_0_axi_periph/m00_couplers/auto_pc/inst/gen_axilite.gen_b2s_conv.axilite_b2s/WR.b_channel_0/bid_fifo_0/memory_reg[3][7]_srl4/D
                            (rising edge-triggered cell SRL16E clocked by clk_fpga_0  {rise@0.000ns fall@5.000ns period=10.000ns})
  Path Group:             clk_fpga_0
  Path Type:              Hold (Min at Fast Process Corner)
  Requirement:            0.000ns  (clk_fpga_0 rise@0.000ns - clk_fpga_0 rise@0.000ns)
  Data Path Delay:        0.186ns  (logic 0.091ns (48.987%)  route 0.095ns (51.013%))
  Logic Levels:           0  
  Clock Path Skew:        0.015ns (DCD - SCD - CPR)
    Destination Clock Delay (DCD):    1.852ns
    Source Clock Delay      (SCD):    1.536ns
    Clock Pessimism Removal (CPR):    0.301ns

    Location             Delay type                Incr(ns)  Path(ns)    Netlist Resource(s)
  -------------------------------------------------------------------    -------------------
                         (clock clk_fpga_0 rise edge)
                                                      0.000     0.000 r  
    PS7_X0Y0             PS7                          0.000     0.000 r  ps_dpu_i/processing_system7_0/inst/PS7_i/FCLKCLK[0]
                         net (fo=1, routed)           0.725     0.725    ps_dpu_i/processing_system7_0/inst/FCLK_CLK_unbuffered[0]
    BUFGCTRL_X0Y16       BUFG (Prop_bufg_I_O)         0.026     0.751 r  ps_dpu_i/processing_system7_0/inst/buffer_fclk_clk_0.FCLK_CLK_0_BUFG/O
                         net (fo=5381, routed)        0.785     1.536    ps_dpu_i/ps7_0_axi_periph/m00_couplers/auto_pc/inst/gen_axilite.gen_b2s_conv.axilite_b2s/WR.aw_channel_0/aclk
    SLICE_X45Y312        FDRE                                         r  ps_dpu_i/ps7_0_axi_periph/m00_couplers/auto_pc/inst/gen_axilite.gen_b2s_conv.axilite_b2s/WR.aw_channel_0/s_awlen_r_reg[7]/C
  -------------------------------------------------------------------    -------------------
    SLICE_X45Y312        FDRE (Prop_fdre_C_Q)         0.091     1.627 r  ps_dpu_i/ps7_0_axi_periph/m00_couplers/auto_pc/inst/gen_axilite.gen_b2s_conv.axilite_b2s/WR.aw_channel_0/s_awlen_r_reg[7]/Q
                         net (fo=1, routed)           0.095     1.722    ps_dpu_i/ps7_0_axi_periph/m00_couplers/auto_pc/inst/gen_axilite.gen_b2s_conv.axilite_b2s/WR.b_channel_0/bid_fifo_0/in[7]
    SLICE_X46Y311        SRL16E                                       r  ps_dpu_i/ps7_0_axi_periph/m00_couplers/auto_pc/inst/gen_axilite.gen_b2s_conv.axilite_b2s/WR.b_channel_0/bid_fifo_0/memory_reg[3][7]_srl4/D
  -------------------------------------------------------------------    -------------------

                         (clock clk_fpga_0 rise edge)
                                                      0.000     0.000 r  
    PS7_X0Y0             PS7                          0.000     0.000 r  ps_dpu_i/processing_system7_0/inst/PS7_i/FCLKCLK[0]
                         net (fo=1, routed)           0.769     0.769    ps_dpu_i/processing_system7_0/inst/FCLK_CLK_unbuffered[0]
    BUFGCTRL_X0Y16       BUFG (Prop_bufg_I_O)         0.030     0.799 r  ps_dpu_i/processing_system7_0/inst/buffer_fclk_clk_0.FCLK_CLK_0_BUFG/O
                         net (fo=5381, routed)        1.053     1.852    ps_dpu_i/ps7_0_axi_periph/m00_couplers/auto_pc/inst/gen_axilite.gen_b2s_conv.axilite_b2s/WR.b_channel_0/bid_fifo_0/aclk
    SLICE_X46Y311        SRL16E                                       r  ps_dpu_i/ps7_0_axi_periph/m00_couplers/auto_pc/inst/gen_axilite.gen_b2s_conv.axilite_b2s/WR.b_channel_0/bid_fifo_0/memory_reg[3][7]_srl4/CLK
                         clock pessimism             -0.301     1.551    
    SLICE_X46Y311        SRL16E (Hold_srl16e_CLK_D)
                                                      0.118     1.669    ps_dpu_i/ps7_0_axi_periph/m00_couplers/auto_pc/inst/gen_axilite.gen_b2s_conv.axilite_b2s/WR.b_channel_0/bid_fifo_0/memory_reg[3][7]_srl4
  -------------------------------------------------------------------
                         required time                         -1.669    
                         arrival time                           1.722    
  -------------------------------------------------------------------
                         slack                                  0.053    

Slack (MET) :             0.066ns  (arrival time - required time)
  Source:                 ps_dpu_i/ps7_0_axi_periph/s00_couplers/auto_us/inst/gen_upsizer.gen_full_upsizer.axi_upsizer_inst/si_register_slice_inst/aw.aw_pipe/m_payload_i_reg[57]/C
                            (rising edge-triggered cell FDRE clocked by clk_fpga_0  {rise@0.000ns fall@5.000ns period=10.000ns})
  Destination:            ps_dpu_i/ps7_0_axi_periph/s00_couplers/auto_us/inst/gen_upsizer.gen_full_upsizer.axi_upsizer_inst/USE_WRITE.write_addr_inst/gen_id_queue.id_queue/USE_RTL_FIFO.data_srl_reg[31][4]_srl32/D
                            (rising edge-triggered cell SRLC32E clocked by clk_fpga_0  {rise@0.000ns fall@5.000ns period=10.000ns})
  Path Group:             clk_fpga_0
  Path Type:              Hold (Min at Fast Process Corner)
  Requirement:            0.000ns  (clk_fpga_0 rise@0.000ns - clk_fpga_0 rise@0.000ns)
  Data Path Delay:        0.197ns  (logic 0.091ns (46.275%)  route 0.106ns (53.725%))
  Logic Levels:           0  
  Clock Path Skew:        0.013ns (DCD - SCD - CPR)
    Destination Clock Delay (DCD):    1.775ns
    Source Clock Delay      (SCD):    1.481ns
    Clock Pessimism Removal (CPR):    0.281ns

    Location             Delay type                Incr(ns)  Path(ns)    Netlist Resource(s)
  -------------------------------------------------------------------    -------------------
                         (clock clk_fpga_0 rise edge)
                                                      0.000     0.000 r  
    PS7_X0Y0             PS7                          0.000     0.000 r  ps_dpu_i/processing_system7_0/inst/PS7_i/FCLKCLK[0]
                         net (fo=1, routed)           0.725     0.725    ps_dpu_i/processing_system7_0/inst/FCLK_CLK_unbuffered[0]
    BUFGCTRL_X0Y16       BUFG (Prop_bufg_I_O)         0.026     0.751 r  ps_dpu_i/processing_system7_0/inst/buffer_fclk_clk_0.FCLK_CLK_0_BUFG/O
                         net (fo=5381, routed)        0.730     1.481    ps_dpu_i/ps7_0_axi_periph/s00_couplers/auto_us/inst/gen_upsizer.gen_full_upsizer.axi_upsizer_inst/si_register_slice_inst/aw.aw_pipe/s_axi_aclk
    SLICE_X27Y297        FDRE                                         r  ps_dpu_i/ps7_0_axi_periph/s00_couplers/auto_us/inst/gen_upsizer.gen_full_upsizer.axi_upsizer_inst/si_register_slice_inst/aw.aw_pipe/m_payload_i_reg[57]/C
  -------------------------------------------------------------------    -------------------
    SLICE_X27Y297        FDRE (Prop_fdre_C_Q)         0.091     1.572 r  ps_dpu_i/ps7_0_axi_periph/s00_couplers/auto_us/inst/gen_upsizer.gen_full_upsizer.axi_upsizer_inst/si_register_slice_inst/aw.aw_pipe/m_payload_i_reg[57]/Q
                         net (fo=1, routed)           0.106     1.678    ps_dpu_i/ps7_0_axi_periph/s00_couplers/auto_us/inst/gen_upsizer.gen_full_upsizer.axi_upsizer_inst/USE_WRITE.write_addr_inst/gen_id_queue.id_queue/m_payload_i_reg[64][4]
    SLICE_X26Y296        SRLC32E                                      r  ps_dpu_i/ps7_0_axi_periph/s00_couplers/auto_us/inst/gen_upsizer.gen_full_upsizer.axi_upsizer_inst/USE_WRITE.write_addr_inst/gen_id_queue.id_queue/USE_RTL_FIFO.data_srl_reg[31][4]_srl32/D
  -------------------------------------------------------------------    -------------------

                         (clock clk_fpga_0 rise edge)
                                                      0.000     0.000 r  
    PS7_X0Y0             PS7                          0.000     0.000 r  ps_dpu_i/processing_system7_0/inst/PS7_i/FCLKCLK[0]
                         net (fo=1, routed)           0.769     0.769    ps_dpu_i/processing_system7_0/inst/FCLK_CLK_unbuffered[0]
    BUFGCTRL_X0Y16       BUFG (Prop_bufg_I_O)         0.030     0.799 r  ps_dpu_i/processing_system7_0/inst/buffer_fclk_clk_0.FCLK_CLK_0_BUFG/O
                         net (fo=5381, routed)        0.976     1.775    ps_dpu_i/ps7_0_axi_periph/s00_couplers/auto_us/inst/gen_upsizer.gen_full_upsizer.axi_upsizer_inst/USE_WRITE.write_addr_inst/gen_id_queue.id_queue/s_axi_aclk
    SLICE_X26Y296        SRLC32E                                      r  ps_dpu_i/ps7_0_axi_periph/s00_couplers/auto_us/inst/gen_upsizer.gen_full_upsizer.axi_upsizer_inst/USE_WRITE.write_addr_inst/gen_id_queue.id_queue/USE_RTL_FIFO.data_srl_reg[31][4]_srl32/CLK
                         clock pessimism             -0.281     1.494    
    SLICE_X26Y296        SRLC32E (Hold_srlc32e_CLK_D)
                                                      0.118     1.612    ps_dpu_i/ps7_0_axi_periph/s00_couplers/auto_us/inst/gen_upsizer.gen_full_upsizer.axi_upsizer_inst/USE_WRITE.write_addr_inst/gen_id_queue.id_queue/USE_RTL_FIFO.data_srl_reg[31][4]_srl32
  -------------------------------------------------------------------
                         required time                         -1.612    
                         arrival time                           1.678    
  -------------------------------------------------------------------
                         slack                                  0.066    

Slack (MET) :             0.066ns  (arrival time - required time)
  Source:                 ps_dpu_i/top_wrapper_0/inst/u_dpu_top/u_pe_array/gen_row[4].gen_col[4].psum_reg[4][4][7]/C
                            (rising edge-triggered cell FDRE clocked by clk_fpga_0  {rise@0.000ns fall@5.000ns period=10.000ns})
  Destination:            ps_dpu_i/top_wrapper_0/inst/u_dpu_top/u_pe_array/gen_row[4].gen_col[4].psum_reg[4][4][16]/D
                            (rising edge-triggered cell FDRE clocked by clk_fpga_0  {rise@0.000ns fall@5.000ns period=10.000ns})
  Path Group:             clk_fpga_0
  Path Type:              Hold (Min at Fast Process Corner)
  Requirement:            0.000ns  (clk_fpga_0 rise@0.000ns - clk_fpga_0 rise@0.000ns)
  Data Path Delay:        0.435ns  (logic 0.303ns (69.666%)  route 0.132ns (30.334%))
  Logic Levels:           5  (CARRY4=4 LUT2=1)
  Clock Path Skew:        0.298ns (DCD - SCD - CPR)
    Destination Clock Delay (DCD):    1.839ns
    Source Clock Delay      (SCD):    1.445ns
    Clock Pessimism Removal (CPR):    0.096ns

    Location             Delay type                Incr(ns)  Path(ns)    Netlist Resource(s)
  -------------------------------------------------------------------    -------------------
                         (clock clk_fpga_0 rise edge)
                                                      0.000     0.000 r  
    PS7_X0Y0             PS7                          0.000     0.000 r  ps_dpu_i/processing_system7_0/inst/PS7_i/FCLKCLK[0]
                         net (fo=1, routed)           0.725     0.725    ps_dpu_i/processing_system7_0/inst/FCLK_CLK_unbuffered[0]
    BUFGCTRL_X0Y16       BUFG (Prop_bufg_I_O)         0.026     0.751 r  ps_dpu_i/processing_system7_0/inst/buffer_fclk_clk_0.FCLK_CLK_0_BUFG/O
                         net (fo=5381, routed)        0.694     1.445    ps_dpu_i/top_wrapper_0/inst/u_dpu_top/u_pe_array/clk
    SLICE_X76Y297        FDRE                                         r  ps_dpu_i/top_wrapper_0/inst/u_dpu_top/u_pe_array/gen_row[4].gen_col[4].psum_reg[4][4][7]/C
  -------------------------------------------------------------------    -------------------
    SLICE_X76Y297        FDRE (Prop_fdre_C_Q)         0.100     1.545 r  ps_dpu_i/top_wrapper_0/inst/u_dpu_top/u_pe_array/gen_row[4].gen_col[4].psum_reg[4][4][7]/Q
                         net (fo=1, routed)           0.131     1.676    ps_dpu_i/top_wrapper_0/inst/u_dpu_top/u_pe_array/gen_row[4].gen_col[4].psum_reg_n_0_[4][4][7]
    SLICE_X76Y297        LUT2 (Prop_lut2_I1_O)        0.028     1.704 r  ps_dpu_i/top_wrapper_0/inst/u_dpu_top/u_pe_array/gen_row[4].gen_col[4].psum[4][4][4]_i_2/O
                         net (fo=1, routed)           0.000     1.704    ps_dpu_i/top_wrapper_0/inst/u_dpu_top/u_pe_array/gen_row[4].gen_col[4].psum[4][4][4]_i_2_n_0
    SLICE_X76Y297        CARRY4 (Prop_carry4_S[3]_CO[3])
                                                      0.084     1.788 r  ps_dpu_i/top_wrapper_0/inst/u_dpu_top/u_pe_array/gen_row[4].gen_col[4].psum_reg[4][4][4]_i_1/CO[3]
                         net (fo=1, routed)           0.000     1.788    ps_dpu_i/top_wrapper_0/inst/u_dpu_top/u_pe_array/gen_row[4].gen_col[4].psum_reg[4][4][4]_i_1_n_0
    SLICE_X76Y298        CARRY4 (Prop_carry4_CI_CO[3])
                                                      0.025     1.813 r  ps_dpu_i/top_wrapper_0/inst/u_dpu_top/u_pe_array/gen_row[4].gen_col[4].psum_reg[4][4][8]_i_1/CO[3]
                         net (fo=1, routed)           0.000     1.813    ps_dpu_i/top_wrapper_0/inst/u_dpu_top/u_pe_array/gen_row[4].gen_col[4].psum_reg[4][4][8]_i_1_n_0
    SLICE_X76Y299        CARRY4 (Prop_carry4_CI_CO[3])
                                                      0.025     1.838 r  ps_dpu_i/top_wrapper_0/inst/u_dpu_top/u_pe_array/gen_row[4].gen_col[4].psum_reg[4][4][12]_i_1/CO[3]
                         net (fo=1, routed)           0.001     1.839    ps_dpu_i/top_wrapper_0/inst/u_dpu_top/u_pe_array/gen_row[4].gen_col[4].psum_reg[4][4][12]_i_1_n_0
    SLICE_X76Y300        CARRY4 (Prop_carry4_CI_O[0])
                                                      0.041     1.880 r  ps_dpu_i/top_wrapper_0/inst/u_dpu_top/u_pe_array/gen_row[4].gen_col[4].psum_reg[4][4][16]_i_1/O[0]
                         net (fo=1, routed)           0.000     1.880    ps_dpu_i/top_wrapper_0/inst/u_dpu_top/u_pe_array/gen_row[4].gen_col[4].psum_reg[4][4][16]_i_1_n_7
    SLICE_X76Y300        FDRE                                         r  ps_dpu_i/top_wrapper_0/inst/u_dpu_top/u_pe_array/gen_row[4].gen_col[4].psum_reg[4][4][16]/D
  -------------------------------------------------------------------    -------------------

                         (clock clk_fpga_0 rise edge)
                                                      0.000     0.000 r  
    PS7_X0Y0             PS7                          0.000     0.000 r  ps_dpu_i/processing_system7_0/inst/PS7_i/FCLKCLK[0]
                         net (fo=1, routed)           0.769     0.769    ps_dpu_i/processing_system7_0/inst/FCLK_CLK_unbuffered[0]
    BUFGCTRL_X0Y16       BUFG (Prop_bufg_I_O)         0.030     0.799 r  ps_dpu_i/processing_system7_0/inst/buffer_fclk_clk_0.FCLK_CLK_0_BUFG/O
                         net (fo=5381, routed)        1.040     1.839    ps_dpu_i/top_wrapper_0/inst/u_dpu_top/u_pe_array/clk
    SLICE_X76Y300        FDRE                                         r  ps_dpu_i/top_wrapper_0/inst/u_dpu_top/u_pe_array/gen_row[4].gen_col[4].psum_reg[4][4][16]/C
                         clock pessimism             -0.096     1.743    
    SLICE_X76Y300        FDRE (Hold_fdre_C_D)         0.071     1.814    ps_dpu_i/top_wrapper_0/inst/u_dpu_top/u_pe_array/gen_row[4].gen_col[4].psum_reg[4][4][16]
  -------------------------------------------------------------------
                         required time                         -1.814    
                         arrival time                           1.880    
  -------------------------------------------------------------------
                         slack                                  0.066    

Slack (MET) :             0.068ns  (arrival time - required time)
  Source:                 ps_dpu_i/top_wrapper_0/inst/u_dpu_top/u_pe_array/gen_row[3].gen_col[2].psum_reg[3][2][8]/C
                            (rising edge-triggered cell FDRE clocked by clk_fpga_0  {rise@0.000ns fall@5.000ns period=10.000ns})
  Destination:            ps_dpu_i/top_wrapper_0/inst/u_dpu_top/u_pe_array/gen_row[3].gen_col[2].psum_reg[3][2][16]/D
                            (rising edge-triggered cell FDRE clocked by clk_fpga_0  {rise@0.000ns fall@5.000ns period=10.000ns})
  Path Group:             clk_fpga_0
  Path Type:              Hold (Min at Fast Process Corner)
  Requirement:            0.000ns  (clk_fpga_0 rise@0.000ns - clk_fpga_0 rise@0.000ns)
  Data Path Delay:        0.437ns  (logic 0.308ns (70.445%)  route 0.129ns (29.555%))
  Logic Levels:           4  (CARRY4=3 LUT2=1)
  Clock Path Skew:        0.298ns (DCD - SCD - CPR)
    Destination Clock Delay (DCD):    1.855ns
    Source Clock Delay      (SCD):    1.461ns
    Clock Pessimism Removal (CPR):    0.096ns

    Location             Delay type                Incr(ns)  Path(ns)    Netlist Resource(s)
  -------------------------------------------------------------------    -------------------
                         (clock clk_fpga_0 rise edge)
                                                      0.000     0.000 r  
    PS7_X0Y0             PS7                          0.000     0.000 r  ps_dpu_i/processing_system7_0/inst/PS7_i/FCLKCLK[0]
                         net (fo=1, routed)           0.725     0.725    ps_dpu_i/processing_system7_0/inst/FCLK_CLK_unbuffered[0]
    BUFGCTRL_X0Y16       BUFG (Prop_bufg_I_O)         0.026     0.751 r  ps_dpu_i/processing_system7_0/inst/buffer_fclk_clk_0.FCLK_CLK_0_BUFG/O
                         net (fo=5381, routed)        0.710     1.461    ps_dpu_i/top_wrapper_0/inst/u_dpu_top/u_pe_array/clk
    SLICE_X41Y298        FDRE                                         r  ps_dpu_i/top_wrapper_0/inst/u_dpu_top/u_pe_array/gen_row[3].gen_col[2].psum_reg[3][2][8]/C
  -------------------------------------------------------------------    -------------------
    SLICE_X41Y298        FDRE (Prop_fdre_C_Q)         0.100     1.561 r  ps_dpu_i/top_wrapper_0/inst/u_dpu_top/u_pe_array/gen_row[3].gen_col[2].psum_reg[3][2][8]/Q
                         net (fo=1, routed)           0.129     1.690    ps_dpu_i/top_wrapper_0/inst/u_dpu_top/u_pe_array/gen_row[3].gen_col[2].psum_reg_n_0_[3][2][8]
    SLICE_X41Y298        LUT2 (Prop_lut2_I1_O)        0.028     1.718 r  ps_dpu_i/top_wrapper_0/inst/u_dpu_top/u_pe_array/gen_row[3].gen_col[2].psum[3][2][8]_i_5/O
                         net (fo=1, routed)           0.000     1.718    ps_dpu_i/top_wrapper_0/inst/u_dpu_top/u_pe_array/gen_row[3].gen_col[2].psum[3][2][8]_i_5_n_0
    SLICE_X41Y298        CARRY4 (Prop_carry4_S[0]_CO[3])
                                                      0.114     1.832 r  ps_dpu_i/top_wrapper_0/inst/u_dpu_top/u_pe_array/gen_row[3].gen_col[2].psum_reg[3][2][8]_i_1/CO[3]
                         net (fo=1, routed)           0.000     1.832    ps_dpu_i/top_wrapper_0/inst/u_dpu_top/u_pe_array/gen_row[3].gen_col[2].psum_reg[3][2][8]_i_1_n_0
    SLICE_X41Y299        CARRY4 (Prop_carry4_CI_CO[3])
                                                      0.025     1.857 r  ps_dpu_i/top_wrapper_0/inst/u_dpu_top/u_pe_array/gen_row[3].gen_col[2].psum_reg[3][2][12]_i_1/CO[3]
                         net (fo=1, routed)           0.001     1.857    ps_dpu_i/top_wrapper_0/inst/u_dpu_top/u_pe_array/gen_row[3].gen_col[2].psum_reg[3][2][12]_i_1_n_0
    SLICE_X41Y300        CARRY4 (Prop_carry4_CI_O[0])
                                                      0.041     1.898 r  ps_dpu_i/top_wrapper_0/inst/u_dpu_top/u_pe_array/gen_row[3].gen_col[2].psum_reg[3][2][16]_i_1/O[0]
                         net (fo=1, routed)           0.000     1.898    ps_dpu_i/top_wrapper_0/inst/u_dpu_top/u_pe_array/gen_row[3].gen_col[2].psum_reg[3][2][16]_i_1_n_7
    SLICE_X41Y300        FDRE                                         r  ps_dpu_i/top_wrapper_0/inst/u_dpu_top/u_pe_array/gen_row[3].gen_col[2].psum_reg[3][2][16]/D
  -------------------------------------------------------------------    -------------------

                         (clock clk_fpga_0 rise edge)
                                                      0.000     0.000 r  
    PS7_X0Y0             PS7                          0.000     0.000 r  ps_dpu_i/processing_system7_0/inst/PS7_i/FCLKCLK[0]
                         net (fo=1, routed)           0.769     0.769    ps_dpu_i/processing_system7_0/inst/FCLK_CLK_unbuffered[0]
    BUFGCTRL_X0Y16       BUFG (Prop_bufg_I_O)         0.030     0.799 r  ps_dpu_i/processing_system7_0/inst/buffer_fclk_clk_0.FCLK_CLK_0_BUFG/O
                         net (fo=5381, routed)        1.056     1.855    ps_dpu_i/top_wrapper_0/inst/u_dpu_top/u_pe_array/clk
    SLICE_X41Y300        FDRE                                         r  ps_dpu_i/top_wrapper_0/inst/u_dpu_top/u_pe_array/gen_row[3].gen_col[2].psum_reg[3][2][16]/C
                         clock pessimism             -0.096     1.759    
    SLICE_X41Y300        FDRE (Hold_fdre_C_D)         0.071     1.830    ps_dpu_i/top_wrapper_0/inst/u_dpu_top/u_pe_array/gen_row[3].gen_col[2].psum_reg[3][2][16]
  -------------------------------------------------------------------
                         required time                         -1.830    
                         arrival time                           1.898    
  -------------------------------------------------------------------
                         slack                                  0.068    

Slack (MET) :             0.068ns  (arrival time - required time)
  Source:                 ps_dpu_i/top_wrapper_0/inst/u_dpu_top/u_pe_array/gen_row[1].gen_col[2].psum_reg[1][2][4]/C
                            (rising edge-triggered cell FDRE clocked by clk_fpga_0  {rise@0.000ns fall@5.000ns period=10.000ns})
  Destination:            ps_dpu_i/top_wrapper_0/inst/u_dpu_top/u_pe_array/gen_row[1].gen_col[2].psum_reg[1][2][12]/D
                            (rising edge-triggered cell FDRE clocked by clk_fpga_0  {rise@0.000ns fall@5.000ns period=10.000ns})
  Path Group:             clk_fpga_0
  Path Type:              Hold (Min at Fast Process Corner)
  Requirement:            0.000ns  (clk_fpga_0 rise@0.000ns - clk_fpga_0 rise@0.000ns)
  Data Path Delay:        0.437ns  (logic 0.308ns (70.445%)  route 0.129ns (29.555%))
  Logic Levels:           4  (CARRY4=3 LUT2=1)
  Clock Path Skew:        0.298ns (DCD - SCD - CPR)
    Destination Clock Delay (DCD):    1.854ns
    Source Clock Delay      (SCD):    1.460ns
    Clock Pessimism Removal (CPR):    0.096ns

    Location             Delay type                Incr(ns)  Path(ns)    Netlist Resource(s)
  -------------------------------------------------------------------    -------------------
                         (clock clk_fpga_0 rise edge)
                                                      0.000     0.000 r  
    PS7_X0Y0             PS7                          0.000     0.000 r  ps_dpu_i/processing_system7_0/inst/PS7_i/FCLKCLK[0]
                         net (fo=1, routed)           0.725     0.725    ps_dpu_i/processing_system7_0/inst/FCLK_CLK_unbuffered[0]
    BUFGCTRL_X0Y16       BUFG (Prop_bufg_I_O)         0.026     0.751 r  ps_dpu_i/processing_system7_0/inst/buffer_fclk_clk_0.FCLK_CLK_0_BUFG/O
                         net (fo=5381, routed)        0.709     1.460    ps_dpu_i/top_wrapper_0/inst/u_dpu_top/u_pe_array/clk
    SLICE_X49Y298        FDRE                                         r  ps_dpu_i/top_wrapper_0/inst/u_dpu_top/u_pe_array/gen_row[1].gen_col[2].psum_reg[1][2][4]/C
  -------------------------------------------------------------------    -------------------
    SLICE_X49Y298        FDRE (Prop_fdre_C_Q)         0.100     1.560 r  ps_dpu_i/top_wrapper_0/inst/u_dpu_top/u_pe_array/gen_row[1].gen_col[2].psum_reg[1][2][4]/Q
                         net (fo=1, routed)           0.129     1.689    ps_dpu_i/top_wrapper_0/inst/u_dpu_top/u_pe_array/gen_row[1].gen_col[2].psum_reg_n_0_[1][2][4]
    SLICE_X49Y298        LUT2 (Prop_lut2_I1_O)        0.028     1.717 r  ps_dpu_i/top_wrapper_0/inst/u_dpu_top/u_pe_array/gen_row[1].gen_col[2].psum[1][2][4]_i_5/O
                         net (fo=1, routed)           0.000     1.717    ps_dpu_i/top_wrapper_0/inst/u_dpu_top/u_pe_array/gen_row[1].gen_col[2].psum[1][2][4]_i_5_n_0
    SLICE_X49Y298        CARRY4 (Prop_carry4_S[0]_CO[3])
                                                      0.114     1.831 r  ps_dpu_i/top_wrapper_0/inst/u_dpu_top/u_pe_array/gen_row[1].gen_col[2].psum_reg[1][2][4]_i_1/CO[3]
                         net (fo=1, routed)           0.000     1.831    ps_dpu_i/top_wrapper_0/inst/u_dpu_top/u_pe_array/gen_row[1].gen_col[2].psum_reg[1][2][4]_i_1_n_0
    SLICE_X49Y299        CARRY4 (Prop_carry4_CI_CO[3])
                                                      0.025     1.856 r  ps_dpu_i/top_wrapper_0/inst/u_dpu_top/u_pe_array/gen_row[1].gen_col[2].psum_reg[1][2][8]_i_1/CO[3]
                         net (fo=1, routed)           0.001     1.856    ps_dpu_i/top_wrapper_0/inst/u_dpu_top/u_pe_array/gen_row[1].gen_col[2].psum_reg[1][2][8]_i_1_n_0
    SLICE_X49Y300        CARRY4 (Prop_carry4_CI_O[0])
                                                      0.041     1.897 r  ps_dpu_i/top_wrapper_0/inst/u_dpu_top/u_pe_array/gen_row[1].gen_col[2].psum_reg[1][2][12]_i_1/O[0]
                         net (fo=1, routed)           0.000     1.897    ps_dpu_i/top_wrapper_0/inst/u_dpu_top/u_pe_array/gen_row[1].gen_col[2].psum_reg[1][2][12]_i_1_n_7
    SLICE_X49Y300        FDRE                                         r  ps_dpu_i/top_wrapper_0/inst/u_dpu_top/u_pe_array/gen_row[1].gen_col[2].psum_reg[1][2][12]/D
  -------------------------------------------------------------------    -------------------

                         (clock clk_fpga_0 rise edge)
                                                      0.000     0.000 r  
    PS7_X0Y0             PS7                          0.000     0.000 r  ps_dpu_i/processing_system7_0/inst/PS7_i/FCLKCLK[0]
                         net (fo=1, routed)           0.769     0.769    ps_dpu_i/processing_system7_0/inst/FCLK_CLK_unbuffered[0]
    BUFGCTRL_X0Y16       BUFG (Prop_bufg_I_O)         0.030     0.799 r  ps_dpu_i/processing_system7_0/inst/buffer_fclk_clk_0.FCLK_CLK_0_BUFG/O
                         net (fo=5381, routed)        1.055     1.854    ps_dpu_i/top_wrapper_0/inst/u_dpu_top/u_pe_array/clk
    SLICE_X49Y300        FDRE                                         r  ps_dpu_i/top_wrapper_0/inst/u_dpu_top/u_pe_array/gen_row[1].gen_col[2].psum_reg[1][2][12]/C
                         clock pessimism             -0.096     1.758    
    SLICE_X49Y300        FDRE (Hold_fdre_C_D)         0.071     1.829    ps_dpu_i/top_wrapper_0/inst/u_dpu_top/u_pe_array/gen_row[1].gen_col[2].psum_reg[1][2][12]
  -------------------------------------------------------------------
                         required time                         -1.829    
                         arrival time                           1.897    
  -------------------------------------------------------------------
                         slack                                  0.068    

Slack (MET) :             0.068ns  (arrival time - required time)
  Source:                 ps_dpu_i/top_wrapper_0/inst/u_dpu_top/u_pe_array/gen_row[6].gen_col[5].psum_reg[6][5][0]/C
                            (rising edge-triggered cell FDRE clocked by clk_fpga_0  {rise@0.000ns fall@5.000ns period=10.000ns})
  Destination:            ps_dpu_i/top_wrapper_0/inst/u_dpu_top/u_pe_array/gen_row[6].gen_col[5].psum_reg[6][5][8]/D
                            (rising edge-triggered cell FDRE clocked by clk_fpga_0  {rise@0.000ns fall@5.000ns period=10.000ns})
  Path Group:             clk_fpga_0
  Path Type:              Hold (Min at Fast Process Corner)
  Requirement:            0.000ns  (clk_fpga_0 rise@0.000ns - clk_fpga_0 rise@0.000ns)
  Data Path Delay:        0.437ns  (logic 0.308ns (70.445%)  route 0.129ns (29.555%))
  Logic Levels:           4  (CARRY4=3 LUT2=1)
  Clock Path Skew:        0.298ns (DCD - SCD - CPR)
    Destination Clock Delay (DCD):    1.846ns
    Source Clock Delay      (SCD):    1.452ns
    Clock Pessimism Removal (CPR):    0.096ns

    Location             Delay type                Incr(ns)  Path(ns)    Netlist Resource(s)
  -------------------------------------------------------------------    -------------------
                         (clock clk_fpga_0 rise edge)
                                                      0.000     0.000 r  
    PS7_X0Y0             PS7                          0.000     0.000 r  ps_dpu_i/processing_system7_0/inst/PS7_i/FCLKCLK[0]
                         net (fo=1, routed)           0.725     0.725    ps_dpu_i/processing_system7_0/inst/FCLK_CLK_unbuffered[0]
    BUFGCTRL_X0Y16       BUFG (Prop_bufg_I_O)         0.026     0.751 r  ps_dpu_i/processing_system7_0/inst/buffer_fclk_clk_0.FCLK_CLK_0_BUFG/O
                         net (fo=5381, routed)        0.701     1.452    ps_dpu_i/top_wrapper_0/inst/u_dpu_top/u_pe_array/clk
    SLICE_X61Y298        FDRE                                         r  ps_dpu_i/top_wrapper_0/inst/u_dpu_top/u_pe_array/gen_row[6].gen_col[5].psum_reg[6][5][0]/C
  -------------------------------------------------------------------    -------------------
    SLICE_X61Y298        FDRE (Prop_fdre_C_Q)         0.100     1.552 r  ps_dpu_i/top_wrapper_0/inst/u_dpu_top/u_pe_array/gen_row[6].gen_col[5].psum_reg[6][5][0]/Q
                         net (fo=1, routed)           0.129     1.681    ps_dpu_i/top_wrapper_0/inst/u_dpu_top/u_pe_array/gen_row[6].gen_col[5].psum_reg_n_0_[6][5][0]
    SLICE_X61Y298        LUT2 (Prop_lut2_I1_O)        0.028     1.709 r  ps_dpu_i/top_wrapper_0/inst/u_dpu_top/u_pe_array/gen_row[6].gen_col[5].psum[6][5][0]_i_5/O
                         net (fo=1, routed)           0.000     1.709    ps_dpu_i/top_wrapper_0/inst/u_dpu_top/u_pe_array/gen_row[6].gen_col[5].psum[6][5][0]_i_5_n_0
    SLICE_X61Y298        CARRY4 (Prop_carry4_S[0]_CO[3])
                                                      0.114     1.823 r  ps_dpu_i/top_wrapper_0/inst/u_dpu_top/u_pe_array/gen_row[6].gen_col[5].psum_reg[6][5][0]_i_1/CO[3]
                         net (fo=1, routed)           0.000     1.823    ps_dpu_i/top_wrapper_0/inst/u_dpu_top/u_pe_array/gen_row[6].gen_col[5].psum_reg[6][5][0]_i_1_n_0
    SLICE_X61Y299        CARRY4 (Prop_carry4_CI_CO[3])
                                                      0.025     1.848 r  ps_dpu_i/top_wrapper_0/inst/u_dpu_top/u_pe_array/gen_row[6].gen_col[5].psum_reg[6][5][4]_i_1/CO[3]
                         net (fo=1, routed)           0.001     1.848    ps_dpu_i/top_wrapper_0/inst/u_dpu_top/u_pe_array/gen_row[6].gen_col[5].psum_reg[6][5][4]_i_1_n_0
    SLICE_X61Y300        CARRY4 (Prop_carry4_CI_O[0])
                                                      0.041     1.889 r  ps_dpu_i/top_wrapper_0/inst/u_dpu_top/u_pe_array/gen_row[6].gen_col[5].psum_reg[6][5][8]_i_1/O[0]
                         net (fo=1, routed)           0.000     1.889    ps_dpu_i/top_wrapper_0/inst/u_dpu_top/u_pe_array/gen_row[6].gen_col[5].psum_reg[6][5][8]_i_1_n_7
    SLICE_X61Y300        FDRE                                         r  ps_dpu_i/top_wrapper_0/inst/u_dpu_top/u_pe_array/gen_row[6].gen_col[5].psum_reg[6][5][8]/D
  -------------------------------------------------------------------    -------------------

                         (clock clk_fpga_0 rise edge)
                                                      0.000     0.000 r  
    PS7_X0Y0             PS7                          0.000     0.000 r  ps_dpu_i/processing_system7_0/inst/PS7_i/FCLKCLK[0]
                         net (fo=1, routed)           0.769     0.769    ps_dpu_i/processing_system7_0/inst/FCLK_CLK_unbuffered[0]
    BUFGCTRL_X0Y16       BUFG (Prop_bufg_I_O)         0.030     0.799 r  ps_dpu_i/processing_system7_0/inst/buffer_fclk_clk_0.FCLK_CLK_0_BUFG/O
                         net (fo=5381, routed)        1.047     1.846    ps_dpu_i/top_wrapper_0/inst/u_dpu_top/u_pe_array/clk
    SLICE_X61Y300        FDRE                                         r  ps_dpu_i/top_wrapper_0/inst/u_dpu_top/u_pe_array/gen_row[6].gen_col[5].psum_reg[6][5][8]/C
                         clock pessimism             -0.096     1.750    
    SLICE_X61Y300        FDRE (Hold_fdre_C_D)         0.071     1.821    ps_dpu_i/top_wrapper_0/inst/u_dpu_top/u_pe_array/gen_row[6].gen_col[5].psum_reg[6][5][8]
  -------------------------------------------------------------------
                         required time                         -1.821    
                         arrival time                           1.889    
  -------------------------------------------------------------------
                         slack                                  0.068    

Slack (MET) :             0.070ns  (arrival time - required time)
  Source:                 ps_dpu_i/ps7_0_axi_periph/s00_couplers/auto_us/inst/gen_upsizer.gen_full_upsizer.axi_upsizer_inst/si_register_slice_inst/aw.aw_pipe/m_payload_i_reg[64]/C
                            (rising edge-triggered cell FDRE clocked by clk_fpga_0  {rise@0.000ns fall@5.000ns period=10.000ns})
  Destination:            ps_dpu_i/ps7_0_axi_periph/s00_couplers/auto_us/inst/gen_upsizer.gen_full_upsizer.axi_upsizer_inst/USE_WRITE.write_addr_inst/gen_id_queue.id_queue/USE_RTL_FIFO.data_srl_reg[31][11]_srl32/D
                            (rising edge-triggered cell SRLC32E clocked by clk_fpga_0  {rise@0.000ns fall@5.000ns period=10.000ns})
  Path Group:             clk_fpga_0
  Path Type:              Hold (Min at Fast Process Corner)
  Requirement:            0.000ns  (clk_fpga_0 rise@0.000ns - clk_fpga_0 rise@0.000ns)
  Data Path Delay:        0.144ns  (logic 0.091ns (63.065%)  route 0.053ns (36.935%))
  Logic Levels:           0  
  Clock Path Skew:        0.011ns (DCD - SCD - CPR)
    Destination Clock Delay (DCD):    1.776ns
    Source Clock Delay      (SCD):    1.481ns
    Clock Pessimism Removal (CPR):    0.284ns

    Location             Delay type                Incr(ns)  Path(ns)    Netlist Resource(s)
  -------------------------------------------------------------------    -------------------
                         (clock clk_fpga_0 rise edge)
                                                      0.000     0.000 r  
    PS7_X0Y0             PS7                          0.000     0.000 r  ps_dpu_i/processing_system7_0/inst/PS7_i/FCLKCLK[0]
                         net (fo=1, routed)           0.725     0.725    ps_dpu_i/processing_system7_0/inst/FCLK_CLK_unbuffered[0]
    BUFGCTRL_X0Y16       BUFG (Prop_bufg_I_O)         0.026     0.751 r  ps_dpu_i/processing_system7_0/inst/buffer_fclk_clk_0.FCLK_CLK_0_BUFG/O
                         net (fo=5381, routed)        0.730     1.481    ps_dpu_i/ps7_0_axi_periph/s00_couplers/auto_us/inst/gen_upsizer.gen_full_upsizer.axi_upsizer_inst/si_register_slice_inst/aw.aw_pipe/s_axi_aclk
    SLICE_X27Y299        FDRE                                         r  ps_dpu_i/ps7_0_axi_periph/s00_couplers/auto_us/inst/gen_upsizer.gen_full_upsizer.axi_upsizer_inst/si_register_slice_inst/aw.aw_pipe/m_payload_i_reg[64]/C
  -------------------------------------------------------------------    -------------------
    SLICE_X27Y299        FDRE (Prop_fdre_C_Q)         0.091     1.572 r  ps_dpu_i/ps7_0_axi_periph/s00_couplers/auto_us/inst/gen_upsizer.gen_full_upsizer.axi_upsizer_inst/si_register_slice_inst/aw.aw_pipe/m_payload_i_reg[64]/Q
                         net (fo=1, routed)           0.053     1.625    ps_dpu_i/ps7_0_axi_periph/s00_couplers/auto_us/inst/gen_upsizer.gen_full_upsizer.axi_upsizer_inst/USE_WRITE.write_addr_inst/gen_id_queue.id_queue/m_payload_i_reg[64][11]
    SLICE_X26Y299        SRLC32E                                      r  ps_dpu_i/ps7_0_axi_periph/s00_couplers/auto_us/inst/gen_upsizer.gen_full_upsizer.axi_upsizer_inst/USE_WRITE.write_addr_inst/gen_id_queue.id_queue/USE_RTL_FIFO.data_srl_reg[31][11]_srl32/D
  -------------------------------------------------------------------    -------------------

                         (clock clk_fpga_0 rise edge)
                                                      0.000     0.000 r  
    PS7_X0Y0             PS7                          0.000     0.000 r  ps_dpu_i/processing_system7_0/inst/PS7_i/FCLKCLK[0]
                         net (fo=1, routed)           0.769     0.769    ps_dpu_i/processing_system7_0/inst/FCLK_CLK_unbuffered[0]
    BUFGCTRL_X0Y16       BUFG (Prop_bufg_I_O)         0.030     0.799 r  ps_dpu_i/processing_system7_0/inst/buffer_fclk_clk_0.FCLK_CLK_0_BUFG/O
                         net (fo=5381, routed)        0.977     1.776    ps_dpu_i/ps7_0_axi_periph/s00_couplers/auto_us/inst/gen_upsizer.gen_full_upsizer.axi_upsizer_inst/USE_WRITE.write_addr_inst/gen_id_queue.id_queue/s_axi_aclk
    SLICE_X26Y299        SRLC32E                                      r  ps_dpu_i/ps7_0_axi_periph/s00_couplers/auto_us/inst/gen_upsizer.gen_full_upsizer.axi_upsizer_inst/USE_WRITE.write_addr_inst/gen_id_queue.id_queue/USE_RTL_FIFO.data_srl_reg[31][11]_srl32/CLK
                         clock pessimism             -0.284     1.492    
    SLICE_X26Y299        SRLC32E (Hold_srlc32e_CLK_D)
                                                      0.063     1.555    ps_dpu_i/ps7_0_axi_periph/s00_couplers/auto_us/inst/gen_upsizer.gen_full_upsizer.axi_upsizer_inst/USE_WRITE.write_addr_inst/gen_id_queue.id_queue/USE_RTL_FIFO.data_srl_reg[31][11]_srl32
  -------------------------------------------------------------------
                         required time                         -1.555    
                         arrival time                           1.625    
  -------------------------------------------------------------------
                         slack                                  0.070    

Slack (MET) :             0.071ns  (arrival time - required time)
  Source:                 ps_dpu_i/ps7_0_axi_periph/s00_couplers/auto_us/inst/gen_upsizer.gen_full_upsizer.axi_upsizer_inst/si_register_slice_inst/aw.aw_pipe/m_payload_i_reg[61]/C
                            (rising edge-triggered cell FDRE clocked by clk_fpga_0  {rise@0.000ns fall@5.000ns period=10.000ns})
  Destination:            ps_dpu_i/ps7_0_axi_periph/s00_couplers/auto_us/inst/gen_upsizer.gen_full_upsizer.axi_upsizer_inst/USE_WRITE.write_addr_inst/gen_id_queue.id_queue/USE_RTL_FIFO.data_srl_reg[31][8]_srl32/D
                            (rising edge-triggered cell SRLC32E clocked by clk_fpga_0  {rise@0.000ns fall@5.000ns period=10.000ns})
  Path Group:             clk_fpga_0
  Path Type:              Hold (Min at Fast Process Corner)
  Requirement:            0.000ns  (clk_fpga_0 rise@0.000ns - clk_fpga_0 rise@0.000ns)
  Data Path Delay:        0.198ns  (logic 0.091ns (45.917%)  route 0.107ns (54.083%))
  Logic Levels:           0  
  Clock Path Skew:        0.011ns (DCD - SCD - CPR)
    Destination Clock Delay (DCD):    1.776ns
    Source Clock Delay      (SCD):    1.481ns
    Clock Pessimism Removal (CPR):    0.284ns

    Location             Delay type                Incr(ns)  Path(ns)    Netlist Resource(s)
  -------------------------------------------------------------------    -------------------
                         (clock clk_fpga_0 rise edge)
                                                      0.000     0.000 r  
    PS7_X0Y0             PS7                          0.000     0.000 r  ps_dpu_i/processing_system7_0/inst/PS7_i/FCLKCLK[0]
                         net (fo=1, routed)           0.725     0.725    ps_dpu_i/processing_system7_0/inst/FCLK_CLK_unbuffered[0]
    BUFGCTRL_X0Y16       BUFG (Prop_bufg_I_O)         0.026     0.751 r  ps_dpu_i/processing_system7_0/inst/buffer_fclk_clk_0.FCLK_CLK_0_BUFG/O
                         net (fo=5381, routed)        0.730     1.481    ps_dpu_i/ps7_0_axi_periph/s00_couplers/auto_us/inst/gen_upsizer.gen_full_upsizer.axi_upsizer_inst/si_register_slice_inst/aw.aw_pipe/s_axi_aclk
    SLICE_X27Y299        FDRE                                         r  ps_dpu_i/ps7_0_axi_periph/s00_couplers/auto_us/inst/gen_upsizer.gen_full_upsizer.axi_upsizer_inst/si_register_slice_inst/aw.aw_pipe/m_payload_i_reg[61]/C
  -------------------------------------------------------------------    -------------------
    SLICE_X27Y299        FDRE (Prop_fdre_C_Q)         0.091     1.572 r  ps_dpu_i/ps7_0_axi_periph/s00_couplers/auto_us/inst/gen_upsizer.gen_full_upsizer.axi_upsizer_inst/si_register_slice_inst/aw.aw_pipe/m_payload_i_reg[61]/Q
                         net (fo=1, routed)           0.107     1.679    ps_dpu_i/ps7_0_axi_periph/s00_couplers/auto_us/inst/gen_upsizer.gen_full_upsizer.axi_upsizer_inst/USE_WRITE.write_addr_inst/gen_id_queue.id_queue/m_payload_i_reg[64][8]
    SLICE_X26Y299        SRLC32E                                      r  ps_dpu_i/ps7_0_axi_periph/s00_couplers/auto_us/inst/gen_upsizer.gen_full_upsizer.axi_upsizer_inst/USE_WRITE.write_addr_inst/gen_id_queue.id_queue/USE_RTL_FIFO.data_srl_reg[31][8]_srl32/D
  -------------------------------------------------------------------    -------------------

                         (clock clk_fpga_0 rise edge)
                                                      0.000     0.000 r  
    PS7_X0Y0             PS7                          0.000     0.000 r  ps_dpu_i/processing_system7_0/inst/PS7_i/FCLKCLK[0]
                         net (fo=1, routed)           0.769     0.769    ps_dpu_i/processing_system7_0/inst/FCLK_CLK_unbuffered[0]
    BUFGCTRL_X0Y16       BUFG (Prop_bufg_I_O)         0.030     0.799 r  ps_dpu_i/processing_system7_0/inst/buffer_fclk_clk_0.FCLK_CLK_0_BUFG/O
                         net (fo=5381, routed)        0.977     1.776    ps_dpu_i/ps7_0_axi_periph/s00_couplers/auto_us/inst/gen_upsizer.gen_full_upsizer.axi_upsizer_inst/USE_WRITE.write_addr_inst/gen_id_queue.id_queue/s_axi_aclk
    SLICE_X26Y299        SRLC32E                                      r  ps_dpu_i/ps7_0_axi_periph/s00_couplers/auto_us/inst/gen_upsizer.gen_full_upsizer.axi_upsizer_inst/USE_WRITE.write_addr_inst/gen_id_queue.id_queue/USE_RTL_FIFO.data_srl_reg[31][8]_srl32/CLK
                         clock pessimism             -0.284     1.492    
    SLICE_X26Y299        SRLC32E (Hold_srlc32e_CLK_D)
                                                      0.116     1.608    ps_dpu_i/ps7_0_axi_periph/s00_couplers/auto_us/inst/gen_upsizer.gen_full_upsizer.axi_upsizer_inst/USE_WRITE.write_addr_inst/gen_id_queue.id_queue/USE_RTL_FIFO.data_srl_reg[31][8]_srl32
  -------------------------------------------------------------------
                         required time                         -1.608    
                         arrival time                           1.679    
  -------------------------------------------------------------------
                         slack                                  0.071    

Slack (MET) :             0.075ns  (arrival time - required time)
  Source:                 ps_dpu_i/top_wrapper_0/inst/u_dpu_top/u_pe_array/gen_row[5].gen_col[6].psum_reg[5][6][0]/C
                            (rising edge-triggered cell FDRE clocked by clk_fpga_0  {rise@0.000ns fall@5.000ns period=10.000ns})
  Destination:            ps_dpu_i/top_wrapper_0/inst/u_dpu_top/u_pe_array/gen_row[5].gen_col[6].psum_reg[5][6][8]/D
                            (rising edge-triggered cell FDRE clocked by clk_fpga_0  {rise@0.000ns fall@5.000ns period=10.000ns})
  Path Group:             clk_fpga_0
  Path Type:              Hold (Min at Fast Process Corner)
  Requirement:            0.000ns  (clk_fpga_0 rise@0.000ns - clk_fpga_0 rise@0.000ns)
  Data Path Delay:        0.444ns  (logic 0.308ns (69.424%)  route 0.136ns (30.576%))
  Logic Levels:           4  (CARRY4=3 LUT2=1)
  Clock Path Skew:        0.298ns (DCD - SCD - CPR)
    Destination Clock Delay (DCD):    1.837ns
    Source Clock Delay      (SCD):    1.443ns
    Clock Pessimism Removal (CPR):    0.096ns

    Location             Delay type                Incr(ns)  Path(ns)    Netlist Resource(s)
  -------------------------------------------------------------------    -------------------
                         (clock clk_fpga_0 rise edge)
                                                      0.000     0.000 r  
    PS7_X0Y0             PS7                          0.000     0.000 r  ps_dpu_i/processing_system7_0/inst/PS7_i/FCLKCLK[0]
                         net (fo=1, routed)           0.725     0.725    ps_dpu_i/processing_system7_0/inst/FCLK_CLK_unbuffered[0]
    BUFGCTRL_X0Y16       BUFG (Prop_bufg_I_O)         0.026     0.751 r  ps_dpu_i/processing_system7_0/inst/buffer_fclk_clk_0.FCLK_CLK_0_BUFG/O
                         net (fo=5381, routed)        0.692     1.443    ps_dpu_i/top_wrapper_0/inst/u_dpu_top/u_pe_array/clk
    SLICE_X80Y298        FDRE                                         r  ps_dpu_i/top_wrapper_0/inst/u_dpu_top/u_pe_array/gen_row[5].gen_col[6].psum_reg[5][6][0]/C
  -------------------------------------------------------------------    -------------------
    SLICE_X80Y298        FDRE (Prop_fdre_C_Q)         0.100     1.543 r  ps_dpu_i/top_wrapper_0/inst/u_dpu_top/u_pe_array/gen_row[5].gen_col[6].psum_reg[5][6][0]/Q
                         net (fo=1, routed)           0.135     1.678    ps_dpu_i/top_wrapper_0/inst/u_dpu_top/u_pe_array/gen_row[5].gen_col[6].psum_reg_n_0_[5][6][0]
    SLICE_X80Y298        LUT2 (Prop_lut2_I1_O)        0.028     1.706 r  ps_dpu_i/top_wrapper_0/inst/u_dpu_top/u_pe_array/gen_row[5].gen_col[6].psum[5][6][0]_i_5/O
                         net (fo=1, routed)           0.000     1.706    ps_dpu_i/top_wrapper_0/inst/u_dpu_top/u_pe_array/gen_row[5].gen_col[6].psum[5][6][0]_i_5_n_0
    SLICE_X80Y298        CARRY4 (Prop_carry4_S[0]_CO[3])
                                                      0.114     1.820 r  ps_dpu_i/top_wrapper_0/inst/u_dpu_top/u_pe_array/gen_row[5].gen_col[6].psum_reg[5][6][0]_i_1/CO[3]
                         net (fo=1, routed)           0.000     1.820    ps_dpu_i/top_wrapper_0/inst/u_dpu_top/u_pe_array/gen_row[5].gen_col[6].psum_reg[5][6][0]_i_1_n_0
    SLICE_X80Y299        CARRY4 (Prop_carry4_CI_CO[3])
                                                      0.025     1.845 r  ps_dpu_i/top_wrapper_0/inst/u_dpu_top/u_pe_array/gen_row[5].gen_col[6].psum_reg[5][6][4]_i_1/CO[3]
                         net (fo=1, routed)           0.001     1.846    ps_dpu_i/top_wrapper_0/inst/u_dpu_top/u_pe_array/gen_row[5].gen_col[6].psum_reg[5][6][4]_i_1_n_0
    SLICE_X80Y300        CARRY4 (Prop_carry4_CI_O[0])
                                                      0.041     1.887 r  ps_dpu_i/top_wrapper_0/inst/u_dpu_top/u_pe_array/gen_row[5].gen_col[6].psum_reg[5][6][8]_i_1/O[0]
                         net (fo=1, routed)           0.000     1.887    ps_dpu_i/top_wrapper_0/inst/u_dpu_top/u_pe_array/gen_row[5].gen_col[6].psum_reg[5][6][8]_i_1_n_7
    SLICE_X80Y300        FDRE                                         r  ps_dpu_i/top_wrapper_0/inst/u_dpu_top/u_pe_array/gen_row[5].gen_col[6].psum_reg[5][6][8]/D
  -------------------------------------------------------------------    -------------------

                         (clock clk_fpga_0 rise edge)
                                                      0.000     0.000 r  
    PS7_X0Y0             PS7                          0.000     0.000 r  ps_dpu_i/processing_system7_0/inst/PS7_i/FCLKCLK[0]
                         net (fo=1, routed)           0.769     0.769    ps_dpu_i/processing_system7_0/inst/FCLK_CLK_unbuffered[0]
    BUFGCTRL_X0Y16       BUFG (Prop_bufg_I_O)         0.030     0.799 r  ps_dpu_i/processing_system7_0/inst/buffer_fclk_clk_0.FCLK_CLK_0_BUFG/O
                         net (fo=5381, routed)        1.038     1.837    ps_dpu_i/top_wrapper_0/inst/u_dpu_top/u_pe_array/clk
    SLICE_X80Y300        FDRE                                         r  ps_dpu_i/top_wrapper_0/inst/u_dpu_top/u_pe_array/gen_row[5].gen_col[6].psum_reg[5][6][8]/C
                         clock pessimism             -0.096     1.741    
    SLICE_X80Y300        FDRE (Hold_fdre_C_D)         0.071     1.812    ps_dpu_i/top_wrapper_0/inst/u_dpu_top/u_pe_array/gen_row[5].gen_col[6].psum_reg[5][6][8]
  -------------------------------------------------------------------
                         required time                         -1.812    
                         arrival time                           1.887    
  -------------------------------------------------------------------
                         slack                                  0.075    

Slack (MET) :             0.076ns  (arrival time - required time)
  Source:                 ps_dpu_i/top_wrapper_0/inst/u_dpu_top/u_pe_array/gen_row[0].gen_col[4].psum_reg[0][4][12]/C
                            (rising edge-triggered cell FDRE clocked by clk_fpga_0  {rise@0.000ns fall@5.000ns period=10.000ns})
  Destination:            ps_dpu_i/top_wrapper_0/inst/u_dpu_top/u_pe_array/gen_row[0].gen_col[4].psum_reg[0][4][20]/D
                            (rising edge-triggered cell FDRE clocked by clk_fpga_0  {rise@0.000ns fall@5.000ns period=10.000ns})
  Path Group:             clk_fpga_0
  Path Type:              Hold (Min at Fast Process Corner)
  Requirement:            0.000ns  (clk_fpga_0 rise@0.000ns - clk_fpga_0 rise@0.000ns)
  Data Path Delay:        0.445ns  (logic 0.308ns (69.254%)  route 0.137ns (30.746%))
  Logic Levels:           4  (CARRY4=3 LUT2=1)
  Clock Path Skew:        0.298ns (DCD - SCD - CPR)
    Destination Clock Delay (DCD):    1.839ns
    Source Clock Delay      (SCD):    1.445ns
    Clock Pessimism Removal (CPR):    0.096ns

    Location             Delay type                Incr(ns)  Path(ns)    Netlist Resource(s)
  -------------------------------------------------------------------    -------------------
                         (clock clk_fpga_0 rise edge)
                                                      0.000     0.000 r  
    PS7_X0Y0             PS7                          0.000     0.000 r  ps_dpu_i/processing_system7_0/inst/PS7_i/FCLKCLK[0]
                         net (fo=1, routed)           0.725     0.725    ps_dpu_i/processing_system7_0/inst/FCLK_CLK_unbuffered[0]
    BUFGCTRL_X0Y16       BUFG (Prop_bufg_I_O)         0.026     0.751 r  ps_dpu_i/processing_system7_0/inst/buffer_fclk_clk_0.FCLK_CLK_0_BUFG/O
                         net (fo=5381, routed)        0.694     1.445    ps_dpu_i/top_wrapper_0/inst/u_dpu_top/u_pe_array/clk
    SLICE_X77Y298        FDRE                                         r  ps_dpu_i/top_wrapper_0/inst/u_dpu_top/u_pe_array/gen_row[0].gen_col[4].psum_reg[0][4][12]/C
  -------------------------------------------------------------------    -------------------
    SLICE_X77Y298        FDRE (Prop_fdre_C_Q)         0.100     1.545 r  ps_dpu_i/top_wrapper_0/inst/u_dpu_top/u_pe_array/gen_row[0].gen_col[4].psum_reg[0][4][12]/Q
                         net (fo=2, routed)           0.136     1.681    ps_dpu_i/top_wrapper_0/inst/u_dpu_top/u_pe_array/psum_flat[63]
    SLICE_X77Y298        LUT2 (Prop_lut2_I1_O)        0.028     1.709 r  ps_dpu_i/top_wrapper_0/inst/u_dpu_top/u_pe_array/gen_row[0].gen_col[4].psum[0][4][12]_i_5/O
                         net (fo=1, routed)           0.000     1.709    ps_dpu_i/top_wrapper_0/inst/u_dpu_top/u_pe_array/gen_row[0].gen_col[4].psum[0][4][12]_i_5_n_0
    SLICE_X77Y298        CARRY4 (Prop_carry4_S[0]_CO[3])
                                                      0.114     1.823 r  ps_dpu_i/top_wrapper_0/inst/u_dpu_top/u_pe_array/gen_row[0].gen_col[4].psum_reg[0][4][12]_i_1/CO[3]
                         net (fo=1, routed)           0.000     1.823    ps_dpu_i/top_wrapper_0/inst/u_dpu_top/u_pe_array/gen_row[0].gen_col[4].psum_reg[0][4][12]_i_1_n_0
    SLICE_X77Y299        CARRY4 (Prop_carry4_CI_CO[3])
                                                      0.025     1.848 r  ps_dpu_i/top_wrapper_0/inst/u_dpu_top/u_pe_array/gen_row[0].gen_col[4].psum_reg[0][4][16]_i_1/CO[3]
                         net (fo=1, routed)           0.001     1.849    ps_dpu_i/top_wrapper_0/inst/u_dpu_top/u_pe_array/gen_row[0].gen_col[4].psum_reg[0][4][16]_i_1_n_0
    SLICE_X77Y300        CARRY4 (Prop_carry4_CI_O[0])
                                                      0.041     1.890 r  ps_dpu_i/top_wrapper_0/inst/u_dpu_top/u_pe_array/gen_row[0].gen_col[4].psum_reg[0][4][20]_i_1/O[0]
                         net (fo=1, routed)           0.000     1.890    ps_dpu_i/top_wrapper_0/inst/u_dpu_top/u_pe_array/gen_row[0].gen_col[4].psum_reg[0][4][20]_i_1_n_7
    SLICE_X77Y300        FDRE                                         r  ps_dpu_i/top_wrapper_0/inst/u_dpu_top/u_pe_array/gen_row[0].gen_col[4].psum_reg[0][4][20]/D
  -------------------------------------------------------------------    -------------------

                         (clock clk_fpga_0 rise edge)
                                                      0.000     0.000 r  
    PS7_X0Y0             PS7                          0.000     0.000 r  ps_dpu_i/processing_system7_0/inst/PS7_i/FCLKCLK[0]
                         net (fo=1, routed)           0.769     0.769    ps_dpu_i/processing_system7_0/inst/FCLK_CLK_unbuffered[0]
    BUFGCTRL_X0Y16       BUFG (Prop_bufg_I_O)         0.030     0.799 r  ps_dpu_i/processing_system7_0/inst/buffer_fclk_clk_0.FCLK_CLK_0_BUFG/O
                         net (fo=5381, routed)        1.040     1.839    ps_dpu_i/top_wrapper_0/inst/u_dpu_top/u_pe_array/clk
    SLICE_X77Y300        FDRE                                         r  ps_dpu_i/top_wrapper_0/inst/u_dpu_top/u_pe_array/gen_row[0].gen_col[4].psum_reg[0][4][20]/C
                         clock pessimism             -0.096     1.743    
    SLICE_X77Y300        FDRE (Hold_fdre_C_D)         0.071     1.814    ps_dpu_i/top_wrapper_0/inst/u_dpu_top/u_pe_array/gen_row[0].gen_col[4].psum_reg[0][4][20]
  -------------------------------------------------------------------
                         required time                         -1.814    
                         arrival time                           1.890    
  -------------------------------------------------------------------
                         slack                                  0.076    





Pulse Width Checks
--------------------------------------------------------------------------------------
Clock Name:         clk_fpga_0
Waveform(ns):       { 0.000 5.000 }
Period(ns):         10.000
Sources:            { ps_dpu_i/processing_system7_0/inst/PS7_i/FCLKCLK[0] }

Check Type        Corner  Lib Pin             Reference Pin  Required(ns)  Actual(ns)  Slack(ns)  Location       Pin
Min Period        n/a     RAMB36E1/CLKARDCLK  n/a            2.095         10.000      7.905      RAMB36_X3Y53   ps_dpu_i/top_wrapper_0/inst/u_dpu_top/u_act_buffer/bram0_reg_1_0_1/CLKARDCLK
Min Period        n/a     RAMB36E1/CLKARDCLK  n/a            2.095         10.000      7.905      RAMB36_X3Y48   ps_dpu_i/top_wrapper_0/inst/u_dpu_top/u_act_buffer/bram0_reg_1_7_1/CLKARDCLK
Min Period        n/a     RAMB36E1/CLKARDCLK  n/a            2.095         10.000      7.905      RAMB36_X5Y52   ps_dpu_i/top_wrapper_0/inst/u_dpu_top/u_act_buffer/bram0_reg_2_6_1/CLKARDCLK
Min Period        n/a     RAMB36E1/CLKARDCLK  n/a            2.095         10.000      7.905      RAMB36_X5Y53   ps_dpu_i/top_wrapper_0/inst/u_dpu_top/u_act_buffer/bram1_reg_1_6_1/CLKARDCLK
Min Period        n/a     RAMB36E1/CLKARDCLK  n/a            2.095         10.000      7.905      RAMB36_X3Y62   ps_dpu_i/top_wrapper_0/inst/u_dpu_top/u_wgt_buffer/bram_reg_3_1/CLKARDCLK
Min Period        n/a     RAMB36E1/CLKARDCLK  n/a            2.095         10.000      7.905      RAMB36_X3Y52   ps_dpu_i/top_wrapper_0/inst/u_dpu_top/u_act_buffer/bram0_reg_1_1_0/CLKARDCLK
Min Period        n/a     RAMB36E1/CLKARDCLK  n/a            2.095         10.000      7.905      RAMB36_X3Y45   ps_dpu_i/top_wrapper_0/inst/u_dpu_top/u_act_buffer/bram0_reg_2_0_0/CLKARDCLK
Min Period        n/a     RAMB36E1/CLKARDCLK  n/a            2.095         10.000      7.905      RAMB36_X2Y47   ps_dpu_i/top_wrapper_0/inst/u_dpu_top/u_act_buffer/bram1_reg_1_0_0/CLKARDCLK
Min Period        n/a     RAMB36E1/CLKARDCLK  n/a            2.095         10.000      7.905      RAMB36_X2Y54   ps_dpu_i/top_wrapper_0/inst/u_dpu_top/u_act_buffer/bram1_reg_1_7_0/CLKARDCLK
Min Period        n/a     RAMB36E1/CLKARDCLK  n/a            2.095         10.000      7.905      RAMB36_X2Y60   ps_dpu_i/top_wrapper_0/inst/u_dpu_top/u_wgt_buffer/bram_reg_4_0/CLKARDCLK
Low Pulse Width   Slow    RAMD32/CLK          n/a            0.768         5.000       4.232      SLICE_X34Y303  ps_dpu_i/ps7_0_axi_periph/m00_couplers/auto_ds/inst/gen_downsizer.gen_simple_downsizer.axi_downsizer_inst/USE_READ.read_addr_inst/cmd_queue/inst/fifo_gen_inst/inst_fifo_gen/gconvfifo.rf/grf.rf/gntv_or_sync_fifo.mem/gdm.dm_gen.dm/RAM_reg_0_31_0_5/RAMA/CLK
Low Pulse Width   Slow    RAMD32/CLK          n/a            0.768         5.000       4.232      SLICE_X34Y303  ps_dpu_i/ps7_0_axi_periph/m00_couplers/auto_ds/inst/gen_downsizer.gen_simple_downsizer.axi_downsizer_inst/USE_READ.read_addr_inst/cmd_queue/inst/fifo_gen_inst/inst_fifo_gen/gconvfifo.rf/grf.rf/gntv_or_sync_fifo.mem/gdm.dm_gen.dm/RAM_reg_0_31_0_5/RAMA_D1/CLK
Low Pulse Width   Slow    RAMD32/CLK          n/a            0.768         5.000       4.232      SLICE_X34Y303  ps_dpu_i/ps7_0_axi_periph/m00_couplers/auto_ds/inst/gen_downsizer.gen_simple_downsizer.axi_downsizer_inst/USE_READ.read_addr_inst/cmd_queue/inst/fifo_gen_inst/inst_fifo_gen/gconvfifo.rf/grf.rf/gntv_or_sync_fifo.mem/gdm.dm_gen.dm/RAM_reg_0_31_0_5/RAMB/CLK
Low Pulse Width   Slow    RAMD32/CLK          n/a            0.768         5.000       4.232      SLICE_X34Y303  ps_dpu_i/ps7_0_axi_periph/m00_couplers/auto_ds/inst/gen_downsizer.gen_simple_downsizer.axi_downsizer_inst/USE_READ.read_addr_inst/cmd_queue/inst/fifo_gen_inst/inst_fifo_gen/gconvfifo.rf/grf.rf/gntv_or_sync_fifo.mem/gdm.dm_gen.dm/RAM_reg_0_31_0_5/RAMB_D1/CLK
Low Pulse Width   Slow    RAMD32/CLK          n/a            0.768         5.000       4.232      SLICE_X34Y303  ps_dpu_i/ps7_0_axi_periph/m00_couplers/auto_ds/inst/gen_downsizer.gen_simple_downsizer.axi_downsizer_inst/USE_READ.read_addr_inst/cmd_queue/inst/fifo_gen_inst/inst_fifo_gen/gconvfifo.rf/grf.rf/gntv_or_sync_fifo.mem/gdm.dm_gen.dm/RAM_reg_0_31_0_5/RAMC/CLK
Low Pulse Width   Slow    RAMD32/CLK          n/a            0.768         5.000       4.232      SLICE_X34Y303  ps_dpu_i/ps7_0_axi_periph/m00_couplers/auto_ds/inst/gen_downsizer.gen_simple_downsizer.axi_downsizer_inst/USE_READ.read_addr_inst/cmd_queue/inst/fifo_gen_inst/inst_fifo_gen/gconvfifo.rf/grf.rf/gntv_or_sync_fifo.mem/gdm.dm_gen.dm/RAM_reg_0_31_0_5/RAMC_D1/CLK
Low Pulse Width   Slow    RAMS32/CLK          n/a            0.768         5.000       4.232      SLICE_X34Y303  ps_dpu_i/ps7_0_axi_periph/m00_couplers/auto_ds/inst/gen_downsizer.gen_simple_downsizer.axi_downsizer_inst/USE_READ.read_addr_inst/cmd_queue/inst/fifo_gen_inst/inst_fifo_gen/gconvfifo.rf/grf.rf/gntv_or_sync_fifo.mem/gdm.dm_gen.dm/RAM_reg_0_31_0_5/RAMD/CLK
Low Pulse Width   Slow    RAMS32/CLK          n/a            0.768         5.000       4.232      SLICE_X34Y303  ps_dpu_i/ps7_0_axi_periph/m00_couplers/auto_ds/inst/gen_downsizer.gen_simple_downsizer.axi_downsizer_inst/USE_READ.read_addr_inst/cmd_queue/inst/fifo_gen_inst/inst_fifo_gen/gconvfifo.rf/grf.rf/gntv_or_sync_fifo.mem/gdm.dm_gen.dm/RAM_reg_0_31_0_5/RAMD_D1/CLK
Low Pulse Width   Slow    RAMD32/CLK          n/a            0.768         5.000       4.232      SLICE_X34Y301  ps_dpu_i/ps7_0_axi_periph/m00_couplers/auto_ds/inst/gen_downsizer.gen_simple_downsizer.axi_downsizer_inst/USE_READ.read_addr_inst/cmd_queue/inst/fifo_gen_inst/inst_fifo_gen/gconvfifo.rf/grf.rf/gntv_or_sync_fifo.mem/gdm.dm_gen.dm/RAM_reg_0_31_12_17/RAMA/CLK
Low Pulse Width   Slow    RAMD32/CLK          n/a            0.768         5.000       4.232      SLICE_X34Y301  ps_dpu_i/ps7_0_axi_periph/m00_couplers/auto_ds/inst/gen_downsizer.gen_simple_downsizer.axi_downsizer_inst/USE_READ.read_addr_inst/cmd_queue/inst/fifo_gen_inst/inst_fifo_gen/gconvfifo.rf/grf.rf/gntv_or_sync_fifo.mem/gdm.dm_gen.dm/RAM_reg_0_31_12_17/RAMA_D1/CLK
High Pulse Width  Slow    RAMD32/CLK          n/a            0.768         5.000       4.232      SLICE_X30Y315  ps_dpu_i/ps7_0_axi_periph/m00_couplers/auto_ds/inst/gen_downsizer.gen_simple_downsizer.axi_downsizer_inst/USE_WRITE.write_addr_inst/USE_B_CHANNEL.cmd_b_queue/inst/fifo_gen_inst/inst_fifo_gen/gconvfifo.rf/grf.rf/gntv_or_sync_fifo.mem/gdm.dm_gen.dm/RAM_reg_0_31_0_5/RAMA/CLK
High Pulse Width  Slow    RAMD32/CLK          n/a            0.768         5.000       4.232      SLICE_X30Y315  ps_dpu_i/ps7_0_axi_periph/m00_couplers/auto_ds/inst/gen_downsizer.gen_simple_downsizer.axi_downsizer_inst/USE_WRITE.write_addr_inst/USE_B_CHANNEL.cmd_b_queue/inst/fifo_gen_inst/inst_fifo_gen/gconvfifo.rf/grf.rf/gntv_or_sync_fifo.mem/gdm.dm_gen.dm/RAM_reg_0_31_0_5/RAMA_D1/CLK
High Pulse Width  Slow    RAMD32/CLK          n/a            0.768         5.000       4.232      SLICE_X30Y315  ps_dpu_i/ps7_0_axi_periph/m00_couplers/auto_ds/inst/gen_downsizer.gen_simple_downsizer.axi_downsizer_inst/USE_WRITE.write_addr_inst/USE_B_CHANNEL.cmd_b_queue/inst/fifo_gen_inst/inst_fifo_gen/gconvfifo.rf/grf.rf/gntv_or_sync_fifo.mem/gdm.dm_gen.dm/RAM_reg_0_31_0_5/RAMB/CLK
High Pulse Width  Slow    RAMD32/CLK          n/a            0.768         5.000       4.232      SLICE_X30Y315  ps_dpu_i/ps7_0_axi_periph/m00_couplers/auto_ds/inst/gen_downsizer.gen_simple_downsizer.axi_downsizer_inst/USE_WRITE.write_addr_inst/USE_B_CHANNEL.cmd_b_queue/inst/fifo_gen_inst/inst_fifo_gen/gconvfifo.rf/grf.rf/gntv_or_sync_fifo.mem/gdm.dm_gen.dm/RAM_reg_0_31_0_5/RAMB_D1/CLK
High Pulse Width  Slow    RAMD32/CLK          n/a            0.768         5.000       4.232      SLICE_X30Y315  ps_dpu_i/ps7_0_axi_periph/m00_couplers/auto_ds/inst/gen_downsizer.gen_simple_downsizer.axi_downsizer_inst/USE_WRITE.write_addr_inst/USE_B_CHANNEL.cmd_b_queue/inst/fifo_gen_inst/inst_fifo_gen/gconvfifo.rf/grf.rf/gntv_or_sync_fifo.mem/gdm.dm_gen.dm/RAM_reg_0_31_0_5/RAMC/CLK
High Pulse Width  Slow    RAMD32/CLK          n/a            0.768         5.000       4.232      SLICE_X30Y315  ps_dpu_i/ps7_0_axi_periph/m00_couplers/auto_ds/inst/gen_downsizer.gen_simple_downsizer.axi_downsizer_inst/USE_WRITE.write_addr_inst/USE_B_CHANNEL.cmd_b_queue/inst/fifo_gen_inst/inst_fifo_gen/gconvfifo.rf/grf.rf/gntv_or_sync_fifo.mem/gdm.dm_gen.dm/RAM_reg_0_31_0_5/RAMC_D1/CLK
High Pulse Width  Slow    RAMS32/CLK          n/a            0.768         5.000       4.232      SLICE_X30Y315  ps_dpu_i/ps7_0_axi_periph/m00_couplers/auto_ds/inst/gen_downsizer.gen_simple_downsizer.axi_downsizer_inst/USE_WRITE.write_addr_inst/USE_B_CHANNEL.cmd_b_queue/inst/fifo_gen_inst/inst_fifo_gen/gconvfifo.rf/grf.rf/gntv_or_sync_fifo.mem/gdm.dm_gen.dm/RAM_reg_0_31_0_5/RAMD/CLK
High Pulse Width  Slow    RAMS32/CLK          n/a            0.768         5.000       4.232      SLICE_X30Y315  ps_dpu_i/ps7_0_axi_periph/m00_couplers/auto_ds/inst/gen_downsizer.gen_simple_downsizer.axi_downsizer_inst/USE_WRITE.write_addr_inst/USE_B_CHANNEL.cmd_b_queue/inst/fifo_gen_inst/inst_fifo_gen/gconvfifo.rf/grf.rf/gntv_or_sync_fifo.mem/gdm.dm_gen.dm/RAM_reg_0_31_0_5/RAMD_D1/CLK
High Pulse Width  Slow    RAMD32/CLK          n/a            0.768         5.000       4.232      SLICE_X30Y316  ps_dpu_i/ps7_0_axi_periph/m00_couplers/auto_ds/inst/gen_downsizer.gen_simple_downsizer.axi_downsizer_inst/USE_WRITE.write_addr_inst/USE_B_CHANNEL.cmd_b_queue/inst/fifo_gen_inst/inst_fifo_gen/gconvfifo.rf/grf.rf/gntv_or_sync_fifo.mem/gdm.dm_gen.dm/RAM_reg_0_31_6_8/RAMA/CLK
High Pulse Width  Slow    RAMD32/CLK          n/a            0.768         5.000       4.232      SLICE_X30Y316  ps_dpu_i/ps7_0_axi_periph/m00_couplers/auto_ds/inst/gen_downsizer.gen_simple_downsizer.axi_downsizer_inst/USE_WRITE.write_addr_inst/USE_B_CHANNEL.cmd_b_queue/inst/fifo_gen_inst/inst_fifo_gen/gconvfifo.rf/grf.rf/gntv_or_sync_fifo.mem/gdm.dm_gen.dm/RAM_reg_0_31_6_8/RAMA_D1/CLK



---------------------------------------------------------------------------------------------------
Path Group:  **async_default**
From Clock:  clk_fpga_0
  To Clock:  clk_fpga_0

Setup :            0  Failing Endpoints,  Worst Slack        7.868ns,  Total Violation        0.000ns
Hold  :            0  Failing Endpoints,  Worst Slack        0.419ns,  Total Violation        0.000ns
---------------------------------------------------------------------------------------------------


Max Delay Paths
--------------------------------------------------------------------------------------
Slack (MET) :             7.868ns  (required time - arrival time)
  Source:                 ps_dpu_i/ps7_0_axi_periph/m00_couplers/auto_ds/inst/gen_downsizer.gen_simple_downsizer.axi_downsizer_inst/USE_WRITE.write_addr_inst/cmd_queue/inst/fifo_gen_inst/inst_fifo_gen/gconvfifo.rf/grf.rf/rstblk/ngwrdrst.grst.g7serrst.gnsckt_wrst.rst_wr_reg2_inst/arststages_ff_reg[1]/C
                            (rising edge-triggered cell FDPE clocked by clk_fpga_0  {rise@0.000ns fall@5.000ns period=10.000ns})
  Destination:            ps_dpu_i/ps7_0_axi_periph/m00_couplers/auto_ds/inst/gen_downsizer.gen_simple_downsizer.axi_downsizer_inst/USE_WRITE.write_addr_inst/cmd_queue/inst/fifo_gen_inst/inst_fifo_gen/gconvfifo.rf/grf.rf/gntv_or_sync_fifo.gl0.wr/wpntr/gcc0.gc0.count_d1_reg[0]/CLR
                            (recovery check against rising-edge clock clk_fpga_0  {rise@0.000ns fall@5.000ns period=10.000ns})
  Path Group:             **async_default**
  Path Type:              Recovery (Max at Slow Process Corner)
  Requirement:            10.000ns  (clk_fpga_0 rise@10.000ns - clk_fpga_0 rise@0.000ns)
  Data Path Delay:        1.724ns  (logic 0.359ns (20.828%)  route 1.365ns (79.172%))
  Logic Levels:           1  (LUT3=1)
  Clock Path Skew:        -0.042ns (DCD - SCD + CPR)
    Destination Clock Delay (DCD):    2.815ns = ( 12.815 - 10.000 ) 
    Source Clock Delay      (SCD):    3.148ns
    Clock Pessimism Removal (CPR):    0.291ns
  Clock Uncertainty:      0.154ns  ((TSJ^2 + TIJ^2)^1/2 + DJ) / 2 + PE
    Total System Jitter     (TSJ):    0.071ns
    Total Input Jitter      (TIJ):    0.300ns
    Discrete Jitter          (DJ):    0.000ns
    Phase Error              (PE):    0.000ns

    Location             Delay type                Incr(ns)  Path(ns)    Netlist Resource(s)
  -------------------------------------------------------------------    -------------------
                         (clock clk_fpga_0 rise edge)
                                                      0.000     0.000 r  
    PS7_X0Y0             PS7                          0.000     0.000 r  ps_dpu_i/processing_system7_0/inst/PS7_i/FCLKCLK[0]
                         net (fo=1, routed)           1.339     1.339    ps_dpu_i/processing_system7_0/inst/FCLK_CLK_unbuffered[0]
    BUFGCTRL_X0Y16       BUFG (Prop_bufg_I_O)         0.093     1.432 r  ps_dpu_i/processing_system7_0/inst/buffer_fclk_clk_0.FCLK_CLK_0_BUFG/O
                         net (fo=5381, routed)        1.716     3.148    ps_dpu_i/ps7_0_axi_periph/m00_couplers/auto_ds/inst/gen_downsizer.gen_simple_downsizer.axi_downsizer_inst/USE_WRITE.write_addr_inst/cmd_queue/inst/fifo_gen_inst/inst_fifo_gen/gconvfifo.rf/grf.rf/rstblk/ngwrdrst.grst.g7serrst.gnsckt_wrst.rst_wr_reg2_inst/dest_clk
    SLICE_X34Y319        FDPE                                         r  ps_dpu_i/ps7_0_axi_periph/m00_couplers/auto_ds/inst/gen_downsizer.gen_simple_downsizer.axi_downsizer_inst/USE_WRITE.write_addr_inst/cmd_queue/inst/fifo_gen_inst/inst_fifo_gen/gconvfifo.rf/grf.rf/rstblk/ngwrdrst.grst.g7serrst.gnsckt_wrst.rst_wr_reg2_inst/arststages_ff_reg[1]/C
  -------------------------------------------------------------------    -------------------
    SLICE_X34Y319        FDPE (Prop_fdpe_C_Q)         0.236     3.384 f  ps_dpu_i/ps7_0_axi_periph/m00_couplers/auto_ds/inst/gen_downsizer.gen_simple_downsizer.axi_downsizer_inst/USE_WRITE.write_addr_inst/cmd_queue/inst/fifo_gen_inst/inst_fifo_gen/gconvfifo.rf/grf.rf/rstblk/ngwrdrst.grst.g7serrst.gnsckt_wrst.rst_wr_reg2_inst/arststages_ff_reg[1]/Q
                         net (fo=3, routed)           0.443     3.827    ps_dpu_i/ps7_0_axi_periph/m00_couplers/auto_ds/inst/gen_downsizer.gen_simple_downsizer.axi_downsizer_inst/USE_WRITE.write_addr_inst/cmd_queue/inst/fifo_gen_inst/inst_fifo_gen/gconvfifo.rf/grf.rf/rstblk/rst_wr_reg2
    SLICE_X35Y318        LUT3 (Prop_lut3_I2_O)        0.123     3.950 f  ps_dpu_i/ps7_0_axi_periph/m00_couplers/auto_ds/inst/gen_downsizer.gen_simple_downsizer.axi_downsizer_inst/USE_WRITE.write_addr_inst/cmd_queue/inst/fifo_gen_inst/inst_fifo_gen/gconvfifo.rf/grf.rf/rstblk/gc0.count_d1[4]_i_2/O
                         net (fo=32, routed)          0.921     4.872    ps_dpu_i/ps7_0_axi_periph/m00_couplers/auto_ds/inst/gen_downsizer.gen_simple_downsizer.axi_downsizer_inst/USE_WRITE.write_addr_inst/cmd_queue/inst/fifo_gen_inst/inst_fifo_gen/gconvfifo.rf/grf.rf/gntv_or_sync_fifo.gl0.wr/wpntr/AS[0]
    SLICE_X33Y315        FDCE                                         f  ps_dpu_i/ps7_0_axi_periph/m00_couplers/auto_ds/inst/gen_downsizer.gen_simple_downsizer.axi_downsizer_inst/USE_WRITE.write_addr_inst/cmd_queue/inst/fifo_gen_inst/inst_fifo_gen/gconvfifo.rf/grf.rf/gntv_or_sync_fifo.gl0.wr/wpntr/gcc0.gc0.count_d1_reg[0]/CLR
  -------------------------------------------------------------------    -------------------

                         (clock clk_fpga_0 rise edge)
                                                     10.000    10.000 r  
    PS7_X0Y0             PS7                          0.000    10.000 r  ps_dpu_i/processing_system7_0/inst/PS7_i/FCLKCLK[0]
                         net (fo=1, routed)           1.241    11.241    ps_dpu_i/processing_system7_0/inst/FCLK_CLK_unbuffered[0]
    BUFGCTRL_X0Y16       BUFG (Prop_bufg_I_O)         0.083    11.324 r  ps_dpu_i/processing_system7_0/inst/buffer_fclk_clk_0.FCLK_CLK_0_BUFG/O
                         net (fo=5381, routed)        1.491    12.815    ps_dpu_i/ps7_0_axi_periph/m00_couplers/auto_ds/inst/gen_downsizer.gen_simple_downsizer.axi_downsizer_inst/USE_WRITE.write_addr_inst/cmd_queue/inst/fifo_gen_inst/inst_fifo_gen/gconvfifo.rf/grf.rf/gntv_or_sync_fifo.gl0.wr/wpntr/clk
    SLICE_X33Y315        FDCE                                         r  ps_dpu_i/ps7_0_axi_periph/m00_couplers/auto_ds/inst/gen_downsizer.gen_simple_downsizer.axi_downsizer_inst/USE_WRITE.write_addr_inst/cmd_queue/inst/fifo_gen_inst/inst_fifo_gen/gconvfifo.rf/grf.rf/gntv_or_sync_fifo.gl0.wr/wpntr/gcc0.gc0.count_d1_reg[0]/C
                         clock pessimism              0.291    13.106    
                         clock uncertainty           -0.154    12.952    
    SLICE_X33Y315        FDCE (Recov_fdce_C_CLR)     -0.212    12.740    ps_dpu_i/ps7_0_axi_periph/m00_couplers/auto_ds/inst/gen_downsizer.gen_simple_downsizer.axi_downsizer_inst/USE_WRITE.write_addr_inst/cmd_queue/inst/fifo_gen_inst/inst_fifo_gen/gconvfifo.rf/grf.rf/gntv_or_sync_fifo.gl0.wr/wpntr/gcc0.gc0.count_d1_reg[0]
  -------------------------------------------------------------------
                         required time                         12.740    
                         arrival time                          -4.872    
  -------------------------------------------------------------------
                         slack                                  7.868    

Slack (MET) :             7.868ns  (required time - arrival time)
  Source:                 ps_dpu_i/ps7_0_axi_periph/m00_couplers/auto_ds/inst/gen_downsizer.gen_simple_downsizer.axi_downsizer_inst/USE_WRITE.write_addr_inst/cmd_queue/inst/fifo_gen_inst/inst_fifo_gen/gconvfifo.rf/grf.rf/rstblk/ngwrdrst.grst.g7serrst.gnsckt_wrst.rst_wr_reg2_inst/arststages_ff_reg[1]/C
                            (rising edge-triggered cell FDPE clocked by clk_fpga_0  {rise@0.000ns fall@5.000ns period=10.000ns})
  Destination:            ps_dpu_i/ps7_0_axi_periph/m00_couplers/auto_ds/inst/gen_downsizer.gen_simple_downsizer.axi_downsizer_inst/USE_WRITE.write_addr_inst/cmd_queue/inst/fifo_gen_inst/inst_fifo_gen/gconvfifo.rf/grf.rf/gntv_or_sync_fifo.gl0.wr/wpntr/gcc0.gc0.count_d1_reg[3]/CLR
                            (recovery check against rising-edge clock clk_fpga_0  {rise@0.000ns fall@5.000ns period=10.000ns})
  Path Group:             **async_default**
  Path Type:              Recovery (Max at Slow Process Corner)
  Requirement:            10.000ns  (clk_fpga_0 rise@10.000ns - clk_fpga_0 rise@0.000ns)
  Data Path Delay:        1.724ns  (logic 0.359ns (20.828%)  route 1.365ns (79.172%))
  Logic Levels:           1  (LUT3=1)
  Clock Path Skew:        -0.042ns (DCD - SCD + CPR)
    Destination Clock Delay (DCD):    2.815ns = ( 12.815 - 10.000 ) 
    Source Clock Delay      (SCD):    3.148ns
    Clock Pessimism Removal (CPR):    0.291ns
  Clock Uncertainty:      0.154ns  ((TSJ^2 + TIJ^2)^1/2 + DJ) / 2 + PE
    Total System Jitter     (TSJ):    0.071ns
    Total Input Jitter      (TIJ):    0.300ns
    Discrete Jitter          (DJ):    0.000ns
    Phase Error              (PE):    0.000ns

    Location             Delay type                Incr(ns)  Path(ns)    Netlist Resource(s)
  -------------------------------------------------------------------    -------------------
                         (clock clk_fpga_0 rise edge)
                                                      0.000     0.000 r  
    PS7_X0Y0             PS7                          0.000     0.000 r  ps_dpu_i/processing_system7_0/inst/PS7_i/FCLKCLK[0]
                         net (fo=1, routed)           1.339     1.339    ps_dpu_i/processing_system7_0/inst/FCLK_CLK_unbuffered[0]
    BUFGCTRL_X0Y16       BUFG (Prop_bufg_I_O)         0.093     1.432 r  ps_dpu_i/processing_system7_0/inst/buffer_fclk_clk_0.FCLK_CLK_0_BUFG/O
                         net (fo=5381, routed)        1.716     3.148    ps_dpu_i/ps7_0_axi_periph/m00_couplers/auto_ds/inst/gen_downsizer.gen_simple_downsizer.axi_downsizer_inst/USE_WRITE.write_addr_inst/cmd_queue/inst/fifo_gen_inst/inst_fifo_gen/gconvfifo.rf/grf.rf/rstblk/ngwrdrst.grst.g7serrst.gnsckt_wrst.rst_wr_reg2_inst/dest_clk
    SLICE_X34Y319        FDPE                                         r  ps_dpu_i/ps7_0_axi_periph/m00_couplers/auto_ds/inst/gen_downsizer.gen_simple_downsizer.axi_downsizer_inst/USE_WRITE.write_addr_inst/cmd_queue/inst/fifo_gen_inst/inst_fifo_gen/gconvfifo.rf/grf.rf/rstblk/ngwrdrst.grst.g7serrst.gnsckt_wrst.rst_wr_reg2_inst/arststages_ff_reg[1]/C
  -------------------------------------------------------------------    -------------------
    SLICE_X34Y319        FDPE (Prop_fdpe_C_Q)         0.236     3.384 f  ps_dpu_i/ps7_0_axi_periph/m00_couplers/auto_ds/inst/gen_downsizer.gen_simple_downsizer.axi_downsizer_inst/USE_WRITE.write_addr_inst/cmd_queue/inst/fifo_gen_inst/inst_fifo_gen/gconvfifo.rf/grf.rf/rstblk/ngwrdrst.grst.g7serrst.gnsckt_wrst.rst_wr_reg2_inst/arststages_ff_reg[1]/Q
                         net (fo=3, routed)           0.443     3.827    ps_dpu_i/ps7_0_axi_periph/m00_couplers/auto_ds/inst/gen_downsizer.gen_simple_downsizer.axi_downsizer_inst/USE_WRITE.write_addr_inst/cmd_queue/inst/fifo_gen_inst/inst_fifo_gen/gconvfifo.rf/grf.rf/rstblk/rst_wr_reg2
    SLICE_X35Y318        LUT3 (Prop_lut3_I2_O)        0.123     3.950 f  ps_dpu_i/ps7_0_axi_periph/m00_couplers/auto_ds/inst/gen_downsizer.gen_simple_downsizer.axi_downsizer_inst/USE_WRITE.write_addr_inst/cmd_queue/inst/fifo_gen_inst/inst_fifo_gen/gconvfifo.rf/grf.rf/rstblk/gc0.count_d1[4]_i_2/O
                         net (fo=32, routed)          0.921     4.872    ps_dpu_i/ps7_0_axi_periph/m00_couplers/auto_ds/inst/gen_downsizer.gen_simple_downsizer.axi_downsizer_inst/USE_WRITE.write_addr_inst/cmd_queue/inst/fifo_gen_inst/inst_fifo_gen/gconvfifo.rf/grf.rf/gntv_or_sync_fifo.gl0.wr/wpntr/AS[0]
    SLICE_X33Y315        FDCE                                         f  ps_dpu_i/ps7_0_axi_periph/m00_couplers/auto_ds/inst/gen_downsizer.gen_simple_downsizer.axi_downsizer_inst/USE_WRITE.write_addr_inst/cmd_queue/inst/fifo_gen_inst/inst_fifo_gen/gconvfifo.rf/grf.rf/gntv_or_sync_fifo.gl0.wr/wpntr/gcc0.gc0.count_d1_reg[3]/CLR
  -------------------------------------------------------------------    -------------------

                         (clock clk_fpga_0 rise edge)
                                                     10.000    10.000 r  
    PS7_X0Y0             PS7                          0.000    10.000 r  ps_dpu_i/processing_system7_0/inst/PS7_i/FCLKCLK[0]
                         net (fo=1, routed)           1.241    11.241    ps_dpu_i/processing_system7_0/inst/FCLK_CLK_unbuffered[0]
    BUFGCTRL_X0Y16       BUFG (Prop_bufg_I_O)         0.083    11.324 r  ps_dpu_i/processing_system7_0/inst/buffer_fclk_clk_0.FCLK_CLK_0_BUFG/O
                         net (fo=5381, routed)        1.491    12.815    ps_dpu_i/ps7_0_axi_periph/m00_couplers/auto_ds/inst/gen_downsizer.gen_simple_downsizer.axi_downsizer_inst/USE_WRITE.write_addr_inst/cmd_queue/inst/fifo_gen_inst/inst_fifo_gen/gconvfifo.rf/grf.rf/gntv_or_sync_fifo.gl0.wr/wpntr/clk
    SLICE_X33Y315        FDCE                                         r  ps_dpu_i/ps7_0_axi_periph/m00_couplers/auto_ds/inst/gen_downsizer.gen_simple_downsizer.axi_downsizer_inst/USE_WRITE.write_addr_inst/cmd_queue/inst/fifo_gen_inst/inst_fifo_gen/gconvfifo.rf/grf.rf/gntv_or_sync_fifo.gl0.wr/wpntr/gcc0.gc0.count_d1_reg[3]/C
                         clock pessimism              0.291    13.106    
                         clock uncertainty           -0.154    12.952    
    SLICE_X33Y315        FDCE (Recov_fdce_C_CLR)     -0.212    12.740    ps_dpu_i/ps7_0_axi_periph/m00_couplers/auto_ds/inst/gen_downsizer.gen_simple_downsizer.axi_downsizer_inst/USE_WRITE.write_addr_inst/cmd_queue/inst/fifo_gen_inst/inst_fifo_gen/gconvfifo.rf/grf.rf/gntv_or_sync_fifo.gl0.wr/wpntr/gcc0.gc0.count_d1_reg[3]
  -------------------------------------------------------------------
                         required time                         12.740    
                         arrival time                          -4.872    
  -------------------------------------------------------------------
                         slack                                  7.868    

Slack (MET) :             7.868ns  (required time - arrival time)
  Source:                 ps_dpu_i/ps7_0_axi_periph/m00_couplers/auto_ds/inst/gen_downsizer.gen_simple_downsizer.axi_downsizer_inst/USE_WRITE.write_addr_inst/cmd_queue/inst/fifo_gen_inst/inst_fifo_gen/gconvfifo.rf/grf.rf/rstblk/ngwrdrst.grst.g7serrst.gnsckt_wrst.rst_wr_reg2_inst/arststages_ff_reg[1]/C
                            (rising edge-triggered cell FDPE clocked by clk_fpga_0  {rise@0.000ns fall@5.000ns period=10.000ns})
  Destination:            ps_dpu_i/ps7_0_axi_periph/m00_couplers/auto_ds/inst/gen_downsizer.gen_simple_downsizer.axi_downsizer_inst/USE_WRITE.write_addr_inst/cmd_queue/inst/fifo_gen_inst/inst_fifo_gen/gconvfifo.rf/grf.rf/gntv_or_sync_fifo.gl0.wr/wpntr/gcc0.gc0.count_d1_reg[4]/CLR
                            (recovery check against rising-edge clock clk_fpga_0  {rise@0.000ns fall@5.000ns period=10.000ns})
  Path Group:             **async_default**
  Path Type:              Recovery (Max at Slow Process Corner)
  Requirement:            10.000ns  (clk_fpga_0 rise@10.000ns - clk_fpga_0 rise@0.000ns)
  Data Path Delay:        1.724ns  (logic 0.359ns (20.828%)  route 1.365ns (79.172%))
  Logic Levels:           1  (LUT3=1)
  Clock Path Skew:        -0.042ns (DCD - SCD + CPR)
    Destination Clock Delay (DCD):    2.815ns = ( 12.815 - 10.000 ) 
    Source Clock Delay      (SCD):    3.148ns
    Clock Pessimism Removal (CPR):    0.291ns
  Clock Uncertainty:      0.154ns  ((TSJ^2 + TIJ^2)^1/2 + DJ) / 2 + PE
    Total System Jitter     (TSJ):    0.071ns
    Total Input Jitter      (TIJ):    0.300ns
    Discrete Jitter          (DJ):    0.000ns
    Phase Error              (PE):    0.000ns

    Location             Delay type                Incr(ns)  Path(ns)    Netlist Resource(s)
  -------------------------------------------------------------------    -------------------
                         (clock clk_fpga_0 rise edge)
                                                      0.000     0.000 r  
    PS7_X0Y0             PS7                          0.000     0.000 r  ps_dpu_i/processing_system7_0/inst/PS7_i/FCLKCLK[0]
                         net (fo=1, routed)           1.339     1.339    ps_dpu_i/processing_system7_0/inst/FCLK_CLK_unbuffered[0]
    BUFGCTRL_X0Y16       BUFG (Prop_bufg_I_O)         0.093     1.432 r  ps_dpu_i/processing_system7_0/inst/buffer_fclk_clk_0.FCLK_CLK_0_BUFG/O
                         net (fo=5381, routed)        1.716     3.148    ps_dpu_i/ps7_0_axi_periph/m00_couplers/auto_ds/inst/gen_downsizer.gen_simple_downsizer.axi_downsizer_inst/USE_WRITE.write_addr_inst/cmd_queue/inst/fifo_gen_inst/inst_fifo_gen/gconvfifo.rf/grf.rf/rstblk/ngwrdrst.grst.g7serrst.gnsckt_wrst.rst_wr_reg2_inst/dest_clk
    SLICE_X34Y319        FDPE                                         r  ps_dpu_i/ps7_0_axi_periph/m00_couplers/auto_ds/inst/gen_downsizer.gen_simple_downsizer.axi_downsizer_inst/USE_WRITE.write_addr_inst/cmd_queue/inst/fifo_gen_inst/inst_fifo_gen/gconvfifo.rf/grf.rf/rstblk/ngwrdrst.grst.g7serrst.gnsckt_wrst.rst_wr_reg2_inst/arststages_ff_reg[1]/C
  -------------------------------------------------------------------    -------------------
    SLICE_X34Y319        FDPE (Prop_fdpe_C_Q)         0.236     3.384 f  ps_dpu_i/ps7_0_axi_periph/m00_couplers/auto_ds/inst/gen_downsizer.gen_simple_downsizer.axi_downsizer_inst/USE_WRITE.write_addr_inst/cmd_queue/inst/fifo_gen_inst/inst_fifo_gen/gconvfifo.rf/grf.rf/rstblk/ngwrdrst.grst.g7serrst.gnsckt_wrst.rst_wr_reg2_inst/arststages_ff_reg[1]/Q
                         net (fo=3, routed)           0.443     3.827    ps_dpu_i/ps7_0_axi_periph/m00_couplers/auto_ds/inst/gen_downsizer.gen_simple_downsizer.axi_downsizer_inst/USE_WRITE.write_addr_inst/cmd_queue/inst/fifo_gen_inst/inst_fifo_gen/gconvfifo.rf/grf.rf/rstblk/rst_wr_reg2
    SLICE_X35Y318        LUT3 (Prop_lut3_I2_O)        0.123     3.950 f  ps_dpu_i/ps7_0_axi_periph/m00_couplers/auto_ds/inst/gen_downsizer.gen_simple_downsizer.axi_downsizer_inst/USE_WRITE.write_addr_inst/cmd_queue/inst/fifo_gen_inst/inst_fifo_gen/gconvfifo.rf/grf.rf/rstblk/gc0.count_d1[4]_i_2/O
                         net (fo=32, routed)          0.921     4.872    ps_dpu_i/ps7_0_axi_periph/m00_couplers/auto_ds/inst/gen_downsizer.gen_simple_downsizer.axi_downsizer_inst/USE_WRITE.write_addr_inst/cmd_queue/inst/fifo_gen_inst/inst_fifo_gen/gconvfifo.rf/grf.rf/gntv_or_sync_fifo.gl0.wr/wpntr/AS[0]
    SLICE_X33Y315        FDCE                                         f  ps_dpu_i/ps7_0_axi_periph/m00_couplers/auto_ds/inst/gen_downsizer.gen_simple_downsizer.axi_downsizer_inst/USE_WRITE.write_addr_inst/cmd_queue/inst/fifo_gen_inst/inst_fifo_gen/gconvfifo.rf/grf.rf/gntv_or_sync_fifo.gl0.wr/wpntr/gcc0.gc0.count_d1_reg[4]/CLR
  -------------------------------------------------------------------    -------------------

                         (clock clk_fpga_0 rise edge)
                                                     10.000    10.000 r  
    PS7_X0Y0             PS7                          0.000    10.000 r  ps_dpu_i/processing_system7_0/inst/PS7_i/FCLKCLK[0]
                         net (fo=1, routed)           1.241    11.241    ps_dpu_i/processing_system7_0/inst/FCLK_CLK_unbuffered[0]
    BUFGCTRL_X0Y16       BUFG (Prop_bufg_I_O)         0.083    11.324 r  ps_dpu_i/processing_system7_0/inst/buffer_fclk_clk_0.FCLK_CLK_0_BUFG/O
                         net (fo=5381, routed)        1.491    12.815    ps_dpu_i/ps7_0_axi_periph/m00_couplers/auto_ds/inst/gen_downsizer.gen_simple_downsizer.axi_downsizer_inst/USE_WRITE.write_addr_inst/cmd_queue/inst/fifo_gen_inst/inst_fifo_gen/gconvfifo.rf/grf.rf/gntv_or_sync_fifo.gl0.wr/wpntr/clk
    SLICE_X33Y315        FDCE                                         r  ps_dpu_i/ps7_0_axi_periph/m00_couplers/auto_ds/inst/gen_downsizer.gen_simple_downsizer.axi_downsizer_inst/USE_WRITE.write_addr_inst/cmd_queue/inst/fifo_gen_inst/inst_fifo_gen/gconvfifo.rf/grf.rf/gntv_or_sync_fifo.gl0.wr/wpntr/gcc0.gc0.count_d1_reg[4]/C
                         clock pessimism              0.291    13.106    
                         clock uncertainty           -0.154    12.952    
    SLICE_X33Y315        FDCE (Recov_fdce_C_CLR)     -0.212    12.740    ps_dpu_i/ps7_0_axi_periph/m00_couplers/auto_ds/inst/gen_downsizer.gen_simple_downsizer.axi_downsizer_inst/USE_WRITE.write_addr_inst/cmd_queue/inst/fifo_gen_inst/inst_fifo_gen/gconvfifo.rf/grf.rf/gntv_or_sync_fifo.gl0.wr/wpntr/gcc0.gc0.count_d1_reg[4]
  -------------------------------------------------------------------
                         required time                         12.740    
                         arrival time                          -4.872    
  -------------------------------------------------------------------
                         slack                                  7.868    

Slack (MET) :             7.868ns  (required time - arrival time)
  Source:                 ps_dpu_i/ps7_0_axi_periph/m00_couplers/auto_ds/inst/gen_downsizer.gen_simple_downsizer.axi_downsizer_inst/USE_WRITE.write_addr_inst/cmd_queue/inst/fifo_gen_inst/inst_fifo_gen/gconvfifo.rf/grf.rf/rstblk/ngwrdrst.grst.g7serrst.gnsckt_wrst.rst_wr_reg2_inst/arststages_ff_reg[1]/C
                            (rising edge-triggered cell FDPE clocked by clk_fpga_0  {rise@0.000ns fall@5.000ns period=10.000ns})
  Destination:            ps_dpu_i/ps7_0_axi_periph/m00_couplers/auto_ds/inst/gen_downsizer.gen_simple_downsizer.axi_downsizer_inst/USE_WRITE.write_addr_inst/cmd_queue/inst/fifo_gen_inst/inst_fifo_gen/gconvfifo.rf/grf.rf/gntv_or_sync_fifo.gl0.wr/wpntr/gcc0.gc0.count_reg[3]/CLR
                            (recovery check against rising-edge clock clk_fpga_0  {rise@0.000ns fall@5.000ns period=10.000ns})
  Path Group:             **async_default**
  Path Type:              Recovery (Max at Slow Process Corner)
  Requirement:            10.000ns  (clk_fpga_0 rise@10.000ns - clk_fpga_0 rise@0.000ns)
  Data Path Delay:        1.724ns  (logic 0.359ns (20.828%)  route 1.365ns (79.172%))
  Logic Levels:           1  (LUT3=1)
  Clock Path Skew:        -0.042ns (DCD - SCD + CPR)
    Destination Clock Delay (DCD):    2.815ns = ( 12.815 - 10.000 ) 
    Source Clock Delay      (SCD):    3.148ns
    Clock Pessimism Removal (CPR):    0.291ns
  Clock Uncertainty:      0.154ns  ((TSJ^2 + TIJ^2)^1/2 + DJ) / 2 + PE
    Total System Jitter     (TSJ):    0.071ns
    Total Input Jitter      (TIJ):    0.300ns
    Discrete Jitter          (DJ):    0.000ns
    Phase Error              (PE):    0.000ns

    Location             Delay type                Incr(ns)  Path(ns)    Netlist Resource(s)
  -------------------------------------------------------------------    -------------------
                         (clock clk_fpga_0 rise edge)
                                                      0.000     0.000 r  
    PS7_X0Y0             PS7                          0.000     0.000 r  ps_dpu_i/processing_system7_0/inst/PS7_i/FCLKCLK[0]
                         net (fo=1, routed)           1.339     1.339    ps_dpu_i/processing_system7_0/inst/FCLK_CLK_unbuffered[0]
    BUFGCTRL_X0Y16       BUFG (Prop_bufg_I_O)         0.093     1.432 r  ps_dpu_i/processing_system7_0/inst/buffer_fclk_clk_0.FCLK_CLK_0_BUFG/O
                         net (fo=5381, routed)        1.716     3.148    ps_dpu_i/ps7_0_axi_periph/m00_couplers/auto_ds/inst/gen_downsizer.gen_simple_downsizer.axi_downsizer_inst/USE_WRITE.write_addr_inst/cmd_queue/inst/fifo_gen_inst/inst_fifo_gen/gconvfifo.rf/grf.rf/rstblk/ngwrdrst.grst.g7serrst.gnsckt_wrst.rst_wr_reg2_inst/dest_clk
    SLICE_X34Y319        FDPE                                         r  ps_dpu_i/ps7_0_axi_periph/m00_couplers/auto_ds/inst/gen_downsizer.gen_simple_downsizer.axi_downsizer_inst/USE_WRITE.write_addr_inst/cmd_queue/inst/fifo_gen_inst/inst_fifo_gen/gconvfifo.rf/grf.rf/rstblk/ngwrdrst.grst.g7serrst.gnsckt_wrst.rst_wr_reg2_inst/arststages_ff_reg[1]/C
  -------------------------------------------------------------------    -------------------
    SLICE_X34Y319        FDPE (Prop_fdpe_C_Q)         0.236     3.384 f  ps_dpu_i/ps7_0_axi_periph/m00_couplers/auto_ds/inst/gen_downsizer.gen_simple_downsizer.axi_downsizer_inst/USE_WRITE.write_addr_inst/cmd_queue/inst/fifo_gen_inst/inst_fifo_gen/gconvfifo.rf/grf.rf/rstblk/ngwrdrst.grst.g7serrst.gnsckt_wrst.rst_wr_reg2_inst/arststages_ff_reg[1]/Q
                         net (fo=3, routed)           0.443     3.827    ps_dpu_i/ps7_0_axi_periph/m00_couplers/auto_ds/inst/gen_downsizer.gen_simple_downsizer.axi_downsizer_inst/USE_WRITE.write_addr_inst/cmd_queue/inst/fifo_gen_inst/inst_fifo_gen/gconvfifo.rf/grf.rf/rstblk/rst_wr_reg2
    SLICE_X35Y318        LUT3 (Prop_lut3_I2_O)        0.123     3.950 f  ps_dpu_i/ps7_0_axi_periph/m00_couplers/auto_ds/inst/gen_downsizer.gen_simple_downsizer.axi_downsizer_inst/USE_WRITE.write_addr_inst/cmd_queue/inst/fifo_gen_inst/inst_fifo_gen/gconvfifo.rf/grf.rf/rstblk/gc0.count_d1[4]_i_2/O
                         net (fo=32, routed)          0.921     4.872    ps_dpu_i/ps7_0_axi_periph/m00_couplers/auto_ds/inst/gen_downsizer.gen_simple_downsizer.axi_downsizer_inst/USE_WRITE.write_addr_inst/cmd_queue/inst/fifo_gen_inst/inst_fifo_gen/gconvfifo.rf/grf.rf/gntv_or_sync_fifo.gl0.wr/wpntr/AS[0]
    SLICE_X33Y315        FDCE                                         f  ps_dpu_i/ps7_0_axi_periph/m00_couplers/auto_ds/inst/gen_downsizer.gen_simple_downsizer.axi_downsizer_inst/USE_WRITE.write_addr_inst/cmd_queue/inst/fifo_gen_inst/inst_fifo_gen/gconvfifo.rf/grf.rf/gntv_or_sync_fifo.gl0.wr/wpntr/gcc0.gc0.count_reg[3]/CLR
  -------------------------------------------------------------------    -------------------

                         (clock clk_fpga_0 rise edge)
                                                     10.000    10.000 r  
    PS7_X0Y0             PS7                          0.000    10.000 r  ps_dpu_i/processing_system7_0/inst/PS7_i/FCLKCLK[0]
                         net (fo=1, routed)           1.241    11.241    ps_dpu_i/processing_system7_0/inst/FCLK_CLK_unbuffered[0]
    BUFGCTRL_X0Y16       BUFG (Prop_bufg_I_O)         0.083    11.324 r  ps_dpu_i/processing_system7_0/inst/buffer_fclk_clk_0.FCLK_CLK_0_BUFG/O
                         net (fo=5381, routed)        1.491    12.815    ps_dpu_i/ps7_0_axi_periph/m00_couplers/auto_ds/inst/gen_downsizer.gen_simple_downsizer.axi_downsizer_inst/USE_WRITE.write_addr_inst/cmd_queue/inst/fifo_gen_inst/inst_fifo_gen/gconvfifo.rf/grf.rf/gntv_or_sync_fifo.gl0.wr/wpntr/clk
    SLICE_X33Y315        FDCE                                         r  ps_dpu_i/ps7_0_axi_periph/m00_couplers/auto_ds/inst/gen_downsizer.gen_simple_downsizer.axi_downsizer_inst/USE_WRITE.write_addr_inst/cmd_queue/inst/fifo_gen_inst/inst_fifo_gen/gconvfifo.rf/grf.rf/gntv_or_sync_fifo.gl0.wr/wpntr/gcc0.gc0.count_reg[3]/C
                         clock pessimism              0.291    13.106    
                         clock uncertainty           -0.154    12.952    
    SLICE_X33Y315        FDCE (Recov_fdce_C_CLR)     -0.212    12.740    ps_dpu_i/ps7_0_axi_periph/m00_couplers/auto_ds/inst/gen_downsizer.gen_simple_downsizer.axi_downsizer_inst/USE_WRITE.write_addr_inst/cmd_queue/inst/fifo_gen_inst/inst_fifo_gen/gconvfifo.rf/grf.rf/gntv_or_sync_fifo.gl0.wr/wpntr/gcc0.gc0.count_reg[3]
  -------------------------------------------------------------------
                         required time                         12.740    
                         arrival time                          -4.872    
  -------------------------------------------------------------------
                         slack                                  7.868    

Slack (MET) :             7.868ns  (required time - arrival time)
  Source:                 ps_dpu_i/ps7_0_axi_periph/m00_couplers/auto_ds/inst/gen_downsizer.gen_simple_downsizer.axi_downsizer_inst/USE_WRITE.write_addr_inst/cmd_queue/inst/fifo_gen_inst/inst_fifo_gen/gconvfifo.rf/grf.rf/rstblk/ngwrdrst.grst.g7serrst.gnsckt_wrst.rst_wr_reg2_inst/arststages_ff_reg[1]/C
                            (rising edge-triggered cell FDPE clocked by clk_fpga_0  {rise@0.000ns fall@5.000ns period=10.000ns})
  Destination:            ps_dpu_i/ps7_0_axi_periph/m00_couplers/auto_ds/inst/gen_downsizer.gen_simple_downsizer.axi_downsizer_inst/USE_WRITE.write_addr_inst/cmd_queue/inst/fifo_gen_inst/inst_fifo_gen/gconvfifo.rf/grf.rf/gntv_or_sync_fifo.gl0.wr/wpntr/gcc0.gc0.count_reg[4]/CLR
                            (recovery check against rising-edge clock clk_fpga_0  {rise@0.000ns fall@5.000ns period=10.000ns})
  Path Group:             **async_default**
  Path Type:              Recovery (Max at Slow Process Corner)
  Requirement:            10.000ns  (clk_fpga_0 rise@10.000ns - clk_fpga_0 rise@0.000ns)
  Data Path Delay:        1.724ns  (logic 0.359ns (20.828%)  route 1.365ns (79.172%))
  Logic Levels:           1  (LUT3=1)
  Clock Path Skew:        -0.042ns (DCD - SCD + CPR)
    Destination Clock Delay (DCD):    2.815ns = ( 12.815 - 10.000 ) 
    Source Clock Delay      (SCD):    3.148ns
    Clock Pessimism Removal (CPR):    0.291ns
  Clock Uncertainty:      0.154ns  ((TSJ^2 + TIJ^2)^1/2 + DJ) / 2 + PE
    Total System Jitter     (TSJ):    0.071ns
    Total Input Jitter      (TIJ):    0.300ns
    Discrete Jitter          (DJ):    0.000ns
    Phase Error              (PE):    0.000ns

    Location             Delay type                Incr(ns)  Path(ns)    Netlist Resource(s)
  -------------------------------------------------------------------    -------------------
                         (clock clk_fpga_0 rise edge)
                                                      0.000     0.000 r  
    PS7_X0Y0             PS7                          0.000     0.000 r  ps_dpu_i/processing_system7_0/inst/PS7_i/FCLKCLK[0]
                         net (fo=1, routed)           1.339     1.339    ps_dpu_i/processing_system7_0/inst/FCLK_CLK_unbuffered[0]
    BUFGCTRL_X0Y16       BUFG (Prop_bufg_I_O)         0.093     1.432 r  ps_dpu_i/processing_system7_0/inst/buffer_fclk_clk_0.FCLK_CLK_0_BUFG/O
                         net (fo=5381, routed)        1.716     3.148    ps_dpu_i/ps7_0_axi_periph/m00_couplers/auto_ds/inst/gen_downsizer.gen_simple_downsizer.axi_downsizer_inst/USE_WRITE.write_addr_inst/cmd_queue/inst/fifo_gen_inst/inst_fifo_gen/gconvfifo.rf/grf.rf/rstblk/ngwrdrst.grst.g7serrst.gnsckt_wrst.rst_wr_reg2_inst/dest_clk
    SLICE_X34Y319        FDPE                                         r  ps_dpu_i/ps7_0_axi_periph/m00_couplers/auto_ds/inst/gen_downsizer.gen_simple_downsizer.axi_downsizer_inst/USE_WRITE.write_addr_inst/cmd_queue/inst/fifo_gen_inst/inst_fifo_gen/gconvfifo.rf/grf.rf/rstblk/ngwrdrst.grst.g7serrst.gnsckt_wrst.rst_wr_reg2_inst/arststages_ff_reg[1]/C
  -------------------------------------------------------------------    -------------------
    SLICE_X34Y319        FDPE (Prop_fdpe_C_Q)         0.236     3.384 f  ps_dpu_i/ps7_0_axi_periph/m00_couplers/auto_ds/inst/gen_downsizer.gen_simple_downsizer.axi_downsizer_inst/USE_WRITE.write_addr_inst/cmd_queue/inst/fifo_gen_inst/inst_fifo_gen/gconvfifo.rf/grf.rf/rstblk/ngwrdrst.grst.g7serrst.gnsckt_wrst.rst_wr_reg2_inst/arststages_ff_reg[1]/Q
                         net (fo=3, routed)           0.443     3.827    ps_dpu_i/ps7_0_axi_periph/m00_couplers/auto_ds/inst/gen_downsizer.gen_simple_downsizer.axi_downsizer_inst/USE_WRITE.write_addr_inst/cmd_queue/inst/fifo_gen_inst/inst_fifo_gen/gconvfifo.rf/grf.rf/rstblk/rst_wr_reg2
    SLICE_X35Y318        LUT3 (Prop_lut3_I2_O)        0.123     3.950 f  ps_dpu_i/ps7_0_axi_periph/m00_couplers/auto_ds/inst/gen_downsizer.gen_simple_downsizer.axi_downsizer_inst/USE_WRITE.write_addr_inst/cmd_queue/inst/fifo_gen_inst/inst_fifo_gen/gconvfifo.rf/grf.rf/rstblk/gc0.count_d1[4]_i_2/O
                         net (fo=32, routed)          0.921     4.872    ps_dpu_i/ps7_0_axi_periph/m00_couplers/auto_ds/inst/gen_downsizer.gen_simple_downsizer.axi_downsizer_inst/USE_WRITE.write_addr_inst/cmd_queue/inst/fifo_gen_inst/inst_fifo_gen/gconvfifo.rf/grf.rf/gntv_or_sync_fifo.gl0.wr/wpntr/AS[0]
    SLICE_X33Y315        FDCE                                         f  ps_dpu_i/ps7_0_axi_periph/m00_couplers/auto_ds/inst/gen_downsizer.gen_simple_downsizer.axi_downsizer_inst/USE_WRITE.write_addr_inst/cmd_queue/inst/fifo_gen_inst/inst_fifo_gen/gconvfifo.rf/grf.rf/gntv_or_sync_fifo.gl0.wr/wpntr/gcc0.gc0.count_reg[4]/CLR
  -------------------------------------------------------------------    -------------------

                         (clock clk_fpga_0 rise edge)
                                                     10.000    10.000 r  
    PS7_X0Y0             PS7                          0.000    10.000 r  ps_dpu_i/processing_system7_0/inst/PS7_i/FCLKCLK[0]
                         net (fo=1, routed)           1.241    11.241    ps_dpu_i/processing_system7_0/inst/FCLK_CLK_unbuffered[0]
    BUFGCTRL_X0Y16       BUFG (Prop_bufg_I_O)         0.083    11.324 r  ps_dpu_i/processing_system7_0/inst/buffer_fclk_clk_0.FCLK_CLK_0_BUFG/O
                         net (fo=5381, routed)        1.491    12.815    ps_dpu_i/ps7_0_axi_periph/m00_couplers/auto_ds/inst/gen_downsizer.gen_simple_downsizer.axi_downsizer_inst/USE_WRITE.write_addr_inst/cmd_queue/inst/fifo_gen_inst/inst_fifo_gen/gconvfifo.rf/grf.rf/gntv_or_sync_fifo.gl0.wr/wpntr/clk
    SLICE_X33Y315        FDCE                                         r  ps_dpu_i/ps7_0_axi_periph/m00_couplers/auto_ds/inst/gen_downsizer.gen_simple_downsizer.axi_downsizer_inst/USE_WRITE.write_addr_inst/cmd_queue/inst/fifo_gen_inst/inst_fifo_gen/gconvfifo.rf/grf.rf/gntv_or_sync_fifo.gl0.wr/wpntr/gcc0.gc0.count_reg[4]/C
                         clock pessimism              0.291    13.106    
                         clock uncertainty           -0.154    12.952    
    SLICE_X33Y315        FDCE (Recov_fdce_C_CLR)     -0.212    12.740    ps_dpu_i/ps7_0_axi_periph/m00_couplers/auto_ds/inst/gen_downsizer.gen_simple_downsizer.axi_downsizer_inst/USE_WRITE.write_addr_inst/cmd_queue/inst/fifo_gen_inst/inst_fifo_gen/gconvfifo.rf/grf.rf/gntv_or_sync_fifo.gl0.wr/wpntr/gcc0.gc0.count_reg[4]
  -------------------------------------------------------------------
                         required time                         12.740    
                         arrival time                          -4.872    
  -------------------------------------------------------------------
                         slack                                  7.868    

Slack (MET) :             7.893ns  (required time - arrival time)
  Source:                 ps_dpu_i/ps7_0_axi_periph/m00_couplers/auto_ds/inst/gen_downsizer.gen_simple_downsizer.axi_downsizer_inst/USE_WRITE.write_addr_inst/cmd_queue/inst/fifo_gen_inst/inst_fifo_gen/gconvfifo.rf/grf.rf/rstblk/ngwrdrst.grst.g7serrst.gnsckt_wrst.rst_wr_reg2_inst/arststages_ff_reg[1]/C
                            (rising edge-triggered cell FDPE clocked by clk_fpga_0  {rise@0.000ns fall@5.000ns period=10.000ns})
  Destination:            ps_dpu_i/ps7_0_axi_periph/m00_couplers/auto_ds/inst/gen_downsizer.gen_simple_downsizer.axi_downsizer_inst/USE_WRITE.write_addr_inst/cmd_queue/inst/fifo_gen_inst/inst_fifo_gen/gconvfifo.rf/grf.rf/gntv_or_sync_fifo.gl0.rd/rpntr/gc0.count_d1_reg[0]/CLR
                            (recovery check against rising-edge clock clk_fpga_0  {rise@0.000ns fall@5.000ns period=10.000ns})
  Path Group:             **async_default**
  Path Type:              Recovery (Max at Slow Process Corner)
  Requirement:            10.000ns  (clk_fpga_0 rise@10.000ns - clk_fpga_0 rise@0.000ns)
  Data Path Delay:        1.724ns  (logic 0.359ns (20.828%)  route 1.365ns (79.172%))
  Logic Levels:           1  (LUT3=1)
  Clock Path Skew:        -0.042ns (DCD - SCD + CPR)
    Destination Clock Delay (DCD):    2.815ns = ( 12.815 - 10.000 ) 
    Source Clock Delay      (SCD):    3.148ns
    Clock Pessimism Removal (CPR):    0.291ns
  Clock Uncertainty:      0.154ns  ((TSJ^2 + TIJ^2)^1/2 + DJ) / 2 + PE
    Total System Jitter     (TSJ):    0.071ns
    Total Input Jitter      (TIJ):    0.300ns
    Discrete Jitter          (DJ):    0.000ns
    Phase Error              (PE):    0.000ns

    Location             Delay type                Incr(ns)  Path(ns)    Netlist Resource(s)
  -------------------------------------------------------------------    -------------------
                         (clock clk_fpga_0 rise edge)
                                                      0.000     0.000 r  
    PS7_X0Y0             PS7                          0.000     0.000 r  ps_dpu_i/processing_system7_0/inst/PS7_i/FCLKCLK[0]
                         net (fo=1, routed)           1.339     1.339    ps_dpu_i/processing_system7_0/inst/FCLK_CLK_unbuffered[0]
    BUFGCTRL_X0Y16       BUFG (Prop_bufg_I_O)         0.093     1.432 r  ps_dpu_i/processing_system7_0/inst/buffer_fclk_clk_0.FCLK_CLK_0_BUFG/O
                         net (fo=5381, routed)        1.716     3.148    ps_dpu_i/ps7_0_axi_periph/m00_couplers/auto_ds/inst/gen_downsizer.gen_simple_downsizer.axi_downsizer_inst/USE_WRITE.write_addr_inst/cmd_queue/inst/fifo_gen_inst/inst_fifo_gen/gconvfifo.rf/grf.rf/rstblk/ngwrdrst.grst.g7serrst.gnsckt_wrst.rst_wr_reg2_inst/dest_clk
    SLICE_X34Y319        FDPE                                         r  ps_dpu_i/ps7_0_axi_periph/m00_couplers/auto_ds/inst/gen_downsizer.gen_simple_downsizer.axi_downsizer_inst/USE_WRITE.write_addr_inst/cmd_queue/inst/fifo_gen_inst/inst_fifo_gen/gconvfifo.rf/grf.rf/rstblk/ngwrdrst.grst.g7serrst.gnsckt_wrst.rst_wr_reg2_inst/arststages_ff_reg[1]/C
  -------------------------------------------------------------------    -------------------
    SLICE_X34Y319        FDPE (Prop_fdpe_C_Q)         0.236     3.384 f  ps_dpu_i/ps7_0_axi_periph/m00_couplers/auto_ds/inst/gen_downsizer.gen_simple_downsizer.axi_downsizer_inst/USE_WRITE.write_addr_inst/cmd_queue/inst/fifo_gen_inst/inst_fifo_gen/gconvfifo.rf/grf.rf/rstblk/ngwrdrst.grst.g7serrst.gnsckt_wrst.rst_wr_reg2_inst/arststages_ff_reg[1]/Q
                         net (fo=3, routed)           0.443     3.827    ps_dpu_i/ps7_0_axi_periph/m00_couplers/auto_ds/inst/gen_downsizer.gen_simple_downsizer.axi_downsizer_inst/USE_WRITE.write_addr_inst/cmd_queue/inst/fifo_gen_inst/inst_fifo_gen/gconvfifo.rf/grf.rf/rstblk/rst_wr_reg2
    SLICE_X35Y318        LUT3 (Prop_lut3_I2_O)        0.123     3.950 f  ps_dpu_i/ps7_0_axi_periph/m00_couplers/auto_ds/inst/gen_downsizer.gen_simple_downsizer.axi_downsizer_inst/USE_WRITE.write_addr_inst/cmd_queue/inst/fifo_gen_inst/inst_fifo_gen/gconvfifo.rf/grf.rf/rstblk/gc0.count_d1[4]_i_2/O
                         net (fo=32, routed)          0.921     4.872    ps_dpu_i/ps7_0_axi_periph/m00_couplers/auto_ds/inst/gen_downsizer.gen_simple_downsizer.axi_downsizer_inst/USE_WRITE.write_addr_inst/cmd_queue/inst/fifo_gen_inst/inst_fifo_gen/gconvfifo.rf/grf.rf/gntv_or_sync_fifo.gl0.rd/rpntr/AR[0]
    SLICE_X32Y315        FDCE                                         f  ps_dpu_i/ps7_0_axi_periph/m00_couplers/auto_ds/inst/gen_downsizer.gen_simple_downsizer.axi_downsizer_inst/USE_WRITE.write_addr_inst/cmd_queue/inst/fifo_gen_inst/inst_fifo_gen/gconvfifo.rf/grf.rf/gntv_or_sync_fifo.gl0.rd/rpntr/gc0.count_d1_reg[0]/CLR
  -------------------------------------------------------------------    -------------------

                         (clock clk_fpga_0 rise edge)
                                                     10.000    10.000 r  
    PS7_X0Y0             PS7                          0.000    10.000 r  ps_dpu_i/processing_system7_0/inst/PS7_i/FCLKCLK[0]
                         net (fo=1, routed)           1.241    11.241    ps_dpu_i/processing_system7_0/inst/FCLK_CLK_unbuffered[0]
    BUFGCTRL_X0Y16       BUFG (Prop_bufg_I_O)         0.083    11.324 r  ps_dpu_i/processing_system7_0/inst/buffer_fclk_clk_0.FCLK_CLK_0_BUFG/O
                         net (fo=5381, routed)        1.491    12.815    ps_dpu_i/ps7_0_axi_periph/m00_couplers/auto_ds/inst/gen_downsizer.gen_simple_downsizer.axi_downsizer_inst/USE_WRITE.write_addr_inst/cmd_queue/inst/fifo_gen_inst/inst_fifo_gen/gconvfifo.rf/grf.rf/gntv_or_sync_fifo.gl0.rd/rpntr/clk
    SLICE_X32Y315        FDCE                                         r  ps_dpu_i/ps7_0_axi_periph/m00_couplers/auto_ds/inst/gen_downsizer.gen_simple_downsizer.axi_downsizer_inst/USE_WRITE.write_addr_inst/cmd_queue/inst/fifo_gen_inst/inst_fifo_gen/gconvfifo.rf/grf.rf/gntv_or_sync_fifo.gl0.rd/rpntr/gc0.count_d1_reg[0]/C
                         clock pessimism              0.291    13.106    
                         clock uncertainty           -0.154    12.952    
    SLICE_X32Y315        FDCE (Recov_fdce_C_CLR)     -0.187    12.765    ps_dpu_i/ps7_0_axi_periph/m00_couplers/auto_ds/inst/gen_downsizer.gen_simple_downsizer.axi_downsizer_inst/USE_WRITE.write_addr_inst/cmd_queue/inst/fifo_gen_inst/inst_fifo_gen/gconvfifo.rf/grf.rf/gntv_or_sync_fifo.gl0.rd/rpntr/gc0.count_d1_reg[0]
  -------------------------------------------------------------------
                         required time                         12.765    
                         arrival time                          -4.872    
  -------------------------------------------------------------------
                         slack                                  7.893    

Slack (MET) :             7.893ns  (required time - arrival time)
  Source:                 ps_dpu_i/ps7_0_axi_periph/m00_couplers/auto_ds/inst/gen_downsizer.gen_simple_downsizer.axi_downsizer_inst/USE_WRITE.write_addr_inst/cmd_queue/inst/fifo_gen_inst/inst_fifo_gen/gconvfifo.rf/grf.rf/rstblk/ngwrdrst.grst.g7serrst.gnsckt_wrst.rst_wr_reg2_inst/arststages_ff_reg[1]/C
                            (rising edge-triggered cell FDPE clocked by clk_fpga_0  {rise@0.000ns fall@5.000ns period=10.000ns})
  Destination:            ps_dpu_i/ps7_0_axi_periph/m00_couplers/auto_ds/inst/gen_downsizer.gen_simple_downsizer.axi_downsizer_inst/USE_WRITE.write_addr_inst/cmd_queue/inst/fifo_gen_inst/inst_fifo_gen/gconvfifo.rf/grf.rf/gntv_or_sync_fifo.gl0.rd/rpntr/gc0.count_reg[0]/PRE
                            (recovery check against rising-edge clock clk_fpga_0  {rise@0.000ns fall@5.000ns period=10.000ns})
  Path Group:             **async_default**
  Path Type:              Recovery (Max at Slow Process Corner)
  Requirement:            10.000ns  (clk_fpga_0 rise@10.000ns - clk_fpga_0 rise@0.000ns)
  Data Path Delay:        1.724ns  (logic 0.359ns (20.828%)  route 1.365ns (79.172%))
  Logic Levels:           1  (LUT3=1)
  Clock Path Skew:        -0.042ns (DCD - SCD + CPR)
    Destination Clock Delay (DCD):    2.815ns = ( 12.815 - 10.000 ) 
    Source Clock Delay      (SCD):    3.148ns
    Clock Pessimism Removal (CPR):    0.291ns
  Clock Uncertainty:      0.154ns  ((TSJ^2 + TIJ^2)^1/2 + DJ) / 2 + PE
    Total System Jitter     (TSJ):    0.071ns
    Total Input Jitter      (TIJ):    0.300ns
    Discrete Jitter          (DJ):    0.000ns
    Phase Error              (PE):    0.000ns

    Location             Delay type                Incr(ns)  Path(ns)    Netlist Resource(s)
  -------------------------------------------------------------------    -------------------
                         (clock clk_fpga_0 rise edge)
                                                      0.000     0.000 r  
    PS7_X0Y0             PS7                          0.000     0.000 r  ps_dpu_i/processing_system7_0/inst/PS7_i/FCLKCLK[0]
                         net (fo=1, routed)           1.339     1.339    ps_dpu_i/processing_system7_0/inst/FCLK_CLK_unbuffered[0]
    BUFGCTRL_X0Y16       BUFG (Prop_bufg_I_O)         0.093     1.432 r  ps_dpu_i/processing_system7_0/inst/buffer_fclk_clk_0.FCLK_CLK_0_BUFG/O
                         net (fo=5381, routed)        1.716     3.148    ps_dpu_i/ps7_0_axi_periph/m00_couplers/auto_ds/inst/gen_downsizer.gen_simple_downsizer.axi_downsizer_inst/USE_WRITE.write_addr_inst/cmd_queue/inst/fifo_gen_inst/inst_fifo_gen/gconvfifo.rf/grf.rf/rstblk/ngwrdrst.grst.g7serrst.gnsckt_wrst.rst_wr_reg2_inst/dest_clk
    SLICE_X34Y319        FDPE                                         r  ps_dpu_i/ps7_0_axi_periph/m00_couplers/auto_ds/inst/gen_downsizer.gen_simple_downsizer.axi_downsizer_inst/USE_WRITE.write_addr_inst/cmd_queue/inst/fifo_gen_inst/inst_fifo_gen/gconvfifo.rf/grf.rf/rstblk/ngwrdrst.grst.g7serrst.gnsckt_wrst.rst_wr_reg2_inst/arststages_ff_reg[1]/C
  -------------------------------------------------------------------    -------------------
    SLICE_X34Y319        FDPE (Prop_fdpe_C_Q)         0.236     3.384 f  ps_dpu_i/ps7_0_axi_periph/m00_couplers/auto_ds/inst/gen_downsizer.gen_simple_downsizer.axi_downsizer_inst/USE_WRITE.write_addr_inst/cmd_queue/inst/fifo_gen_inst/inst_fifo_gen/gconvfifo.rf/grf.rf/rstblk/ngwrdrst.grst.g7serrst.gnsckt_wrst.rst_wr_reg2_inst/arststages_ff_reg[1]/Q
                         net (fo=3, routed)           0.443     3.827    ps_dpu_i/ps7_0_axi_periph/m00_couplers/auto_ds/inst/gen_downsizer.gen_simple_downsizer.axi_downsizer_inst/USE_WRITE.write_addr_inst/cmd_queue/inst/fifo_gen_inst/inst_fifo_gen/gconvfifo.rf/grf.rf/rstblk/rst_wr_reg2
    SLICE_X35Y318        LUT3 (Prop_lut3_I2_O)        0.123     3.950 f  ps_dpu_i/ps7_0_axi_periph/m00_couplers/auto_ds/inst/gen_downsizer.gen_simple_downsizer.axi_downsizer_inst/USE_WRITE.write_addr_inst/cmd_queue/inst/fifo_gen_inst/inst_fifo_gen/gconvfifo.rf/grf.rf/rstblk/gc0.count_d1[4]_i_2/O
                         net (fo=32, routed)          0.921     4.872    ps_dpu_i/ps7_0_axi_periph/m00_couplers/auto_ds/inst/gen_downsizer.gen_simple_downsizer.axi_downsizer_inst/USE_WRITE.write_addr_inst/cmd_queue/inst/fifo_gen_inst/inst_fifo_gen/gconvfifo.rf/grf.rf/gntv_or_sync_fifo.gl0.rd/rpntr/AR[0]
    SLICE_X32Y315        FDPE                                         f  ps_dpu_i/ps7_0_axi_periph/m00_couplers/auto_ds/inst/gen_downsizer.gen_simple_downsizer.axi_downsizer_inst/USE_WRITE.write_addr_inst/cmd_queue/inst/fifo_gen_inst/inst_fifo_gen/gconvfifo.rf/grf.rf/gntv_or_sync_fifo.gl0.rd/rpntr/gc0.count_reg[0]/PRE
  -------------------------------------------------------------------    -------------------

                         (clock clk_fpga_0 rise edge)
                                                     10.000    10.000 r  
    PS7_X0Y0             PS7                          0.000    10.000 r  ps_dpu_i/processing_system7_0/inst/PS7_i/FCLKCLK[0]
                         net (fo=1, routed)           1.241    11.241    ps_dpu_i/processing_system7_0/inst/FCLK_CLK_unbuffered[0]
    BUFGCTRL_X0Y16       BUFG (Prop_bufg_I_O)         0.083    11.324 r  ps_dpu_i/processing_system7_0/inst/buffer_fclk_clk_0.FCLK_CLK_0_BUFG/O
                         net (fo=5381, routed)        1.491    12.815    ps_dpu_i/ps7_0_axi_periph/m00_couplers/auto_ds/inst/gen_downsizer.gen_simple_downsizer.axi_downsizer_inst/USE_WRITE.write_addr_inst/cmd_queue/inst/fifo_gen_inst/inst_fifo_gen/gconvfifo.rf/grf.rf/gntv_or_sync_fifo.gl0.rd/rpntr/clk
    SLICE_X32Y315        FDPE                                         r  ps_dpu_i/ps7_0_axi_periph/m00_couplers/auto_ds/inst/gen_downsizer.gen_simple_downsizer.axi_downsizer_inst/USE_WRITE.write_addr_inst/cmd_queue/inst/fifo_gen_inst/inst_fifo_gen/gconvfifo.rf/grf.rf/gntv_or_sync_fifo.gl0.rd/rpntr/gc0.count_reg[0]/C
                         clock pessimism              0.291    13.106    
                         clock uncertainty           -0.154    12.952    
    SLICE_X32Y315        FDPE (Recov_fdpe_C_PRE)     -0.187    12.765    ps_dpu_i/ps7_0_axi_periph/m00_couplers/auto_ds/inst/gen_downsizer.gen_simple_downsizer.axi_downsizer_inst/USE_WRITE.write_addr_inst/cmd_queue/inst/fifo_gen_inst/inst_fifo_gen/gconvfifo.rf/grf.rf/gntv_or_sync_fifo.gl0.rd/rpntr/gc0.count_reg[0]
  -------------------------------------------------------------------
                         required time                         12.765    
                         arrival time                          -4.872    
  -------------------------------------------------------------------
                         slack                                  7.893    

Slack (MET) :             7.893ns  (required time - arrival time)
  Source:                 ps_dpu_i/ps7_0_axi_periph/m00_couplers/auto_ds/inst/gen_downsizer.gen_simple_downsizer.axi_downsizer_inst/USE_WRITE.write_addr_inst/cmd_queue/inst/fifo_gen_inst/inst_fifo_gen/gconvfifo.rf/grf.rf/rstblk/ngwrdrst.grst.g7serrst.gnsckt_wrst.rst_wr_reg2_inst/arststages_ff_reg[1]/C
                            (rising edge-triggered cell FDPE clocked by clk_fpga_0  {rise@0.000ns fall@5.000ns period=10.000ns})
  Destination:            ps_dpu_i/ps7_0_axi_periph/m00_couplers/auto_ds/inst/gen_downsizer.gen_simple_downsizer.axi_downsizer_inst/USE_WRITE.write_addr_inst/cmd_queue/inst/fifo_gen_inst/inst_fifo_gen/gconvfifo.rf/grf.rf/gntv_or_sync_fifo.gl0.rd/rpntr/gc0.count_reg[2]/CLR
                            (recovery check against rising-edge clock clk_fpga_0  {rise@0.000ns fall@5.000ns period=10.000ns})
  Path Group:             **async_default**
  Path Type:              Recovery (Max at Slow Process Corner)
  Requirement:            10.000ns  (clk_fpga_0 rise@10.000ns - clk_fpga_0 rise@0.000ns)
  Data Path Delay:        1.724ns  (logic 0.359ns (20.828%)  route 1.365ns (79.172%))
  Logic Levels:           1  (LUT3=1)
  Clock Path Skew:        -0.042ns (DCD - SCD + CPR)
    Destination Clock Delay (DCD):    2.815ns = ( 12.815 - 10.000 ) 
    Source Clock Delay      (SCD):    3.148ns
    Clock Pessimism Removal (CPR):    0.291ns
  Clock Uncertainty:      0.154ns  ((TSJ^2 + TIJ^2)^1/2 + DJ) / 2 + PE
    Total System Jitter     (TSJ):    0.071ns
    Total Input Jitter      (TIJ):    0.300ns
    Discrete Jitter          (DJ):    0.000ns
    Phase Error              (PE):    0.000ns

    Location             Delay type                Incr(ns)  Path(ns)    Netlist Resource(s)
  -------------------------------------------------------------------    -------------------
                         (clock clk_fpga_0 rise edge)
                                                      0.000     0.000 r  
    PS7_X0Y0             PS7                          0.000     0.000 r  ps_dpu_i/processing_system7_0/inst/PS7_i/FCLKCLK[0]
                         net (fo=1, routed)           1.339     1.339    ps_dpu_i/processing_system7_0/inst/FCLK_CLK_unbuffered[0]
    BUFGCTRL_X0Y16       BUFG (Prop_bufg_I_O)         0.093     1.432 r  ps_dpu_i/processing_system7_0/inst/buffer_fclk_clk_0.FCLK_CLK_0_BUFG/O
                         net (fo=5381, routed)        1.716     3.148    ps_dpu_i/ps7_0_axi_periph/m00_couplers/auto_ds/inst/gen_downsizer.gen_simple_downsizer.axi_downsizer_inst/USE_WRITE.write_addr_inst/cmd_queue/inst/fifo_gen_inst/inst_fifo_gen/gconvfifo.rf/grf.rf/rstblk/ngwrdrst.grst.g7serrst.gnsckt_wrst.rst_wr_reg2_inst/dest_clk
    SLICE_X34Y319        FDPE                                         r  ps_dpu_i/ps7_0_axi_periph/m00_couplers/auto_ds/inst/gen_downsizer.gen_simple_downsizer.axi_downsizer_inst/USE_WRITE.write_addr_inst/cmd_queue/inst/fifo_gen_inst/inst_fifo_gen/gconvfifo.rf/grf.rf/rstblk/ngwrdrst.grst.g7serrst.gnsckt_wrst.rst_wr_reg2_inst/arststages_ff_reg[1]/C
  -------------------------------------------------------------------    -------------------
    SLICE_X34Y319        FDPE (Prop_fdpe_C_Q)         0.236     3.384 f  ps_dpu_i/ps7_0_axi_periph/m00_couplers/auto_ds/inst/gen_downsizer.gen_simple_downsizer.axi_downsizer_inst/USE_WRITE.write_addr_inst/cmd_queue/inst/fifo_gen_inst/inst_fifo_gen/gconvfifo.rf/grf.rf/rstblk/ngwrdrst.grst.g7serrst.gnsckt_wrst.rst_wr_reg2_inst/arststages_ff_reg[1]/Q
                         net (fo=3, routed)           0.443     3.827    ps_dpu_i/ps7_0_axi_periph/m00_couplers/auto_ds/inst/gen_downsizer.gen_simple_downsizer.axi_downsizer_inst/USE_WRITE.write_addr_inst/cmd_queue/inst/fifo_gen_inst/inst_fifo_gen/gconvfifo.rf/grf.rf/rstblk/rst_wr_reg2
    SLICE_X35Y318        LUT3 (Prop_lut3_I2_O)        0.123     3.950 f  ps_dpu_i/ps7_0_axi_periph/m00_couplers/auto_ds/inst/gen_downsizer.gen_simple_downsizer.axi_downsizer_inst/USE_WRITE.write_addr_inst/cmd_queue/inst/fifo_gen_inst/inst_fifo_gen/gconvfifo.rf/grf.rf/rstblk/gc0.count_d1[4]_i_2/O
                         net (fo=32, routed)          0.921     4.872    ps_dpu_i/ps7_0_axi_periph/m00_couplers/auto_ds/inst/gen_downsizer.gen_simple_downsizer.axi_downsizer_inst/USE_WRITE.write_addr_inst/cmd_queue/inst/fifo_gen_inst/inst_fifo_gen/gconvfifo.rf/grf.rf/gntv_or_sync_fifo.gl0.rd/rpntr/AR[0]
    SLICE_X32Y315        FDCE                                         f  ps_dpu_i/ps7_0_axi_periph/m00_couplers/auto_ds/inst/gen_downsizer.gen_simple_downsizer.axi_downsizer_inst/USE_WRITE.write_addr_inst/cmd_queue/inst/fifo_gen_inst/inst_fifo_gen/gconvfifo.rf/grf.rf/gntv_or_sync_fifo.gl0.rd/rpntr/gc0.count_reg[2]/CLR
  -------------------------------------------------------------------    -------------------

                         (clock clk_fpga_0 rise edge)
                                                     10.000    10.000 r  
    PS7_X0Y0             PS7                          0.000    10.000 r  ps_dpu_i/processing_system7_0/inst/PS7_i/FCLKCLK[0]
                         net (fo=1, routed)           1.241    11.241    ps_dpu_i/processing_system7_0/inst/FCLK_CLK_unbuffered[0]
    BUFGCTRL_X0Y16       BUFG (Prop_bufg_I_O)         0.083    11.324 r  ps_dpu_i/processing_system7_0/inst/buffer_fclk_clk_0.FCLK_CLK_0_BUFG/O
                         net (fo=5381, routed)        1.491    12.815    ps_dpu_i/ps7_0_axi_periph/m00_couplers/auto_ds/inst/gen_downsizer.gen_simple_downsizer.axi_downsizer_inst/USE_WRITE.write_addr_inst/cmd_queue/inst/fifo_gen_inst/inst_fifo_gen/gconvfifo.rf/grf.rf/gntv_or_sync_fifo.gl0.rd/rpntr/clk
    SLICE_X32Y315        FDCE                                         r  ps_dpu_i/ps7_0_axi_periph/m00_couplers/auto_ds/inst/gen_downsizer.gen_simple_downsizer.axi_downsizer_inst/USE_WRITE.write_addr_inst/cmd_queue/inst/fifo_gen_inst/inst_fifo_gen/gconvfifo.rf/grf.rf/gntv_or_sync_fifo.gl0.rd/rpntr/gc0.count_reg[2]/C
                         clock pessimism              0.291    13.106    
                         clock uncertainty           -0.154    12.952    
    SLICE_X32Y315        FDCE (Recov_fdce_C_CLR)     -0.187    12.765    ps_dpu_i/ps7_0_axi_periph/m00_couplers/auto_ds/inst/gen_downsizer.gen_simple_downsizer.axi_downsizer_inst/USE_WRITE.write_addr_inst/cmd_queue/inst/fifo_gen_inst/inst_fifo_gen/gconvfifo.rf/grf.rf/gntv_or_sync_fifo.gl0.rd/rpntr/gc0.count_reg[2]
  -------------------------------------------------------------------
                         required time                         12.765    
                         arrival time                          -4.872    
  -------------------------------------------------------------------
                         slack                                  7.893    

Slack (MET) :             7.926ns  (required time - arrival time)
  Source:                 ps_dpu_i/ps7_0_axi_periph/m00_couplers/auto_ds/inst/gen_downsizer.gen_simple_downsizer.axi_downsizer_inst/USE_WRITE.write_addr_inst/cmd_queue/inst/fifo_gen_inst/inst_fifo_gen/gconvfifo.rf/grf.rf/rstblk/ngwrdrst.grst.g7serrst.gnsckt_wrst.rst_wr_reg2_inst/arststages_ff_reg[1]/C
                            (rising edge-triggered cell FDPE clocked by clk_fpga_0  {rise@0.000ns fall@5.000ns period=10.000ns})
  Destination:            ps_dpu_i/ps7_0_axi_periph/m00_couplers/auto_ds/inst/gen_downsizer.gen_simple_downsizer.axi_downsizer_inst/USE_WRITE.write_addr_inst/cmd_queue/inst/fifo_gen_inst/inst_fifo_gen/gconvfifo.rf/grf.rf/gntv_or_sync_fifo.gl0.rd/rpntr/gc0.count_d1_reg[1]/CLR
                            (recovery check against rising-edge clock clk_fpga_0  {rise@0.000ns fall@5.000ns period=10.000ns})
  Path Group:             **async_default**
  Path Type:              Recovery (Max at Slow Process Corner)
  Requirement:            10.000ns  (clk_fpga_0 rise@10.000ns - clk_fpga_0 rise@0.000ns)
  Data Path Delay:        1.724ns  (logic 0.359ns (20.828%)  route 1.365ns (79.172%))
  Logic Levels:           1  (LUT3=1)
  Clock Path Skew:        -0.042ns (DCD - SCD + CPR)
    Destination Clock Delay (DCD):    2.815ns = ( 12.815 - 10.000 ) 
    Source Clock Delay      (SCD):    3.148ns
    Clock Pessimism Removal (CPR):    0.291ns
  Clock Uncertainty:      0.154ns  ((TSJ^2 + TIJ^2)^1/2 + DJ) / 2 + PE
    Total System Jitter     (TSJ):    0.071ns
    Total Input Jitter      (TIJ):    0.300ns
    Discrete Jitter          (DJ):    0.000ns
    Phase Error              (PE):    0.000ns

    Location             Delay type                Incr(ns)  Path(ns)    Netlist Resource(s)
  -------------------------------------------------------------------    -------------------
                         (clock clk_fpga_0 rise edge)
                                                      0.000     0.000 r  
    PS7_X0Y0             PS7                          0.000     0.000 r  ps_dpu_i/processing_system7_0/inst/PS7_i/FCLKCLK[0]
                         net (fo=1, routed)           1.339     1.339    ps_dpu_i/processing_system7_0/inst/FCLK_CLK_unbuffered[0]
    BUFGCTRL_X0Y16       BUFG (Prop_bufg_I_O)         0.093     1.432 r  ps_dpu_i/processing_system7_0/inst/buffer_fclk_clk_0.FCLK_CLK_0_BUFG/O
                         net (fo=5381, routed)        1.716     3.148    ps_dpu_i/ps7_0_axi_periph/m00_couplers/auto_ds/inst/gen_downsizer.gen_simple_downsizer.axi_downsizer_inst/USE_WRITE.write_addr_inst/cmd_queue/inst/fifo_gen_inst/inst_fifo_gen/gconvfifo.rf/grf.rf/rstblk/ngwrdrst.grst.g7serrst.gnsckt_wrst.rst_wr_reg2_inst/dest_clk
    SLICE_X34Y319        FDPE                                         r  ps_dpu_i/ps7_0_axi_periph/m00_couplers/auto_ds/inst/gen_downsizer.gen_simple_downsizer.axi_downsizer_inst/USE_WRITE.write_addr_inst/cmd_queue/inst/fifo_gen_inst/inst_fifo_gen/gconvfifo.rf/grf.rf/rstblk/ngwrdrst.grst.g7serrst.gnsckt_wrst.rst_wr_reg2_inst/arststages_ff_reg[1]/C
  -------------------------------------------------------------------    -------------------
    SLICE_X34Y319        FDPE (Prop_fdpe_C_Q)         0.236     3.384 f  ps_dpu_i/ps7_0_axi_periph/m00_couplers/auto_ds/inst/gen_downsizer.gen_simple_downsizer.axi_downsizer_inst/USE_WRITE.write_addr_inst/cmd_queue/inst/fifo_gen_inst/inst_fifo_gen/gconvfifo.rf/grf.rf/rstblk/ngwrdrst.grst.g7serrst.gnsckt_wrst.rst_wr_reg2_inst/arststages_ff_reg[1]/Q
                         net (fo=3, routed)           0.443     3.827    ps_dpu_i/ps7_0_axi_periph/m00_couplers/auto_ds/inst/gen_downsizer.gen_simple_downsizer.axi_downsizer_inst/USE_WRITE.write_addr_inst/cmd_queue/inst/fifo_gen_inst/inst_fifo_gen/gconvfifo.rf/grf.rf/rstblk/rst_wr_reg2
    SLICE_X35Y318        LUT3 (Prop_lut3_I2_O)        0.123     3.950 f  ps_dpu_i/ps7_0_axi_periph/m00_couplers/auto_ds/inst/gen_downsizer.gen_simple_downsizer.axi_downsizer_inst/USE_WRITE.write_addr_inst/cmd_queue/inst/fifo_gen_inst/inst_fifo_gen/gconvfifo.rf/grf.rf/rstblk/gc0.count_d1[4]_i_2/O
                         net (fo=32, routed)          0.921     4.872    ps_dpu_i/ps7_0_axi_periph/m00_couplers/auto_ds/inst/gen_downsizer.gen_simple_downsizer.axi_downsizer_inst/USE_WRITE.write_addr_inst/cmd_queue/inst/fifo_gen_inst/inst_fifo_gen/gconvfifo.rf/grf.rf/gntv_or_sync_fifo.gl0.rd/rpntr/AR[0]
    SLICE_X32Y315        FDCE                                         f  ps_dpu_i/ps7_0_axi_periph/m00_couplers/auto_ds/inst/gen_downsizer.gen_simple_downsizer.axi_downsizer_inst/USE_WRITE.write_addr_inst/cmd_queue/inst/fifo_gen_inst/inst_fifo_gen/gconvfifo.rf/grf.rf/gntv_or_sync_fifo.gl0.rd/rpntr/gc0.count_d1_reg[1]/CLR
  -------------------------------------------------------------------    -------------------

                         (clock clk_fpga_0 rise edge)
                                                     10.000    10.000 r  
    PS7_X0Y0             PS7                          0.000    10.000 r  ps_dpu_i/processing_system7_0/inst/PS7_i/FCLKCLK[0]
                         net (fo=1, routed)           1.241    11.241    ps_dpu_i/processing_system7_0/inst/FCLK_CLK_unbuffered[0]
    BUFGCTRL_X0Y16       BUFG (Prop_bufg_I_O)         0.083    11.324 r  ps_dpu_i/processing_system7_0/inst/buffer_fclk_clk_0.FCLK_CLK_0_BUFG/O
                         net (fo=5381, routed)        1.491    12.815    ps_dpu_i/ps7_0_axi_periph/m00_couplers/auto_ds/inst/gen_downsizer.gen_simple_downsizer.axi_downsizer_inst/USE_WRITE.write_addr_inst/cmd_queue/inst/fifo_gen_inst/inst_fifo_gen/gconvfifo.rf/grf.rf/gntv_or_sync_fifo.gl0.rd/rpntr/clk
    SLICE_X32Y315        FDCE                                         r  ps_dpu_i/ps7_0_axi_periph/m00_couplers/auto_ds/inst/gen_downsizer.gen_simple_downsizer.axi_downsizer_inst/USE_WRITE.write_addr_inst/cmd_queue/inst/fifo_gen_inst/inst_fifo_gen/gconvfifo.rf/grf.rf/gntv_or_sync_fifo.gl0.rd/rpntr/gc0.count_d1_reg[1]/C
                         clock pessimism              0.291    13.106    
                         clock uncertainty           -0.154    12.952    
    SLICE_X32Y315        FDCE (Recov_fdce_C_CLR)     -0.154    12.798    ps_dpu_i/ps7_0_axi_periph/m00_couplers/auto_ds/inst/gen_downsizer.gen_simple_downsizer.axi_downsizer_inst/USE_WRITE.write_addr_inst/cmd_queue/inst/fifo_gen_inst/inst_fifo_gen/gconvfifo.rf/grf.rf/gntv_or_sync_fifo.gl0.rd/rpntr/gc0.count_d1_reg[1]
  -------------------------------------------------------------------
                         required time                         12.798    
                         arrival time                          -4.872    
  -------------------------------------------------------------------
                         slack                                  7.926    

Slack (MET) :             7.926ns  (required time - arrival time)
  Source:                 ps_dpu_i/ps7_0_axi_periph/m00_couplers/auto_ds/inst/gen_downsizer.gen_simple_downsizer.axi_downsizer_inst/USE_WRITE.write_addr_inst/cmd_queue/inst/fifo_gen_inst/inst_fifo_gen/gconvfifo.rf/grf.rf/rstblk/ngwrdrst.grst.g7serrst.gnsckt_wrst.rst_wr_reg2_inst/arststages_ff_reg[1]/C
                            (rising edge-triggered cell FDPE clocked by clk_fpga_0  {rise@0.000ns fall@5.000ns period=10.000ns})
  Destination:            ps_dpu_i/ps7_0_axi_periph/m00_couplers/auto_ds/inst/gen_downsizer.gen_simple_downsizer.axi_downsizer_inst/USE_WRITE.write_addr_inst/cmd_queue/inst/fifo_gen_inst/inst_fifo_gen/gconvfifo.rf/grf.rf/gntv_or_sync_fifo.gl0.rd/rpntr/gc0.count_reg[1]/CLR
                            (recovery check against rising-edge clock clk_fpga_0  {rise@0.000ns fall@5.000ns period=10.000ns})
  Path Group:             **async_default**
  Path Type:              Recovery (Max at Slow Process Corner)
  Requirement:            10.000ns  (clk_fpga_0 rise@10.000ns - clk_fpga_0 rise@0.000ns)
  Data Path Delay:        1.724ns  (logic 0.359ns (20.828%)  route 1.365ns (79.172%))
  Logic Levels:           1  (LUT3=1)
  Clock Path Skew:        -0.042ns (DCD - SCD + CPR)
    Destination Clock Delay (DCD):    2.815ns = ( 12.815 - 10.000 ) 
    Source Clock Delay      (SCD):    3.148ns
    Clock Pessimism Removal (CPR):    0.291ns
  Clock Uncertainty:      0.154ns  ((TSJ^2 + TIJ^2)^1/2 + DJ) / 2 + PE
    Total System Jitter     (TSJ):    0.071ns
    Total Input Jitter      (TIJ):    0.300ns
    Discrete Jitter          (DJ):    0.000ns
    Phase Error              (PE):    0.000ns

    Location             Delay type                Incr(ns)  Path(ns)    Netlist Resource(s)
  -------------------------------------------------------------------    -------------------
                         (clock clk_fpga_0 rise edge)
                                                      0.000     0.000 r  
    PS7_X0Y0             PS7                          0.000     0.000 r  ps_dpu_i/processing_system7_0/inst/PS7_i/FCLKCLK[0]
                         net (fo=1, routed)           1.339     1.339    ps_dpu_i/processing_system7_0/inst/FCLK_CLK_unbuffered[0]
    BUFGCTRL_X0Y16       BUFG (Prop_bufg_I_O)         0.093     1.432 r  ps_dpu_i/processing_system7_0/inst/buffer_fclk_clk_0.FCLK_CLK_0_BUFG/O
                         net (fo=5381, routed)        1.716     3.148    ps_dpu_i/ps7_0_axi_periph/m00_couplers/auto_ds/inst/gen_downsizer.gen_simple_downsizer.axi_downsizer_inst/USE_WRITE.write_addr_inst/cmd_queue/inst/fifo_gen_inst/inst_fifo_gen/gconvfifo.rf/grf.rf/rstblk/ngwrdrst.grst.g7serrst.gnsckt_wrst.rst_wr_reg2_inst/dest_clk
    SLICE_X34Y319        FDPE                                         r  ps_dpu_i/ps7_0_axi_periph/m00_couplers/auto_ds/inst/gen_downsizer.gen_simple_downsizer.axi_downsizer_inst/USE_WRITE.write_addr_inst/cmd_queue/inst/fifo_gen_inst/inst_fifo_gen/gconvfifo.rf/grf.rf/rstblk/ngwrdrst.grst.g7serrst.gnsckt_wrst.rst_wr_reg2_inst/arststages_ff_reg[1]/C
  -------------------------------------------------------------------    -------------------
    SLICE_X34Y319        FDPE (Prop_fdpe_C_Q)         0.236     3.384 f  ps_dpu_i/ps7_0_axi_periph/m00_couplers/auto_ds/inst/gen_downsizer.gen_simple_downsizer.axi_downsizer_inst/USE_WRITE.write_addr_inst/cmd_queue/inst/fifo_gen_inst/inst_fifo_gen/gconvfifo.rf/grf.rf/rstblk/ngwrdrst.grst.g7serrst.gnsckt_wrst.rst_wr_reg2_inst/arststages_ff_reg[1]/Q
                         net (fo=3, routed)           0.443     3.827    ps_dpu_i/ps7_0_axi_periph/m00_couplers/auto_ds/inst/gen_downsizer.gen_simple_downsizer.axi_downsizer_inst/USE_WRITE.write_addr_inst/cmd_queue/inst/fifo_gen_inst/inst_fifo_gen/gconvfifo.rf/grf.rf/rstblk/rst_wr_reg2
    SLICE_X35Y318        LUT3 (Prop_lut3_I2_O)        0.123     3.950 f  ps_dpu_i/ps7_0_axi_periph/m00_couplers/auto_ds/inst/gen_downsizer.gen_simple_downsizer.axi_downsizer_inst/USE_WRITE.write_addr_inst/cmd_queue/inst/fifo_gen_inst/inst_fifo_gen/gconvfifo.rf/grf.rf/rstblk/gc0.count_d1[4]_i_2/O
                         net (fo=32, routed)          0.921     4.872    ps_dpu_i/ps7_0_axi_periph/m00_couplers/auto_ds/inst/gen_downsizer.gen_simple_downsizer.axi_downsizer_inst/USE_WRITE.write_addr_inst/cmd_queue/inst/fifo_gen_inst/inst_fifo_gen/gconvfifo.rf/grf.rf/gntv_or_sync_fifo.gl0.rd/rpntr/AR[0]
    SLICE_X32Y315        FDCE                                         f  ps_dpu_i/ps7_0_axi_periph/m00_couplers/auto_ds/inst/gen_downsizer.gen_simple_downsizer.axi_downsizer_inst/USE_WRITE.write_addr_inst/cmd_queue/inst/fifo_gen_inst/inst_fifo_gen/gconvfifo.rf/grf.rf/gntv_or_sync_fifo.gl0.rd/rpntr/gc0.count_reg[1]/CLR
  -------------------------------------------------------------------    -------------------

                         (clock clk_fpga_0 rise edge)
                                                     10.000    10.000 r  
    PS7_X0Y0             PS7                          0.000    10.000 r  ps_dpu_i/processing_system7_0/inst/PS7_i/FCLKCLK[0]
                         net (fo=1, routed)           1.241    11.241    ps_dpu_i/processing_system7_0/inst/FCLK_CLK_unbuffered[0]
    BUFGCTRL_X0Y16       BUFG (Prop_bufg_I_O)         0.083    11.324 r  ps_dpu_i/processing_system7_0/inst/buffer_fclk_clk_0.FCLK_CLK_0_BUFG/O
                         net (fo=5381, routed)        1.491    12.815    ps_dpu_i/ps7_0_axi_periph/m00_couplers/auto_ds/inst/gen_downsizer.gen_simple_downsizer.axi_downsizer_inst/USE_WRITE.write_addr_inst/cmd_queue/inst/fifo_gen_inst/inst_fifo_gen/gconvfifo.rf/grf.rf/gntv_or_sync_fifo.gl0.rd/rpntr/clk
    SLICE_X32Y315        FDCE                                         r  ps_dpu_i/ps7_0_axi_periph/m00_couplers/auto_ds/inst/gen_downsizer.gen_simple_downsizer.axi_downsizer_inst/USE_WRITE.write_addr_inst/cmd_queue/inst/fifo_gen_inst/inst_fifo_gen/gconvfifo.rf/grf.rf/gntv_or_sync_fifo.gl0.rd/rpntr/gc0.count_reg[1]/C
                         clock pessimism              0.291    13.106    
                         clock uncertainty           -0.154    12.952    
    SLICE_X32Y315        FDCE (Recov_fdce_C_CLR)     -0.154    12.798    ps_dpu_i/ps7_0_axi_periph/m00_couplers/auto_ds/inst/gen_downsizer.gen_simple_downsizer.axi_downsizer_inst/USE_WRITE.write_addr_inst/cmd_queue/inst/fifo_gen_inst/inst_fifo_gen/gconvfifo.rf/grf.rf/gntv_or_sync_fifo.gl0.rd/rpntr/gc0.count_reg[1]
  -------------------------------------------------------------------
                         required time                         12.798    
                         arrival time                          -4.872    
  -------------------------------------------------------------------
                         slack                                  7.926    





Min Delay Paths
--------------------------------------------------------------------------------------
Slack (MET) :             0.419ns  (arrival time - required time)
  Source:                 ps_dpu_i/ps7_0_axi_periph/m00_couplers/auto_ds/inst/gen_downsizer.gen_simple_downsizer.axi_downsizer_inst/USE_WRITE.write_addr_inst/cmd_queue/inst/fifo_gen_inst/inst_fifo_gen/gconvfifo.rf/grf.rf/rstblk/ngwrdrst.grst.g7serrst.gnsckt_wrst.gcc_rst.sckt_wr_rst_cc_reg[1]/C
                            (rising edge-triggered cell FDRE clocked by clk_fpga_0  {rise@0.000ns fall@5.000ns period=10.000ns})
  Destination:            ps_dpu_i/ps7_0_axi_periph/m00_couplers/auto_ds/inst/gen_downsizer.gen_simple_downsizer.axi_downsizer_inst/USE_WRITE.write_addr_inst/cmd_queue/inst/fifo_gen_inst/inst_fifo_gen/gconvfifo.rf/grf.rf/gntv_or_sync_fifo.gl0.rd/gr1.gr1_int.rfwft/gpregsm1.curr_fwft_state_reg[0]/CLR
                            (removal check against rising-edge clock clk_fpga_0  {rise@0.000ns fall@5.000ns period=10.000ns})
  Path Group:             **async_default**
  Path Type:              Removal (Min at Fast Process Corner)
  Requirement:            0.000ns  (clk_fpga_0 rise@0.000ns - clk_fpga_0 rise@0.000ns)
  Data Path Delay:        0.401ns  (logic 0.128ns (31.939%)  route 0.273ns (68.061%))
  Logic Levels:           1  (LUT3=1)
  Clock Path Skew:        0.032ns (DCD - SCD - CPR)
    Destination Clock Delay (DCD):    1.846ns
    Source Clock Delay      (SCD):    1.533ns
    Clock Pessimism Removal (CPR):    0.281ns

    Location             Delay type                Incr(ns)  Path(ns)    Netlist Resource(s)
  -------------------------------------------------------------------    -------------------
                         (clock clk_fpga_0 rise edge)
                                                      0.000     0.000 r  
    PS7_X0Y0             PS7                          0.000     0.000 r  ps_dpu_i/processing_system7_0/inst/PS7_i/FCLKCLK[0]
                         net (fo=1, routed)           0.725     0.725    ps_dpu_i/processing_system7_0/inst/FCLK_CLK_unbuffered[0]
    BUFGCTRL_X0Y16       BUFG (Prop_bufg_I_O)         0.026     0.751 r  ps_dpu_i/processing_system7_0/inst/buffer_fclk_clk_0.FCLK_CLK_0_BUFG/O
                         net (fo=5381, routed)        0.782     1.533    ps_dpu_i/ps7_0_axi_periph/m00_couplers/auto_ds/inst/gen_downsizer.gen_simple_downsizer.axi_downsizer_inst/USE_WRITE.write_addr_inst/cmd_queue/inst/fifo_gen_inst/inst_fifo_gen/gconvfifo.rf/grf.rf/rstblk/clk
    SLICE_X35Y319        FDRE                                         r  ps_dpu_i/ps7_0_axi_periph/m00_couplers/auto_ds/inst/gen_downsizer.gen_simple_downsizer.axi_downsizer_inst/USE_WRITE.write_addr_inst/cmd_queue/inst/fifo_gen_inst/inst_fifo_gen/gconvfifo.rf/grf.rf/rstblk/ngwrdrst.grst.g7serrst.gnsckt_wrst.gcc_rst.sckt_wr_rst_cc_reg[1]/C
  -------------------------------------------------------------------    -------------------
    SLICE_X35Y319        FDRE (Prop_fdre_C_Q)         0.100     1.633 f  ps_dpu_i/ps7_0_axi_periph/m00_couplers/auto_ds/inst/gen_downsizer.gen_simple_downsizer.axi_downsizer_inst/USE_WRITE.write_addr_inst/cmd_queue/inst/fifo_gen_inst/inst_fifo_gen/gconvfifo.rf/grf.rf/rstblk/ngwrdrst.grst.g7serrst.gnsckt_wrst.gcc_rst.sckt_wr_rst_cc_reg[1]/Q
                         net (fo=2, routed)           0.098     1.731    ps_dpu_i/ps7_0_axi_periph/m00_couplers/auto_ds/inst/gen_downsizer.gen_simple_downsizer.axi_downsizer_inst/USE_WRITE.write_addr_inst/cmd_queue/inst/fifo_gen_inst/inst_fifo_gen/gconvfifo.rf/grf.rf/rstblk/sckt_wr_rst_cc[1]
    SLICE_X35Y318        LUT3 (Prop_lut3_I0_O)        0.028     1.759 f  ps_dpu_i/ps7_0_axi_periph/m00_couplers/auto_ds/inst/gen_downsizer.gen_simple_downsizer.axi_downsizer_inst/USE_WRITE.write_addr_inst/cmd_queue/inst/fifo_gen_inst/inst_fifo_gen/gconvfifo.rf/grf.rf/rstblk/gc0.count_d1[4]_i_2/O
                         net (fo=32, routed)          0.175     1.934    ps_dpu_i/ps7_0_axi_periph/m00_couplers/auto_ds/inst/gen_downsizer.gen_simple_downsizer.axi_downsizer_inst/USE_WRITE.write_addr_inst/cmd_queue/inst/fifo_gen_inst/inst_fifo_gen/gconvfifo.rf/grf.rf/gntv_or_sync_fifo.gl0.rd/gr1.gr1_int.rfwft/AR[0]
    SLICE_X36Y318        FDCE                                         f  ps_dpu_i/ps7_0_axi_periph/m00_couplers/auto_ds/inst/gen_downsizer.gen_simple_downsizer.axi_downsizer_inst/USE_WRITE.write_addr_inst/cmd_queue/inst/fifo_gen_inst/inst_fifo_gen/gconvfifo.rf/grf.rf/gntv_or_sync_fifo.gl0.rd/gr1.gr1_int.rfwft/gpregsm1.curr_fwft_state_reg[0]/CLR
  -------------------------------------------------------------------    -------------------

                         (clock clk_fpga_0 rise edge)
                                                      0.000     0.000 r  
    PS7_X0Y0             PS7                          0.000     0.000 r  ps_dpu_i/processing_system7_0/inst/PS7_i/FCLKCLK[0]
                         net (fo=1, routed)           0.769     0.769    ps_dpu_i/processing_system7_0/inst/FCLK_CLK_unbuffered[0]
    BUFGCTRL_X0Y16       BUFG (Prop_bufg_I_O)         0.030     0.799 r  ps_dpu_i/processing_system7_0/inst/buffer_fclk_clk_0.FCLK_CLK_0_BUFG/O
                         net (fo=5381, routed)        1.047     1.846    ps_dpu_i/ps7_0_axi_periph/m00_couplers/auto_ds/inst/gen_downsizer.gen_simple_downsizer.axi_downsizer_inst/USE_WRITE.write_addr_inst/cmd_queue/inst/fifo_gen_inst/inst_fifo_gen/gconvfifo.rf/grf.rf/gntv_or_sync_fifo.gl0.rd/gr1.gr1_int.rfwft/clk
    SLICE_X36Y318        FDCE                                         r  ps_dpu_i/ps7_0_axi_periph/m00_couplers/auto_ds/inst/gen_downsizer.gen_simple_downsizer.axi_downsizer_inst/USE_WRITE.write_addr_inst/cmd_queue/inst/fifo_gen_inst/inst_fifo_gen/gconvfifo.rf/grf.rf/gntv_or_sync_fifo.gl0.rd/gr1.gr1_int.rfwft/gpregsm1.curr_fwft_state_reg[0]/C
                         clock pessimism             -0.281     1.565    
    SLICE_X36Y318        FDCE (Remov_fdce_C_CLR)     -0.050     1.515    ps_dpu_i/ps7_0_axi_periph/m00_couplers/auto_ds/inst/gen_downsizer.gen_simple_downsizer.axi_downsizer_inst/USE_WRITE.write_addr_inst/cmd_queue/inst/fifo_gen_inst/inst_fifo_gen/gconvfifo.rf/grf.rf/gntv_or_sync_fifo.gl0.rd/gr1.gr1_int.rfwft/gpregsm1.curr_fwft_state_reg[0]
  -------------------------------------------------------------------
                         required time                         -1.515    
                         arrival time                           1.934    
  -------------------------------------------------------------------
                         slack                                  0.419    

Slack (MET) :             0.419ns  (arrival time - required time)
  Source:                 ps_dpu_i/ps7_0_axi_periph/m00_couplers/auto_ds/inst/gen_downsizer.gen_simple_downsizer.axi_downsizer_inst/USE_WRITE.write_addr_inst/cmd_queue/inst/fifo_gen_inst/inst_fifo_gen/gconvfifo.rf/grf.rf/rstblk/ngwrdrst.grst.g7serrst.gnsckt_wrst.gcc_rst.sckt_wr_rst_cc_reg[1]/C
                            (rising edge-triggered cell FDRE clocked by clk_fpga_0  {rise@0.000ns fall@5.000ns period=10.000ns})
  Destination:            ps_dpu_i/ps7_0_axi_periph/m00_couplers/auto_ds/inst/gen_downsizer.gen_simple_downsizer.axi_downsizer_inst/USE_WRITE.write_addr_inst/cmd_queue/inst/fifo_gen_inst/inst_fifo_gen/gconvfifo.rf/grf.rf/gntv_or_sync_fifo.gl0.rd/gr1.gr1_int.rfwft/gpregsm1.curr_fwft_state_reg[1]/CLR
                            (removal check against rising-edge clock clk_fpga_0  {rise@0.000ns fall@5.000ns period=10.000ns})
  Path Group:             **async_default**
  Path Type:              Removal (Min at Fast Process Corner)
  Requirement:            0.000ns  (clk_fpga_0 rise@0.000ns - clk_fpga_0 rise@0.000ns)
  Data Path Delay:        0.401ns  (logic 0.128ns (31.939%)  route 0.273ns (68.061%))
  Logic Levels:           1  (LUT3=1)
  Clock Path Skew:        0.032ns (DCD - SCD - CPR)
    Destination Clock Delay (DCD):    1.846ns
    Source Clock Delay      (SCD):    1.533ns
    Clock Pessimism Removal (CPR):    0.281ns

    Location             Delay type                Incr(ns)  Path(ns)    Netlist Resource(s)
  -------------------------------------------------------------------    -------------------
                         (clock clk_fpga_0 rise edge)
                                                      0.000     0.000 r  
    PS7_X0Y0             PS7                          0.000     0.000 r  ps_dpu_i/processing_system7_0/inst/PS7_i/FCLKCLK[0]
                         net (fo=1, routed)           0.725     0.725    ps_dpu_i/processing_system7_0/inst/FCLK_CLK_unbuffered[0]
    BUFGCTRL_X0Y16       BUFG (Prop_bufg_I_O)         0.026     0.751 r  ps_dpu_i/processing_system7_0/inst/buffer_fclk_clk_0.FCLK_CLK_0_BUFG/O
                         net (fo=5381, routed)        0.782     1.533    ps_dpu_i/ps7_0_axi_periph/m00_couplers/auto_ds/inst/gen_downsizer.gen_simple_downsizer.axi_downsizer_inst/USE_WRITE.write_addr_inst/cmd_queue/inst/fifo_gen_inst/inst_fifo_gen/gconvfifo.rf/grf.rf/rstblk/clk
    SLICE_X35Y319        FDRE                                         r  ps_dpu_i/ps7_0_axi_periph/m00_couplers/auto_ds/inst/gen_downsizer.gen_simple_downsizer.axi_downsizer_inst/USE_WRITE.write_addr_inst/cmd_queue/inst/fifo_gen_inst/inst_fifo_gen/gconvfifo.rf/grf.rf/rstblk/ngwrdrst.grst.g7serrst.gnsckt_wrst.gcc_rst.sckt_wr_rst_cc_reg[1]/C
  -------------------------------------------------------------------    -------------------
    SLICE_X35Y319        FDRE (Prop_fdre_C_Q)         0.100     1.633 f  ps_dpu_i/ps7_0_axi_periph/m00_couplers/auto_ds/inst/gen_downsizer.gen_simple_downsizer.axi_downsizer_inst/USE_WRITE.write_addr_inst/cmd_queue/inst/fifo_gen_inst/inst_fifo_gen/gconvfifo.rf/grf.rf/rstblk/ngwrdrst.grst.g7serrst.gnsckt_wrst.gcc_rst.sckt_wr_rst_cc_reg[1]/Q
                         net (fo=2, routed)           0.098     1.731    ps_dpu_i/ps7_0_axi_periph/m00_couplers/auto_ds/inst/gen_downsizer.gen_simple_downsizer.axi_downsizer_inst/USE_WRITE.write_addr_inst/cmd_queue/inst/fifo_gen_inst/inst_fifo_gen/gconvfifo.rf/grf.rf/rstblk/sckt_wr_rst_cc[1]
    SLICE_X35Y318        LUT3 (Prop_lut3_I0_O)        0.028     1.759 f  ps_dpu_i/ps7_0_axi_periph/m00_couplers/auto_ds/inst/gen_downsizer.gen_simple_downsizer.axi_downsizer_inst/USE_WRITE.write_addr_inst/cmd_queue/inst/fifo_gen_inst/inst_fifo_gen/gconvfifo.rf/grf.rf/rstblk/gc0.count_d1[4]_i_2/O
                         net (fo=32, routed)          0.175     1.934    ps_dpu_i/ps7_0_axi_periph/m00_couplers/auto_ds/inst/gen_downsizer.gen_simple_downsizer.axi_downsizer_inst/USE_WRITE.write_addr_inst/cmd_queue/inst/fifo_gen_inst/inst_fifo_gen/gconvfifo.rf/grf.rf/gntv_or_sync_fifo.gl0.rd/gr1.gr1_int.rfwft/AR[0]
    SLICE_X36Y318        FDCE                                         f  ps_dpu_i/ps7_0_axi_periph/m00_couplers/auto_ds/inst/gen_downsizer.gen_simple_downsizer.axi_downsizer_inst/USE_WRITE.write_addr_inst/cmd_queue/inst/fifo_gen_inst/inst_fifo_gen/gconvfifo.rf/grf.rf/gntv_or_sync_fifo.gl0.rd/gr1.gr1_int.rfwft/gpregsm1.curr_fwft_state_reg[1]/CLR
  -------------------------------------------------------------------    -------------------

                         (clock clk_fpga_0 rise edge)
                                                      0.000     0.000 r  
    PS7_X0Y0             PS7                          0.000     0.000 r  ps_dpu_i/processing_system7_0/inst/PS7_i/FCLKCLK[0]
                         net (fo=1, routed)           0.769     0.769    ps_dpu_i/processing_system7_0/inst/FCLK_CLK_unbuffered[0]
    BUFGCTRL_X0Y16       BUFG (Prop_bufg_I_O)         0.030     0.799 r  ps_dpu_i/processing_system7_0/inst/buffer_fclk_clk_0.FCLK_CLK_0_BUFG/O
                         net (fo=5381, routed)        1.047     1.846    ps_dpu_i/ps7_0_axi_periph/m00_couplers/auto_ds/inst/gen_downsizer.gen_simple_downsizer.axi_downsizer_inst/USE_WRITE.write_addr_inst/cmd_queue/inst/fifo_gen_inst/inst_fifo_gen/gconvfifo.rf/grf.rf/gntv_or_sync_fifo.gl0.rd/gr1.gr1_int.rfwft/clk
    SLICE_X36Y318        FDCE                                         r  ps_dpu_i/ps7_0_axi_periph/m00_couplers/auto_ds/inst/gen_downsizer.gen_simple_downsizer.axi_downsizer_inst/USE_WRITE.write_addr_inst/cmd_queue/inst/fifo_gen_inst/inst_fifo_gen/gconvfifo.rf/grf.rf/gntv_or_sync_fifo.gl0.rd/gr1.gr1_int.rfwft/gpregsm1.curr_fwft_state_reg[1]/C
                         clock pessimism             -0.281     1.565    
    SLICE_X36Y318        FDCE (Remov_fdce_C_CLR)     -0.050     1.515    ps_dpu_i/ps7_0_axi_periph/m00_couplers/auto_ds/inst/gen_downsizer.gen_simple_downsizer.axi_downsizer_inst/USE_WRITE.write_addr_inst/cmd_queue/inst/fifo_gen_inst/inst_fifo_gen/gconvfifo.rf/grf.rf/gntv_or_sync_fifo.gl0.rd/gr1.gr1_int.rfwft/gpregsm1.curr_fwft_state_reg[1]
  -------------------------------------------------------------------
                         required time                         -1.515    
                         arrival time                           1.934    
  -------------------------------------------------------------------
                         slack                                  0.419    

Slack (MET) :             0.419ns  (arrival time - required time)
  Source:                 ps_dpu_i/ps7_0_axi_periph/m00_couplers/auto_ds/inst/gen_downsizer.gen_simple_downsizer.axi_downsizer_inst/USE_WRITE.write_addr_inst/cmd_queue/inst/fifo_gen_inst/inst_fifo_gen/gconvfifo.rf/grf.rf/rstblk/ngwrdrst.grst.g7serrst.gnsckt_wrst.gcc_rst.sckt_wr_rst_cc_reg[1]/C
                            (rising edge-triggered cell FDRE clocked by clk_fpga_0  {rise@0.000ns fall@5.000ns period=10.000ns})
  Destination:            ps_dpu_i/ps7_0_axi_periph/m00_couplers/auto_ds/inst/gen_downsizer.gen_simple_downsizer.axi_downsizer_inst/USE_WRITE.write_addr_inst/cmd_queue/inst/fifo_gen_inst/inst_fifo_gen/gconvfifo.rf/grf.rf/gntv_or_sync_fifo.gl0.rd/gr1.gr1_int.rfwft/gpregsm1.user_valid_reg/CLR
                            (removal check against rising-edge clock clk_fpga_0  {rise@0.000ns fall@5.000ns period=10.000ns})
  Path Group:             **async_default**
  Path Type:              Removal (Min at Fast Process Corner)
  Requirement:            0.000ns  (clk_fpga_0 rise@0.000ns - clk_fpga_0 rise@0.000ns)
  Data Path Delay:        0.401ns  (logic 0.128ns (31.939%)  route 0.273ns (68.061%))
  Logic Levels:           1  (LUT3=1)
  Clock Path Skew:        0.032ns (DCD - SCD - CPR)
    Destination Clock Delay (DCD):    1.846ns
    Source Clock Delay      (SCD):    1.533ns
    Clock Pessimism Removal (CPR):    0.281ns

    Location             Delay type                Incr(ns)  Path(ns)    Netlist Resource(s)
  -------------------------------------------------------------------    -------------------
                         (clock clk_fpga_0 rise edge)
                                                      0.000     0.000 r  
    PS7_X0Y0             PS7                          0.000     0.000 r  ps_dpu_i/processing_system7_0/inst/PS7_i/FCLKCLK[0]
                         net (fo=1, routed)           0.725     0.725    ps_dpu_i/processing_system7_0/inst/FCLK_CLK_unbuffered[0]
    BUFGCTRL_X0Y16       BUFG (Prop_bufg_I_O)         0.026     0.751 r  ps_dpu_i/processing_system7_0/inst/buffer_fclk_clk_0.FCLK_CLK_0_BUFG/O
                         net (fo=5381, routed)        0.782     1.533    ps_dpu_i/ps7_0_axi_periph/m00_couplers/auto_ds/inst/gen_downsizer.gen_simple_downsizer.axi_downsizer_inst/USE_WRITE.write_addr_inst/cmd_queue/inst/fifo_gen_inst/inst_fifo_gen/gconvfifo.rf/grf.rf/rstblk/clk
    SLICE_X35Y319        FDRE                                         r  ps_dpu_i/ps7_0_axi_periph/m00_couplers/auto_ds/inst/gen_downsizer.gen_simple_downsizer.axi_downsizer_inst/USE_WRITE.write_addr_inst/cmd_queue/inst/fifo_gen_inst/inst_fifo_gen/gconvfifo.rf/grf.rf/rstblk/ngwrdrst.grst.g7serrst.gnsckt_wrst.gcc_rst.sckt_wr_rst_cc_reg[1]/C
  -------------------------------------------------------------------    -------------------
    SLICE_X35Y319        FDRE (Prop_fdre_C_Q)         0.100     1.633 f  ps_dpu_i/ps7_0_axi_periph/m00_couplers/auto_ds/inst/gen_downsizer.gen_simple_downsizer.axi_downsizer_inst/USE_WRITE.write_addr_inst/cmd_queue/inst/fifo_gen_inst/inst_fifo_gen/gconvfifo.rf/grf.rf/rstblk/ngwrdrst.grst.g7serrst.gnsckt_wrst.gcc_rst.sckt_wr_rst_cc_reg[1]/Q
                         net (fo=2, routed)           0.098     1.731    ps_dpu_i/ps7_0_axi_periph/m00_couplers/auto_ds/inst/gen_downsizer.gen_simple_downsizer.axi_downsizer_inst/USE_WRITE.write_addr_inst/cmd_queue/inst/fifo_gen_inst/inst_fifo_gen/gconvfifo.rf/grf.rf/rstblk/sckt_wr_rst_cc[1]
    SLICE_X35Y318        LUT3 (Prop_lut3_I0_O)        0.028     1.759 f  ps_dpu_i/ps7_0_axi_periph/m00_couplers/auto_ds/inst/gen_downsizer.gen_simple_downsizer.axi_downsizer_inst/USE_WRITE.write_addr_inst/cmd_queue/inst/fifo_gen_inst/inst_fifo_gen/gconvfifo.rf/grf.rf/rstblk/gc0.count_d1[4]_i_2/O
                         net (fo=32, routed)          0.175     1.934    ps_dpu_i/ps7_0_axi_periph/m00_couplers/auto_ds/inst/gen_downsizer.gen_simple_downsizer.axi_downsizer_inst/USE_WRITE.write_addr_inst/cmd_queue/inst/fifo_gen_inst/inst_fifo_gen/gconvfifo.rf/grf.rf/gntv_or_sync_fifo.gl0.rd/gr1.gr1_int.rfwft/AR[0]
    SLICE_X36Y318        FDCE                                         f  ps_dpu_i/ps7_0_axi_periph/m00_couplers/auto_ds/inst/gen_downsizer.gen_simple_downsizer.axi_downsizer_inst/USE_WRITE.write_addr_inst/cmd_queue/inst/fifo_gen_inst/inst_fifo_gen/gconvfifo.rf/grf.rf/gntv_or_sync_fifo.gl0.rd/gr1.gr1_int.rfwft/gpregsm1.user_valid_reg/CLR
  -------------------------------------------------------------------    -------------------

                         (clock clk_fpga_0 rise edge)
                                                      0.000     0.000 r  
    PS7_X0Y0             PS7                          0.000     0.000 r  ps_dpu_i/processing_system7_0/inst/PS7_i/FCLKCLK[0]
                         net (fo=1, routed)           0.769     0.769    ps_dpu_i/processing_system7_0/inst/FCLK_CLK_unbuffered[0]
    BUFGCTRL_X0Y16       BUFG (Prop_bufg_I_O)         0.030     0.799 r  ps_dpu_i/processing_system7_0/inst/buffer_fclk_clk_0.FCLK_CLK_0_BUFG/O
                         net (fo=5381, routed)        1.047     1.846    ps_dpu_i/ps7_0_axi_periph/m00_couplers/auto_ds/inst/gen_downsizer.gen_simple_downsizer.axi_downsizer_inst/USE_WRITE.write_addr_inst/cmd_queue/inst/fifo_gen_inst/inst_fifo_gen/gconvfifo.rf/grf.rf/gntv_or_sync_fifo.gl0.rd/gr1.gr1_int.rfwft/clk
    SLICE_X36Y318        FDCE                                         r  ps_dpu_i/ps7_0_axi_periph/m00_couplers/auto_ds/inst/gen_downsizer.gen_simple_downsizer.axi_downsizer_inst/USE_WRITE.write_addr_inst/cmd_queue/inst/fifo_gen_inst/inst_fifo_gen/gconvfifo.rf/grf.rf/gntv_or_sync_fifo.gl0.rd/gr1.gr1_int.rfwft/gpregsm1.user_valid_reg/C
                         clock pessimism             -0.281     1.565    
    SLICE_X36Y318        FDCE (Remov_fdce_C_CLR)     -0.050     1.515    ps_dpu_i/ps7_0_axi_periph/m00_couplers/auto_ds/inst/gen_downsizer.gen_simple_downsizer.axi_downsizer_inst/USE_WRITE.write_addr_inst/cmd_queue/inst/fifo_gen_inst/inst_fifo_gen/gconvfifo.rf/grf.rf/gntv_or_sync_fifo.gl0.rd/gr1.gr1_int.rfwft/gpregsm1.user_valid_reg
  -------------------------------------------------------------------
                         required time                         -1.515    
                         arrival time                           1.934    
  -------------------------------------------------------------------
                         slack                                  0.419    

Slack (MET) :             0.421ns  (arrival time - required time)
  Source:                 ps_dpu_i/ps7_0_axi_periph/m00_couplers/auto_ds/inst/gen_downsizer.gen_simple_downsizer.axi_downsizer_inst/USE_WRITE.write_addr_inst/cmd_queue/inst/fifo_gen_inst/inst_fifo_gen/gconvfifo.rf/grf.rf/rstblk/ngwrdrst.grst.g7serrst.gnsckt_wrst.gcc_rst.sckt_wr_rst_cc_reg[1]/C
                            (rising edge-triggered cell FDRE clocked by clk_fpga_0  {rise@0.000ns fall@5.000ns period=10.000ns})
  Destination:            ps_dpu_i/ps7_0_axi_periph/m00_couplers/auto_ds/inst/gen_downsizer.gen_simple_downsizer.axi_downsizer_inst/USE_WRITE.write_addr_inst/cmd_queue/inst/fifo_gen_inst/inst_fifo_gen/gconvfifo.rf/grf.rf/gntv_or_sync_fifo.gl0.rd/gr1.gr1_int.rfwft/empty_fwft_i_reg/PRE
                            (removal check against rising-edge clock clk_fpga_0  {rise@0.000ns fall@5.000ns period=10.000ns})
  Path Group:             **async_default**
  Path Type:              Removal (Min at Fast Process Corner)
  Requirement:            0.000ns  (clk_fpga_0 rise@0.000ns - clk_fpga_0 rise@0.000ns)
  Data Path Delay:        0.401ns  (logic 0.128ns (31.939%)  route 0.273ns (68.061%))
  Logic Levels:           1  (LUT3=1)
  Clock Path Skew:        0.032ns (DCD - SCD - CPR)
    Destination Clock Delay (DCD):    1.846ns
    Source Clock Delay      (SCD):    1.533ns
    Clock Pessimism Removal (CPR):    0.281ns

    Location             Delay type                Incr(ns)  Path(ns)    Netlist Resource(s)
  -------------------------------------------------------------------    -------------------
                         (clock clk_fpga_0 rise edge)
                                                      0.000     0.000 r  
    PS7_X0Y0             PS7                          0.000     0.000 r  ps_dpu_i/processing_system7_0/inst/PS7_i/FCLKCLK[0]
                         net (fo=1, routed)           0.725     0.725    ps_dpu_i/processing_system7_0/inst/FCLK_CLK_unbuffered[0]
    BUFGCTRL_X0Y16       BUFG (Prop_bufg_I_O)         0.026     0.751 r  ps_dpu_i/processing_system7_0/inst/buffer_fclk_clk_0.FCLK_CLK_0_BUFG/O
                         net (fo=5381, routed)        0.782     1.533    ps_dpu_i/ps7_0_axi_periph/m00_couplers/auto_ds/inst/gen_downsizer.gen_simple_downsizer.axi_downsizer_inst/USE_WRITE.write_addr_inst/cmd_queue/inst/fifo_gen_inst/inst_fifo_gen/gconvfifo.rf/grf.rf/rstblk/clk
    SLICE_X35Y319        FDRE                                         r  ps_dpu_i/ps7_0_axi_periph/m00_couplers/auto_ds/inst/gen_downsizer.gen_simple_downsizer.axi_downsizer_inst/USE_WRITE.write_addr_inst/cmd_queue/inst/fifo_gen_inst/inst_fifo_gen/gconvfifo.rf/grf.rf/rstblk/ngwrdrst.grst.g7serrst.gnsckt_wrst.gcc_rst.sckt_wr_rst_cc_reg[1]/C
  -------------------------------------------------------------------    -------------------
    SLICE_X35Y319        FDRE (Prop_fdre_C_Q)         0.100     1.633 f  ps_dpu_i/ps7_0_axi_periph/m00_couplers/auto_ds/inst/gen_downsizer.gen_simple_downsizer.axi_downsizer_inst/USE_WRITE.write_addr_inst/cmd_queue/inst/fifo_gen_inst/inst_fifo_gen/gconvfifo.rf/grf.rf/rstblk/ngwrdrst.grst.g7serrst.gnsckt_wrst.gcc_rst.sckt_wr_rst_cc_reg[1]/Q
                         net (fo=2, routed)           0.098     1.731    ps_dpu_i/ps7_0_axi_periph/m00_couplers/auto_ds/inst/gen_downsizer.gen_simple_downsizer.axi_downsizer_inst/USE_WRITE.write_addr_inst/cmd_queue/inst/fifo_gen_inst/inst_fifo_gen/gconvfifo.rf/grf.rf/rstblk/sckt_wr_rst_cc[1]
    SLICE_X35Y318        LUT3 (Prop_lut3_I0_O)        0.028     1.759 f  ps_dpu_i/ps7_0_axi_periph/m00_couplers/auto_ds/inst/gen_downsizer.gen_simple_downsizer.axi_downsizer_inst/USE_WRITE.write_addr_inst/cmd_queue/inst/fifo_gen_inst/inst_fifo_gen/gconvfifo.rf/grf.rf/rstblk/gc0.count_d1[4]_i_2/O
                         net (fo=32, routed)          0.175     1.934    ps_dpu_i/ps7_0_axi_periph/m00_couplers/auto_ds/inst/gen_downsizer.gen_simple_downsizer.axi_downsizer_inst/USE_WRITE.write_addr_inst/cmd_queue/inst/fifo_gen_inst/inst_fifo_gen/gconvfifo.rf/grf.rf/gntv_or_sync_fifo.gl0.rd/gr1.gr1_int.rfwft/AR[0]
    SLICE_X36Y318        FDPE                                         f  ps_dpu_i/ps7_0_axi_periph/m00_couplers/auto_ds/inst/gen_downsizer.gen_simple_downsizer.axi_downsizer_inst/USE_WRITE.write_addr_inst/cmd_queue/inst/fifo_gen_inst/inst_fifo_gen/gconvfifo.rf/grf.rf/gntv_or_sync_fifo.gl0.rd/gr1.gr1_int.rfwft/empty_fwft_i_reg/PRE
  -------------------------------------------------------------------    -------------------

                         (clock clk_fpga_0 rise edge)
                                                      0.000     0.000 r  
    PS7_X0Y0             PS7                          0.000     0.000 r  ps_dpu_i/processing_system7_0/inst/PS7_i/FCLKCLK[0]
                         net (fo=1, routed)           0.769     0.769    ps_dpu_i/processing_system7_0/inst/FCLK_CLK_unbuffered[0]
    BUFGCTRL_X0Y16       BUFG (Prop_bufg_I_O)         0.030     0.799 r  ps_dpu_i/processing_system7_0/inst/buffer_fclk_clk_0.FCLK_CLK_0_BUFG/O
                         net (fo=5381, routed)        1.047     1.846    ps_dpu_i/ps7_0_axi_periph/m00_couplers/auto_ds/inst/gen_downsizer.gen_simple_downsizer.axi_downsizer_inst/USE_WRITE.write_addr_inst/cmd_queue/inst/fifo_gen_inst/inst_fifo_gen/gconvfifo.rf/grf.rf/gntv_or_sync_fifo.gl0.rd/gr1.gr1_int.rfwft/clk
    SLICE_X36Y318        FDPE                                         r  ps_dpu_i/ps7_0_axi_periph/m00_couplers/auto_ds/inst/gen_downsizer.gen_simple_downsizer.axi_downsizer_inst/USE_WRITE.write_addr_inst/cmd_queue/inst/fifo_gen_inst/inst_fifo_gen/gconvfifo.rf/grf.rf/gntv_or_sync_fifo.gl0.rd/gr1.gr1_int.rfwft/empty_fwft_i_reg/C
                         clock pessimism             -0.281     1.565    
    SLICE_X36Y318        FDPE (Remov_fdpe_C_PRE)     -0.052     1.513    ps_dpu_i/ps7_0_axi_periph/m00_couplers/auto_ds/inst/gen_downsizer.gen_simple_downsizer.axi_downsizer_inst/USE_WRITE.write_addr_inst/cmd_queue/inst/fifo_gen_inst/inst_fifo_gen/gconvfifo.rf/grf.rf/gntv_or_sync_fifo.gl0.rd/gr1.gr1_int.rfwft/empty_fwft_i_reg
  -------------------------------------------------------------------
                         required time                         -1.513    
                         arrival time                           1.934    
  -------------------------------------------------------------------
                         slack                                  0.421    

Slack (MET) :             0.434ns  (arrival time - required time)
  Source:                 ps_dpu_i/ps7_0_axi_periph/m00_couplers/auto_ds/inst/gen_downsizer.gen_simple_downsizer.axi_downsizer_inst/USE_READ.read_addr_inst/cmd_queue/inst/fifo_gen_inst/inst_fifo_gen/gconvfifo.rf/grf.rf/rstblk/ngwrdrst.grst.g7serrst.gnsckt_wrst.gcc_rst.sckt_wr_rst_cc_reg[0]/C
                            (rising edge-triggered cell FDRE clocked by clk_fpga_0  {rise@0.000ns fall@5.000ns period=10.000ns})
  Destination:            ps_dpu_i/ps7_0_axi_periph/m00_couplers/auto_ds/inst/gen_downsizer.gen_simple_downsizer.axi_downsizer_inst/USE_READ.read_addr_inst/cmd_queue/inst/fifo_gen_inst/inst_fifo_gen/gconvfifo.rf/grf.rf/gntv_or_sync_fifo.gl0.rd/rpntr/gc0.count_d1_reg[0]/CLR
                            (removal check against rising-edge clock clk_fpga_0  {rise@0.000ns fall@5.000ns period=10.000ns})
  Path Group:             **async_default**
  Path Type:              Removal (Min at Fast Process Corner)
  Requirement:            0.000ns  (clk_fpga_0 rise@0.000ns - clk_fpga_0 rise@0.000ns)
  Data Path Delay:        0.503ns  (logic 0.128ns (25.457%)  route 0.375ns (74.543%))
  Logic Levels:           1  (LUT3=1)
  Clock Path Skew:        0.119ns (DCD - SCD - CPR)
    Destination Clock Delay (DCD):    1.756ns
    Source Clock Delay      (SCD):    1.541ns
    Clock Pessimism Removal (CPR):    0.096ns

    Location             Delay type                Incr(ns)  Path(ns)    Netlist Resource(s)
  -------------------------------------------------------------------    -------------------
                         (clock clk_fpga_0 rise edge)
                                                      0.000     0.000 r  
    PS7_X0Y0             PS7                          0.000     0.000 r  ps_dpu_i/processing_system7_0/inst/PS7_i/FCLKCLK[0]
                         net (fo=1, routed)           0.725     0.725    ps_dpu_i/processing_system7_0/inst/FCLK_CLK_unbuffered[0]
    BUFGCTRL_X0Y16       BUFG (Prop_bufg_I_O)         0.026     0.751 r  ps_dpu_i/processing_system7_0/inst/buffer_fclk_clk_0.FCLK_CLK_0_BUFG/O
                         net (fo=5381, routed)        0.790     1.541    ps_dpu_i/ps7_0_axi_periph/m00_couplers/auto_ds/inst/gen_downsizer.gen_simple_downsizer.axi_downsizer_inst/USE_READ.read_addr_inst/cmd_queue/inst/fifo_gen_inst/inst_fifo_gen/gconvfifo.rf/grf.rf/rstblk/clk
    SLICE_X39Y304        FDRE                                         r  ps_dpu_i/ps7_0_axi_periph/m00_couplers/auto_ds/inst/gen_downsizer.gen_simple_downsizer.axi_downsizer_inst/USE_READ.read_addr_inst/cmd_queue/inst/fifo_gen_inst/inst_fifo_gen/gconvfifo.rf/grf.rf/rstblk/ngwrdrst.grst.g7serrst.gnsckt_wrst.gcc_rst.sckt_wr_rst_cc_reg[0]/C
  -------------------------------------------------------------------    -------------------
    SLICE_X39Y304        FDRE (Prop_fdre_C_Q)         0.100     1.641 f  ps_dpu_i/ps7_0_axi_periph/m00_couplers/auto_ds/inst/gen_downsizer.gen_simple_downsizer.axi_downsizer_inst/USE_READ.read_addr_inst/cmd_queue/inst/fifo_gen_inst/inst_fifo_gen/gconvfifo.rf/grf.rf/rstblk/ngwrdrst.grst.g7serrst.gnsckt_wrst.gcc_rst.sckt_wr_rst_cc_reg[0]/Q
                         net (fo=3, routed)           0.138     1.779    ps_dpu_i/ps7_0_axi_periph/m00_couplers/auto_ds/inst/gen_downsizer.gen_simple_downsizer.axi_downsizer_inst/USE_READ.read_addr_inst/cmd_queue/inst/fifo_gen_inst/inst_fifo_gen/gconvfifo.rf/grf.rf/rstblk/sckt_wr_rst_cc[0]
    SLICE_X39Y304        LUT3 (Prop_lut3_I1_O)        0.028     1.807 f  ps_dpu_i/ps7_0_axi_periph/m00_couplers/auto_ds/inst/gen_downsizer.gen_simple_downsizer.axi_downsizer_inst/USE_READ.read_addr_inst/cmd_queue/inst/fifo_gen_inst/inst_fifo_gen/gconvfifo.rf/grf.rf/rstblk/gc0.count_d1[4]_i_2/O
                         net (fo=32, routed)          0.237     2.044    ps_dpu_i/ps7_0_axi_periph/m00_couplers/auto_ds/inst/gen_downsizer.gen_simple_downsizer.axi_downsizer_inst/USE_READ.read_addr_inst/cmd_queue/inst/fifo_gen_inst/inst_fifo_gen/gconvfifo.rf/grf.rf/gntv_or_sync_fifo.gl0.rd/rpntr/AR[0]
    SLICE_X32Y299        FDCE                                         f  ps_dpu_i/ps7_0_axi_periph/m00_couplers/auto_ds/inst/gen_downsizer.gen_simple_downsizer.axi_downsizer_inst/USE_READ.read_addr_inst/cmd_queue/inst/fifo_gen_inst/inst_fifo_gen/gconvfifo.rf/grf.rf/gntv_or_sync_fifo.gl0.rd/rpntr/gc0.count_d1_reg[0]/CLR
  -------------------------------------------------------------------    -------------------

                         (clock clk_fpga_0 rise edge)
                                                      0.000     0.000 r  
    PS7_X0Y0             PS7                          0.000     0.000 r  ps_dpu_i/processing_system7_0/inst/PS7_i/FCLKCLK[0]
                         net (fo=1, routed)           0.769     0.769    ps_dpu_i/processing_system7_0/inst/FCLK_CLK_unbuffered[0]
    BUFGCTRL_X0Y16       BUFG (Prop_bufg_I_O)         0.030     0.799 r  ps_dpu_i/processing_system7_0/inst/buffer_fclk_clk_0.FCLK_CLK_0_BUFG/O
                         net (fo=5381, routed)        0.957     1.756    ps_dpu_i/ps7_0_axi_periph/m00_couplers/auto_ds/inst/gen_downsizer.gen_simple_downsizer.axi_downsizer_inst/USE_READ.read_addr_inst/cmd_queue/inst/fifo_gen_inst/inst_fifo_gen/gconvfifo.rf/grf.rf/gntv_or_sync_fifo.gl0.rd/rpntr/clk
    SLICE_X32Y299        FDCE                                         r  ps_dpu_i/ps7_0_axi_periph/m00_couplers/auto_ds/inst/gen_downsizer.gen_simple_downsizer.axi_downsizer_inst/USE_READ.read_addr_inst/cmd_queue/inst/fifo_gen_inst/inst_fifo_gen/gconvfifo.rf/grf.rf/gntv_or_sync_fifo.gl0.rd/rpntr/gc0.count_d1_reg[0]/C
                         clock pessimism             -0.096     1.660    
    SLICE_X32Y299        FDCE (Remov_fdce_C_CLR)     -0.050     1.610    ps_dpu_i/ps7_0_axi_periph/m00_couplers/auto_ds/inst/gen_downsizer.gen_simple_downsizer.axi_downsizer_inst/USE_READ.read_addr_inst/cmd_queue/inst/fifo_gen_inst/inst_fifo_gen/gconvfifo.rf/grf.rf/gntv_or_sync_fifo.gl0.rd/rpntr/gc0.count_d1_reg[0]
  -------------------------------------------------------------------
                         required time                         -1.610    
                         arrival time                           2.044    
  -------------------------------------------------------------------
                         slack                                  0.434    

Slack (MET) :             0.438ns  (arrival time - required time)
  Source:                 ps_dpu_i/ps7_0_axi_periph/m00_couplers/auto_ds/inst/gen_downsizer.gen_simple_downsizer.axi_downsizer_inst/USE_WRITE.write_addr_inst/USE_B_CHANNEL.cmd_b_queue/inst/fifo_gen_inst/inst_fifo_gen/gconvfifo.rf/grf.rf/rstblk/ngwrdrst.grst.g7serrst.gnsckt_wrst.gcc_rst.sckt_wr_rst_cc_reg[1]/C
                            (rising edge-triggered cell FDRE clocked by clk_fpga_0  {rise@0.000ns fall@5.000ns period=10.000ns})
  Destination:            ps_dpu_i/ps7_0_axi_periph/m00_couplers/auto_ds/inst/gen_downsizer.gen_simple_downsizer.axi_downsizer_inst/USE_WRITE.write_addr_inst/USE_B_CHANNEL.cmd_b_queue/inst/fifo_gen_inst/inst_fifo_gen/gconvfifo.rf/grf.rf/gntv_or_sync_fifo.gl0.wr/wpntr/gcc0.gc0.count_d1_reg[1]/CLR
                            (removal check against rising-edge clock clk_fpga_0  {rise@0.000ns fall@5.000ns period=10.000ns})
  Path Group:             **async_default**
  Path Type:              Removal (Min at Fast Process Corner)
  Requirement:            0.000ns  (clk_fpga_0 rise@0.000ns - clk_fpga_0 rise@0.000ns)
  Data Path Delay:        0.381ns  (logic 0.128ns (33.587%)  route 0.253ns (66.413%))
  Logic Levels:           1  (LUT3=1)
  Clock Path Skew:        0.012ns (DCD - SCD - CPR)
    Destination Clock Delay (DCD):    1.871ns
    Source Clock Delay      (SCD):    1.558ns
    Clock Pessimism Removal (CPR):    0.301ns

    Location             Delay type                Incr(ns)  Path(ns)    Netlist Resource(s)
  -------------------------------------------------------------------    -------------------
                         (clock clk_fpga_0 rise edge)
                                                      0.000     0.000 r  
    PS7_X0Y0             PS7                          0.000     0.000 r  ps_dpu_i/processing_system7_0/inst/PS7_i/FCLKCLK[0]
                         net (fo=1, routed)           0.725     0.725    ps_dpu_i/processing_system7_0/inst/FCLK_CLK_unbuffered[0]
    BUFGCTRL_X0Y16       BUFG (Prop_bufg_I_O)         0.026     0.751 r  ps_dpu_i/processing_system7_0/inst/buffer_fclk_clk_0.FCLK_CLK_0_BUFG/O
                         net (fo=5381, routed)        0.807     1.558    ps_dpu_i/ps7_0_axi_periph/m00_couplers/auto_ds/inst/gen_downsizer.gen_simple_downsizer.axi_downsizer_inst/USE_WRITE.write_addr_inst/USE_B_CHANNEL.cmd_b_queue/inst/fifo_gen_inst/inst_fifo_gen/gconvfifo.rf/grf.rf/rstblk/clk
    SLICE_X28Y313        FDRE                                         r  ps_dpu_i/ps7_0_axi_periph/m00_couplers/auto_ds/inst/gen_downsizer.gen_simple_downsizer.axi_downsizer_inst/USE_WRITE.write_addr_inst/USE_B_CHANNEL.cmd_b_queue/inst/fifo_gen_inst/inst_fifo_gen/gconvfifo.rf/grf.rf/rstblk/ngwrdrst.grst.g7serrst.gnsckt_wrst.gcc_rst.sckt_wr_rst_cc_reg[1]/C
  -------------------------------------------------------------------    -------------------
    SLICE_X28Y313        FDRE (Prop_fdre_C_Q)         0.100     1.658 f  ps_dpu_i/ps7_0_axi_periph/m00_couplers/auto_ds/inst/gen_downsizer.gen_simple_downsizer.axi_downsizer_inst/USE_WRITE.write_addr_inst/USE_B_CHANNEL.cmd_b_queue/inst/fifo_gen_inst/inst_fifo_gen/gconvfifo.rf/grf.rf/rstblk/ngwrdrst.grst.g7serrst.gnsckt_wrst.gcc_rst.sckt_wr_rst_cc_reg[1]/Q
                         net (fo=2, routed)           0.108     1.766    ps_dpu_i/ps7_0_axi_periph/m00_couplers/auto_ds/inst/gen_downsizer.gen_simple_downsizer.axi_downsizer_inst/USE_WRITE.write_addr_inst/USE_B_CHANNEL.cmd_b_queue/inst/fifo_gen_inst/inst_fifo_gen/gconvfifo.rf/grf.rf/rstblk/sckt_wr_rst_cc[1]
    SLICE_X28Y314        LUT3 (Prop_lut3_I0_O)        0.028     1.794 f  ps_dpu_i/ps7_0_axi_periph/m00_couplers/auto_ds/inst/gen_downsizer.gen_simple_downsizer.axi_downsizer_inst/USE_WRITE.write_addr_inst/USE_B_CHANNEL.cmd_b_queue/inst/fifo_gen_inst/inst_fifo_gen/gconvfifo.rf/grf.rf/rstblk/gc0.count_d1[4]_i_2/O
                         net (fo=32, routed)          0.145     1.939    ps_dpu_i/ps7_0_axi_periph/m00_couplers/auto_ds/inst/gen_downsizer.gen_simple_downsizer.axi_downsizer_inst/USE_WRITE.write_addr_inst/USE_B_CHANNEL.cmd_b_queue/inst/fifo_gen_inst/inst_fifo_gen/gconvfifo.rf/grf.rf/gntv_or_sync_fifo.gl0.wr/wpntr/AS[0]
    SLICE_X31Y315        FDCE                                         f  ps_dpu_i/ps7_0_axi_periph/m00_couplers/auto_ds/inst/gen_downsizer.gen_simple_downsizer.axi_downsizer_inst/USE_WRITE.write_addr_inst/USE_B_CHANNEL.cmd_b_queue/inst/fifo_gen_inst/inst_fifo_gen/gconvfifo.rf/grf.rf/gntv_or_sync_fifo.gl0.wr/wpntr/gcc0.gc0.count_d1_reg[1]/CLR
  -------------------------------------------------------------------    -------------------

                         (clock clk_fpga_0 rise edge)
                                                      0.000     0.000 r  
    PS7_X0Y0             PS7                          0.000     0.000 r  ps_dpu_i/processing_system7_0/inst/PS7_i/FCLKCLK[0]
                         net (fo=1, routed)           0.769     0.769    ps_dpu_i/processing_system7_0/inst/FCLK_CLK_unbuffered[0]
    BUFGCTRL_X0Y16       BUFG (Prop_bufg_I_O)         0.030     0.799 r  ps_dpu_i/processing_system7_0/inst/buffer_fclk_clk_0.FCLK_CLK_0_BUFG/O
                         net (fo=5381, routed)        1.072     1.871    ps_dpu_i/ps7_0_axi_periph/m00_couplers/auto_ds/inst/gen_downsizer.gen_simple_downsizer.axi_downsizer_inst/USE_WRITE.write_addr_inst/USE_B_CHANNEL.cmd_b_queue/inst/fifo_gen_inst/inst_fifo_gen/gconvfifo.rf/grf.rf/gntv_or_sync_fifo.gl0.wr/wpntr/clk
    SLICE_X31Y315        FDCE                                         r  ps_dpu_i/ps7_0_axi_periph/m00_couplers/auto_ds/inst/gen_downsizer.gen_simple_downsizer.axi_downsizer_inst/USE_WRITE.write_addr_inst/USE_B_CHANNEL.cmd_b_queue/inst/fifo_gen_inst/inst_fifo_gen/gconvfifo.rf/grf.rf/gntv_or_sync_fifo.gl0.wr/wpntr/gcc0.gc0.count_d1_reg[1]/C
                         clock pessimism             -0.301     1.570    
    SLICE_X31Y315        FDCE (Remov_fdce_C_CLR)     -0.069     1.501    ps_dpu_i/ps7_0_axi_periph/m00_couplers/auto_ds/inst/gen_downsizer.gen_simple_downsizer.axi_downsizer_inst/USE_WRITE.write_addr_inst/USE_B_CHANNEL.cmd_b_queue/inst/fifo_gen_inst/inst_fifo_gen/gconvfifo.rf/grf.rf/gntv_or_sync_fifo.gl0.wr/wpntr/gcc0.gc0.count_d1_reg[1]
  -------------------------------------------------------------------
                         required time                         -1.501    
                         arrival time                           1.939    
  -------------------------------------------------------------------
                         slack                                  0.438    

Slack (MET) :             0.438ns  (arrival time - required time)
  Source:                 ps_dpu_i/ps7_0_axi_periph/m00_couplers/auto_ds/inst/gen_downsizer.gen_simple_downsizer.axi_downsizer_inst/USE_WRITE.write_addr_inst/USE_B_CHANNEL.cmd_b_queue/inst/fifo_gen_inst/inst_fifo_gen/gconvfifo.rf/grf.rf/rstblk/ngwrdrst.grst.g7serrst.gnsckt_wrst.gcc_rst.sckt_wr_rst_cc_reg[1]/C
                            (rising edge-triggered cell FDRE clocked by clk_fpga_0  {rise@0.000ns fall@5.000ns period=10.000ns})
  Destination:            ps_dpu_i/ps7_0_axi_periph/m00_couplers/auto_ds/inst/gen_downsizer.gen_simple_downsizer.axi_downsizer_inst/USE_WRITE.write_addr_inst/USE_B_CHANNEL.cmd_b_queue/inst/fifo_gen_inst/inst_fifo_gen/gconvfifo.rf/grf.rf/gntv_or_sync_fifo.gl0.wr/wpntr/gcc0.gc0.count_d1_reg[2]/CLR
                            (removal check against rising-edge clock clk_fpga_0  {rise@0.000ns fall@5.000ns period=10.000ns})
  Path Group:             **async_default**
  Path Type:              Removal (Min at Fast Process Corner)
  Requirement:            0.000ns  (clk_fpga_0 rise@0.000ns - clk_fpga_0 rise@0.000ns)
  Data Path Delay:        0.381ns  (logic 0.128ns (33.587%)  route 0.253ns (66.413%))
  Logic Levels:           1  (LUT3=1)
  Clock Path Skew:        0.012ns (DCD - SCD - CPR)
    Destination Clock Delay (DCD):    1.871ns
    Source Clock Delay      (SCD):    1.558ns
    Clock Pessimism Removal (CPR):    0.301ns

    Location             Delay type                Incr(ns)  Path(ns)    Netlist Resource(s)
  -------------------------------------------------------------------    -------------------
                         (clock clk_fpga_0 rise edge)
                                                      0.000     0.000 r  
    PS7_X0Y0             PS7                          0.000     0.000 r  ps_dpu_i/processing_system7_0/inst/PS7_i/FCLKCLK[0]
                         net (fo=1, routed)           0.725     0.725    ps_dpu_i/processing_system7_0/inst/FCLK_CLK_unbuffered[0]
    BUFGCTRL_X0Y16       BUFG (Prop_bufg_I_O)         0.026     0.751 r  ps_dpu_i/processing_system7_0/inst/buffer_fclk_clk_0.FCLK_CLK_0_BUFG/O
                         net (fo=5381, routed)        0.807     1.558    ps_dpu_i/ps7_0_axi_periph/m00_couplers/auto_ds/inst/gen_downsizer.gen_simple_downsizer.axi_downsizer_inst/USE_WRITE.write_addr_inst/USE_B_CHANNEL.cmd_b_queue/inst/fifo_gen_inst/inst_fifo_gen/gconvfifo.rf/grf.rf/rstblk/clk
    SLICE_X28Y313        FDRE                                         r  ps_dpu_i/ps7_0_axi_periph/m00_couplers/auto_ds/inst/gen_downsizer.gen_simple_downsizer.axi_downsizer_inst/USE_WRITE.write_addr_inst/USE_B_CHANNEL.cmd_b_queue/inst/fifo_gen_inst/inst_fifo_gen/gconvfifo.rf/grf.rf/rstblk/ngwrdrst.grst.g7serrst.gnsckt_wrst.gcc_rst.sckt_wr_rst_cc_reg[1]/C
  -------------------------------------------------------------------    -------------------
    SLICE_X28Y313        FDRE (Prop_fdre_C_Q)         0.100     1.658 f  ps_dpu_i/ps7_0_axi_periph/m00_couplers/auto_ds/inst/gen_downsizer.gen_simple_downsizer.axi_downsizer_inst/USE_WRITE.write_addr_inst/USE_B_CHANNEL.cmd_b_queue/inst/fifo_gen_inst/inst_fifo_gen/gconvfifo.rf/grf.rf/rstblk/ngwrdrst.grst.g7serrst.gnsckt_wrst.gcc_rst.sckt_wr_rst_cc_reg[1]/Q
                         net (fo=2, routed)           0.108     1.766    ps_dpu_i/ps7_0_axi_periph/m00_couplers/auto_ds/inst/gen_downsizer.gen_simple_downsizer.axi_downsizer_inst/USE_WRITE.write_addr_inst/USE_B_CHANNEL.cmd_b_queue/inst/fifo_gen_inst/inst_fifo_gen/gconvfifo.rf/grf.rf/rstblk/sckt_wr_rst_cc[1]
    SLICE_X28Y314        LUT3 (Prop_lut3_I0_O)        0.028     1.794 f  ps_dpu_i/ps7_0_axi_periph/m00_couplers/auto_ds/inst/gen_downsizer.gen_simple_downsizer.axi_downsizer_inst/USE_WRITE.write_addr_inst/USE_B_CHANNEL.cmd_b_queue/inst/fifo_gen_inst/inst_fifo_gen/gconvfifo.rf/grf.rf/rstblk/gc0.count_d1[4]_i_2/O
                         net (fo=32, routed)          0.145     1.939    ps_dpu_i/ps7_0_axi_periph/m00_couplers/auto_ds/inst/gen_downsizer.gen_simple_downsizer.axi_downsizer_inst/USE_WRITE.write_addr_inst/USE_B_CHANNEL.cmd_b_queue/inst/fifo_gen_inst/inst_fifo_gen/gconvfifo.rf/grf.rf/gntv_or_sync_fifo.gl0.wr/wpntr/AS[0]
    SLICE_X31Y315        FDCE                                         f  ps_dpu_i/ps7_0_axi_periph/m00_couplers/auto_ds/inst/gen_downsizer.gen_simple_downsizer.axi_downsizer_inst/USE_WRITE.write_addr_inst/USE_B_CHANNEL.cmd_b_queue/inst/fifo_gen_inst/inst_fifo_gen/gconvfifo.rf/grf.rf/gntv_or_sync_fifo.gl0.wr/wpntr/gcc0.gc0.count_d1_reg[2]/CLR
  -------------------------------------------------------------------    -------------------

                         (clock clk_fpga_0 rise edge)
                                                      0.000     0.000 r  
    PS7_X0Y0             PS7                          0.000     0.000 r  ps_dpu_i/processing_system7_0/inst/PS7_i/FCLKCLK[0]
                         net (fo=1, routed)           0.769     0.769    ps_dpu_i/processing_system7_0/inst/FCLK_CLK_unbuffered[0]
    BUFGCTRL_X0Y16       BUFG (Prop_bufg_I_O)         0.030     0.799 r  ps_dpu_i/processing_system7_0/inst/buffer_fclk_clk_0.FCLK_CLK_0_BUFG/O
                         net (fo=5381, routed)        1.072     1.871    ps_dpu_i/ps7_0_axi_periph/m00_couplers/auto_ds/inst/gen_downsizer.gen_simple_downsizer.axi_downsizer_inst/USE_WRITE.write_addr_inst/USE_B_CHANNEL.cmd_b_queue/inst/fifo_gen_inst/inst_fifo_gen/gconvfifo.rf/grf.rf/gntv_or_sync_fifo.gl0.wr/wpntr/clk
    SLICE_X31Y315        FDCE                                         r  ps_dpu_i/ps7_0_axi_periph/m00_couplers/auto_ds/inst/gen_downsizer.gen_simple_downsizer.axi_downsizer_inst/USE_WRITE.write_addr_inst/USE_B_CHANNEL.cmd_b_queue/inst/fifo_gen_inst/inst_fifo_gen/gconvfifo.rf/grf.rf/gntv_or_sync_fifo.gl0.wr/wpntr/gcc0.gc0.count_d1_reg[2]/C
                         clock pessimism             -0.301     1.570    
    SLICE_X31Y315        FDCE (Remov_fdce_C_CLR)     -0.069     1.501    ps_dpu_i/ps7_0_axi_periph/m00_couplers/auto_ds/inst/gen_downsizer.gen_simple_downsizer.axi_downsizer_inst/USE_WRITE.write_addr_inst/USE_B_CHANNEL.cmd_b_queue/inst/fifo_gen_inst/inst_fifo_gen/gconvfifo.rf/grf.rf/gntv_or_sync_fifo.gl0.wr/wpntr/gcc0.gc0.count_d1_reg[2]
  -------------------------------------------------------------------
                         required time                         -1.501    
                         arrival time                           1.939    
  -------------------------------------------------------------------
                         slack                                  0.438    

Slack (MET) :             0.438ns  (arrival time - required time)
  Source:                 ps_dpu_i/ps7_0_axi_periph/m00_couplers/auto_ds/inst/gen_downsizer.gen_simple_downsizer.axi_downsizer_inst/USE_WRITE.write_addr_inst/USE_B_CHANNEL.cmd_b_queue/inst/fifo_gen_inst/inst_fifo_gen/gconvfifo.rf/grf.rf/rstblk/ngwrdrst.grst.g7serrst.gnsckt_wrst.gcc_rst.sckt_wr_rst_cc_reg[1]/C
                            (rising edge-triggered cell FDRE clocked by clk_fpga_0  {rise@0.000ns fall@5.000ns period=10.000ns})
  Destination:            ps_dpu_i/ps7_0_axi_periph/m00_couplers/auto_ds/inst/gen_downsizer.gen_simple_downsizer.axi_downsizer_inst/USE_WRITE.write_addr_inst/USE_B_CHANNEL.cmd_b_queue/inst/fifo_gen_inst/inst_fifo_gen/gconvfifo.rf/grf.rf/gntv_or_sync_fifo.gl0.wr/wpntr/gcc0.gc0.count_d1_reg[3]/CLR
                            (removal check against rising-edge clock clk_fpga_0  {rise@0.000ns fall@5.000ns period=10.000ns})
  Path Group:             **async_default**
  Path Type:              Removal (Min at Fast Process Corner)
  Requirement:            0.000ns  (clk_fpga_0 rise@0.000ns - clk_fpga_0 rise@0.000ns)
  Data Path Delay:        0.381ns  (logic 0.128ns (33.587%)  route 0.253ns (66.413%))
  Logic Levels:           1  (LUT3=1)
  Clock Path Skew:        0.012ns (DCD - SCD - CPR)
    Destination Clock Delay (DCD):    1.871ns
    Source Clock Delay      (SCD):    1.558ns
    Clock Pessimism Removal (CPR):    0.301ns

    Location             Delay type                Incr(ns)  Path(ns)    Netlist Resource(s)
  -------------------------------------------------------------------    -------------------
                         (clock clk_fpga_0 rise edge)
                                                      0.000     0.000 r  
    PS7_X0Y0             PS7                          0.000     0.000 r  ps_dpu_i/processing_system7_0/inst/PS7_i/FCLKCLK[0]
                         net (fo=1, routed)           0.725     0.725    ps_dpu_i/processing_system7_0/inst/FCLK_CLK_unbuffered[0]
    BUFGCTRL_X0Y16       BUFG (Prop_bufg_I_O)         0.026     0.751 r  ps_dpu_i/processing_system7_0/inst/buffer_fclk_clk_0.FCLK_CLK_0_BUFG/O
                         net (fo=5381, routed)        0.807     1.558    ps_dpu_i/ps7_0_axi_periph/m00_couplers/auto_ds/inst/gen_downsizer.gen_simple_downsizer.axi_downsizer_inst/USE_WRITE.write_addr_inst/USE_B_CHANNEL.cmd_b_queue/inst/fifo_gen_inst/inst_fifo_gen/gconvfifo.rf/grf.rf/rstblk/clk
    SLICE_X28Y313        FDRE                                         r  ps_dpu_i/ps7_0_axi_periph/m00_couplers/auto_ds/inst/gen_downsizer.gen_simple_downsizer.axi_downsizer_inst/USE_WRITE.write_addr_inst/USE_B_CHANNEL.cmd_b_queue/inst/fifo_gen_inst/inst_fifo_gen/gconvfifo.rf/grf.rf/rstblk/ngwrdrst.grst.g7serrst.gnsckt_wrst.gcc_rst.sckt_wr_rst_cc_reg[1]/C
  -------------------------------------------------------------------    -------------------
    SLICE_X28Y313        FDRE (Prop_fdre_C_Q)         0.100     1.658 f  ps_dpu_i/ps7_0_axi_periph/m00_couplers/auto_ds/inst/gen_downsizer.gen_simple_downsizer.axi_downsizer_inst/USE_WRITE.write_addr_inst/USE_B_CHANNEL.cmd_b_queue/inst/fifo_gen_inst/inst_fifo_gen/gconvfifo.rf/grf.rf/rstblk/ngwrdrst.grst.g7serrst.gnsckt_wrst.gcc_rst.sckt_wr_rst_cc_reg[1]/Q
                         net (fo=2, routed)           0.108     1.766    ps_dpu_i/ps7_0_axi_periph/m00_couplers/auto_ds/inst/gen_downsizer.gen_simple_downsizer.axi_downsizer_inst/USE_WRITE.write_addr_inst/USE_B_CHANNEL.cmd_b_queue/inst/fifo_gen_inst/inst_fifo_gen/gconvfifo.rf/grf.rf/rstblk/sckt_wr_rst_cc[1]
    SLICE_X28Y314        LUT3 (Prop_lut3_I0_O)        0.028     1.794 f  ps_dpu_i/ps7_0_axi_periph/m00_couplers/auto_ds/inst/gen_downsizer.gen_simple_downsizer.axi_downsizer_inst/USE_WRITE.write_addr_inst/USE_B_CHANNEL.cmd_b_queue/inst/fifo_gen_inst/inst_fifo_gen/gconvfifo.rf/grf.rf/rstblk/gc0.count_d1[4]_i_2/O
                         net (fo=32, routed)          0.145     1.939    ps_dpu_i/ps7_0_axi_periph/m00_couplers/auto_ds/inst/gen_downsizer.gen_simple_downsizer.axi_downsizer_inst/USE_WRITE.write_addr_inst/USE_B_CHANNEL.cmd_b_queue/inst/fifo_gen_inst/inst_fifo_gen/gconvfifo.rf/grf.rf/gntv_or_sync_fifo.gl0.wr/wpntr/AS[0]
    SLICE_X31Y315        FDCE                                         f  ps_dpu_i/ps7_0_axi_periph/m00_couplers/auto_ds/inst/gen_downsizer.gen_simple_downsizer.axi_downsizer_inst/USE_WRITE.write_addr_inst/USE_B_CHANNEL.cmd_b_queue/inst/fifo_gen_inst/inst_fifo_gen/gconvfifo.rf/grf.rf/gntv_or_sync_fifo.gl0.wr/wpntr/gcc0.gc0.count_d1_reg[3]/CLR
  -------------------------------------------------------------------    -------------------

                         (clock clk_fpga_0 rise edge)
                                                      0.000     0.000 r  
    PS7_X0Y0             PS7                          0.000     0.000 r  ps_dpu_i/processing_system7_0/inst/PS7_i/FCLKCLK[0]
                         net (fo=1, routed)           0.769     0.769    ps_dpu_i/processing_system7_0/inst/FCLK_CLK_unbuffered[0]
    BUFGCTRL_X0Y16       BUFG (Prop_bufg_I_O)         0.030     0.799 r  ps_dpu_i/processing_system7_0/inst/buffer_fclk_clk_0.FCLK_CLK_0_BUFG/O
                         net (fo=5381, routed)        1.072     1.871    ps_dpu_i/ps7_0_axi_periph/m00_couplers/auto_ds/inst/gen_downsizer.gen_simple_downsizer.axi_downsizer_inst/USE_WRITE.write_addr_inst/USE_B_CHANNEL.cmd_b_queue/inst/fifo_gen_inst/inst_fifo_gen/gconvfifo.rf/grf.rf/gntv_or_sync_fifo.gl0.wr/wpntr/clk
    SLICE_X31Y315        FDCE                                         r  ps_dpu_i/ps7_0_axi_periph/m00_couplers/auto_ds/inst/gen_downsizer.gen_simple_downsizer.axi_downsizer_inst/USE_WRITE.write_addr_inst/USE_B_CHANNEL.cmd_b_queue/inst/fifo_gen_inst/inst_fifo_gen/gconvfifo.rf/grf.rf/gntv_or_sync_fifo.gl0.wr/wpntr/gcc0.gc0.count_d1_reg[3]/C
                         clock pessimism             -0.301     1.570    
    SLICE_X31Y315        FDCE (Remov_fdce_C_CLR)     -0.069     1.501    ps_dpu_i/ps7_0_axi_periph/m00_couplers/auto_ds/inst/gen_downsizer.gen_simple_downsizer.axi_downsizer_inst/USE_WRITE.write_addr_inst/USE_B_CHANNEL.cmd_b_queue/inst/fifo_gen_inst/inst_fifo_gen/gconvfifo.rf/grf.rf/gntv_or_sync_fifo.gl0.wr/wpntr/gcc0.gc0.count_d1_reg[3]
  -------------------------------------------------------------------
                         required time                         -1.501    
                         arrival time                           1.939    
  -------------------------------------------------------------------
                         slack                                  0.438    

Slack (MET) :             0.438ns  (arrival time - required time)
  Source:                 ps_dpu_i/ps7_0_axi_periph/m00_couplers/auto_ds/inst/gen_downsizer.gen_simple_downsizer.axi_downsizer_inst/USE_WRITE.write_addr_inst/USE_B_CHANNEL.cmd_b_queue/inst/fifo_gen_inst/inst_fifo_gen/gconvfifo.rf/grf.rf/rstblk/ngwrdrst.grst.g7serrst.gnsckt_wrst.gcc_rst.sckt_wr_rst_cc_reg[1]/C
                            (rising edge-triggered cell FDRE clocked by clk_fpga_0  {rise@0.000ns fall@5.000ns period=10.000ns})
  Destination:            ps_dpu_i/ps7_0_axi_periph/m00_couplers/auto_ds/inst/gen_downsizer.gen_simple_downsizer.axi_downsizer_inst/USE_WRITE.write_addr_inst/USE_B_CHANNEL.cmd_b_queue/inst/fifo_gen_inst/inst_fifo_gen/gconvfifo.rf/grf.rf/gntv_or_sync_fifo.gl0.wr/wpntr/gcc0.gc0.count_d1_reg[4]/CLR
                            (removal check against rising-edge clock clk_fpga_0  {rise@0.000ns fall@5.000ns period=10.000ns})
  Path Group:             **async_default**
  Path Type:              Removal (Min at Fast Process Corner)
  Requirement:            0.000ns  (clk_fpga_0 rise@0.000ns - clk_fpga_0 rise@0.000ns)
  Data Path Delay:        0.381ns  (logic 0.128ns (33.587%)  route 0.253ns (66.413%))
  Logic Levels:           1  (LUT3=1)
  Clock Path Skew:        0.012ns (DCD - SCD - CPR)
    Destination Clock Delay (DCD):    1.871ns
    Source Clock Delay      (SCD):    1.558ns
    Clock Pessimism Removal (CPR):    0.301ns

    Location             Delay type                Incr(ns)  Path(ns)    Netlist Resource(s)
  -------------------------------------------------------------------    -------------------
                         (clock clk_fpga_0 rise edge)
                                                      0.000     0.000 r  
    PS7_X0Y0             PS7                          0.000     0.000 r  ps_dpu_i/processing_system7_0/inst/PS7_i/FCLKCLK[0]
                         net (fo=1, routed)           0.725     0.725    ps_dpu_i/processing_system7_0/inst/FCLK_CLK_unbuffered[0]
    BUFGCTRL_X0Y16       BUFG (Prop_bufg_I_O)         0.026     0.751 r  ps_dpu_i/processing_system7_0/inst/buffer_fclk_clk_0.FCLK_CLK_0_BUFG/O
                         net (fo=5381, routed)        0.807     1.558    ps_dpu_i/ps7_0_axi_periph/m00_couplers/auto_ds/inst/gen_downsizer.gen_simple_downsizer.axi_downsizer_inst/USE_WRITE.write_addr_inst/USE_B_CHANNEL.cmd_b_queue/inst/fifo_gen_inst/inst_fifo_gen/gconvfifo.rf/grf.rf/rstblk/clk
    SLICE_X28Y313        FDRE                                         r  ps_dpu_i/ps7_0_axi_periph/m00_couplers/auto_ds/inst/gen_downsizer.gen_simple_downsizer.axi_downsizer_inst/USE_WRITE.write_addr_inst/USE_B_CHANNEL.cmd_b_queue/inst/fifo_gen_inst/inst_fifo_gen/gconvfifo.rf/grf.rf/rstblk/ngwrdrst.grst.g7serrst.gnsckt_wrst.gcc_rst.sckt_wr_rst_cc_reg[1]/C
  -------------------------------------------------------------------    -------------------
    SLICE_X28Y313        FDRE (Prop_fdre_C_Q)         0.100     1.658 f  ps_dpu_i/ps7_0_axi_periph/m00_couplers/auto_ds/inst/gen_downsizer.gen_simple_downsizer.axi_downsizer_inst/USE_WRITE.write_addr_inst/USE_B_CHANNEL.cmd_b_queue/inst/fifo_gen_inst/inst_fifo_gen/gconvfifo.rf/grf.rf/rstblk/ngwrdrst.grst.g7serrst.gnsckt_wrst.gcc_rst.sckt_wr_rst_cc_reg[1]/Q
                         net (fo=2, routed)           0.108     1.766    ps_dpu_i/ps7_0_axi_periph/m00_couplers/auto_ds/inst/gen_downsizer.gen_simple_downsizer.axi_downsizer_inst/USE_WRITE.write_addr_inst/USE_B_CHANNEL.cmd_b_queue/inst/fifo_gen_inst/inst_fifo_gen/gconvfifo.rf/grf.rf/rstblk/sckt_wr_rst_cc[1]
    SLICE_X28Y314        LUT3 (Prop_lut3_I0_O)        0.028     1.794 f  ps_dpu_i/ps7_0_axi_periph/m00_couplers/auto_ds/inst/gen_downsizer.gen_simple_downsizer.axi_downsizer_inst/USE_WRITE.write_addr_inst/USE_B_CHANNEL.cmd_b_queue/inst/fifo_gen_inst/inst_fifo_gen/gconvfifo.rf/grf.rf/rstblk/gc0.count_d1[4]_i_2/O
                         net (fo=32, routed)          0.145     1.939    ps_dpu_i/ps7_0_axi_periph/m00_couplers/auto_ds/inst/gen_downsizer.gen_simple_downsizer.axi_downsizer_inst/USE_WRITE.write_addr_inst/USE_B_CHANNEL.cmd_b_queue/inst/fifo_gen_inst/inst_fifo_gen/gconvfifo.rf/grf.rf/gntv_or_sync_fifo.gl0.wr/wpntr/AS[0]
    SLICE_X31Y315        FDCE                                         f  ps_dpu_i/ps7_0_axi_periph/m00_couplers/auto_ds/inst/gen_downsizer.gen_simple_downsizer.axi_downsizer_inst/USE_WRITE.write_addr_inst/USE_B_CHANNEL.cmd_b_queue/inst/fifo_gen_inst/inst_fifo_gen/gconvfifo.rf/grf.rf/gntv_or_sync_fifo.gl0.wr/wpntr/gcc0.gc0.count_d1_reg[4]/CLR
  -------------------------------------------------------------------    -------------------

                         (clock clk_fpga_0 rise edge)
                                                      0.000     0.000 r  
    PS7_X0Y0             PS7                          0.000     0.000 r  ps_dpu_i/processing_system7_0/inst/PS7_i/FCLKCLK[0]
                         net (fo=1, routed)           0.769     0.769    ps_dpu_i/processing_system7_0/inst/FCLK_CLK_unbuffered[0]
    BUFGCTRL_X0Y16       BUFG (Prop_bufg_I_O)         0.030     0.799 r  ps_dpu_i/processing_system7_0/inst/buffer_fclk_clk_0.FCLK_CLK_0_BUFG/O
                         net (fo=5381, routed)        1.072     1.871    ps_dpu_i/ps7_0_axi_periph/m00_couplers/auto_ds/inst/gen_downsizer.gen_simple_downsizer.axi_downsizer_inst/USE_WRITE.write_addr_inst/USE_B_CHANNEL.cmd_b_queue/inst/fifo_gen_inst/inst_fifo_gen/gconvfifo.rf/grf.rf/gntv_or_sync_fifo.gl0.wr/wpntr/clk
    SLICE_X31Y315        FDCE                                         r  ps_dpu_i/ps7_0_axi_periph/m00_couplers/auto_ds/inst/gen_downsizer.gen_simple_downsizer.axi_downsizer_inst/USE_WRITE.write_addr_inst/USE_B_CHANNEL.cmd_b_queue/inst/fifo_gen_inst/inst_fifo_gen/gconvfifo.rf/grf.rf/gntv_or_sync_fifo.gl0.wr/wpntr/gcc0.gc0.count_d1_reg[4]/C
                         clock pessimism             -0.301     1.570    
    SLICE_X31Y315        FDCE (Remov_fdce_C_CLR)     -0.069     1.501    ps_dpu_i/ps7_0_axi_periph/m00_couplers/auto_ds/inst/gen_downsizer.gen_simple_downsizer.axi_downsizer_inst/USE_WRITE.write_addr_inst/USE_B_CHANNEL.cmd_b_queue/inst/fifo_gen_inst/inst_fifo_gen/gconvfifo.rf/grf.rf/gntv_or_sync_fifo.gl0.wr/wpntr/gcc0.gc0.count_d1_reg[4]
  -------------------------------------------------------------------
                         required time                         -1.501    
                         arrival time                           1.939    
  -------------------------------------------------------------------
                         slack                                  0.438    

Slack (MET) :             0.438ns  (arrival time - required time)
  Source:                 ps_dpu_i/ps7_0_axi_periph/m00_couplers/auto_ds/inst/gen_downsizer.gen_simple_downsizer.axi_downsizer_inst/USE_WRITE.write_addr_inst/USE_B_CHANNEL.cmd_b_queue/inst/fifo_gen_inst/inst_fifo_gen/gconvfifo.rf/grf.rf/rstblk/ngwrdrst.grst.g7serrst.gnsckt_wrst.gcc_rst.sckt_wr_rst_cc_reg[1]/C
                            (rising edge-triggered cell FDRE clocked by clk_fpga_0  {rise@0.000ns fall@5.000ns period=10.000ns})
  Destination:            ps_dpu_i/ps7_0_axi_periph/m00_couplers/auto_ds/inst/gen_downsizer.gen_simple_downsizer.axi_downsizer_inst/USE_WRITE.write_addr_inst/USE_B_CHANNEL.cmd_b_queue/inst/fifo_gen_inst/inst_fifo_gen/gconvfifo.rf/grf.rf/gntv_or_sync_fifo.gl0.wr/wpntr/gcc0.gc0.count_reg[1]/CLR
                            (removal check against rising-edge clock clk_fpga_0  {rise@0.000ns fall@5.000ns period=10.000ns})
  Path Group:             **async_default**
  Path Type:              Removal (Min at Fast Process Corner)
  Requirement:            0.000ns  (clk_fpga_0 rise@0.000ns - clk_fpga_0 rise@0.000ns)
  Data Path Delay:        0.381ns  (logic 0.128ns (33.587%)  route 0.253ns (66.413%))
  Logic Levels:           1  (LUT3=1)
  Clock Path Skew:        0.012ns (DCD - SCD - CPR)
    Destination Clock Delay (DCD):    1.871ns
    Source Clock Delay      (SCD):    1.558ns
    Clock Pessimism Removal (CPR):    0.301ns

    Location             Delay type                Incr(ns)  Path(ns)    Netlist Resource(s)
  -------------------------------------------------------------------    -------------------
                         (clock clk_fpga_0 rise edge)
                                                      0.000     0.000 r  
    PS7_X0Y0             PS7                          0.000     0.000 r  ps_dpu_i/processing_system7_0/inst/PS7_i/FCLKCLK[0]
                         net (fo=1, routed)           0.725     0.725    ps_dpu_i/processing_system7_0/inst/FCLK_CLK_unbuffered[0]
    BUFGCTRL_X0Y16       BUFG (Prop_bufg_I_O)         0.026     0.751 r  ps_dpu_i/processing_system7_0/inst/buffer_fclk_clk_0.FCLK_CLK_0_BUFG/O
                         net (fo=5381, routed)        0.807     1.558    ps_dpu_i/ps7_0_axi_periph/m00_couplers/auto_ds/inst/gen_downsizer.gen_simple_downsizer.axi_downsizer_inst/USE_WRITE.write_addr_inst/USE_B_CHANNEL.cmd_b_queue/inst/fifo_gen_inst/inst_fifo_gen/gconvfifo.rf/grf.rf/rstblk/clk
    SLICE_X28Y313        FDRE                                         r  ps_dpu_i/ps7_0_axi_periph/m00_couplers/auto_ds/inst/gen_downsizer.gen_simple_downsizer.axi_downsizer_inst/USE_WRITE.write_addr_inst/USE_B_CHANNEL.cmd_b_queue/inst/fifo_gen_inst/inst_fifo_gen/gconvfifo.rf/grf.rf/rstblk/ngwrdrst.grst.g7serrst.gnsckt_wrst.gcc_rst.sckt_wr_rst_cc_reg[1]/C
  -------------------------------------------------------------------    -------------------
    SLICE_X28Y313        FDRE (Prop_fdre_C_Q)         0.100     1.658 f  ps_dpu_i/ps7_0_axi_periph/m00_couplers/auto_ds/inst/gen_downsizer.gen_simple_downsizer.axi_downsizer_inst/USE_WRITE.write_addr_inst/USE_B_CHANNEL.cmd_b_queue/inst/fifo_gen_inst/inst_fifo_gen/gconvfifo.rf/grf.rf/rstblk/ngwrdrst.grst.g7serrst.gnsckt_wrst.gcc_rst.sckt_wr_rst_cc_reg[1]/Q
                         net (fo=2, routed)           0.108     1.766    ps_dpu_i/ps7_0_axi_periph/m00_couplers/auto_ds/inst/gen_downsizer.gen_simple_downsizer.axi_downsizer_inst/USE_WRITE.write_addr_inst/USE_B_CHANNEL.cmd_b_queue/inst/fifo_gen_inst/inst_fifo_gen/gconvfifo.rf/grf.rf/rstblk/sckt_wr_rst_cc[1]
    SLICE_X28Y314        LUT3 (Prop_lut3_I0_O)        0.028     1.794 f  ps_dpu_i/ps7_0_axi_periph/m00_couplers/auto_ds/inst/gen_downsizer.gen_simple_downsizer.axi_downsizer_inst/USE_WRITE.write_addr_inst/USE_B_CHANNEL.cmd_b_queue/inst/fifo_gen_inst/inst_fifo_gen/gconvfifo.rf/grf.rf/rstblk/gc0.count_d1[4]_i_2/O
                         net (fo=32, routed)          0.145     1.939    ps_dpu_i/ps7_0_axi_periph/m00_couplers/auto_ds/inst/gen_downsizer.gen_simple_downsizer.axi_downsizer_inst/USE_WRITE.write_addr_inst/USE_B_CHANNEL.cmd_b_queue/inst/fifo_gen_inst/inst_fifo_gen/gconvfifo.rf/grf.rf/gntv_or_sync_fifo.gl0.wr/wpntr/AS[0]
    SLICE_X31Y315        FDCE                                         f  ps_dpu_i/ps7_0_axi_periph/m00_couplers/auto_ds/inst/gen_downsizer.gen_simple_downsizer.axi_downsizer_inst/USE_WRITE.write_addr_inst/USE_B_CHANNEL.cmd_b_queue/inst/fifo_gen_inst/inst_fifo_gen/gconvfifo.rf/grf.rf/gntv_or_sync_fifo.gl0.wr/wpntr/gcc0.gc0.count_reg[1]/CLR
  -------------------------------------------------------------------    -------------------

                         (clock clk_fpga_0 rise edge)
                                                      0.000     0.000 r  
    PS7_X0Y0             PS7                          0.000     0.000 r  ps_dpu_i/processing_system7_0/inst/PS7_i/FCLKCLK[0]
                         net (fo=1, routed)           0.769     0.769    ps_dpu_i/processing_system7_0/inst/FCLK_CLK_unbuffered[0]
    BUFGCTRL_X0Y16       BUFG (Prop_bufg_I_O)         0.030     0.799 r  ps_dpu_i/processing_system7_0/inst/buffer_fclk_clk_0.FCLK_CLK_0_BUFG/O
                         net (fo=5381, routed)        1.072     1.871    ps_dpu_i/ps7_0_axi_periph/m00_couplers/auto_ds/inst/gen_downsizer.gen_simple_downsizer.axi_downsizer_inst/USE_WRITE.write_addr_inst/USE_B_CHANNEL.cmd_b_queue/inst/fifo_gen_inst/inst_fifo_gen/gconvfifo.rf/grf.rf/gntv_or_sync_fifo.gl0.wr/wpntr/clk
    SLICE_X31Y315        FDCE                                         r  ps_dpu_i/ps7_0_axi_periph/m00_couplers/auto_ds/inst/gen_downsizer.gen_simple_downsizer.axi_downsizer_inst/USE_WRITE.write_addr_inst/USE_B_CHANNEL.cmd_b_queue/inst/fifo_gen_inst/inst_fifo_gen/gconvfifo.rf/grf.rf/gntv_or_sync_fifo.gl0.wr/wpntr/gcc0.gc0.count_reg[1]/C
                         clock pessimism             -0.301     1.570    
    SLICE_X31Y315        FDCE (Remov_fdce_C_CLR)     -0.069     1.501    ps_dpu_i/ps7_0_axi_periph/m00_couplers/auto_ds/inst/gen_downsizer.gen_simple_downsizer.axi_downsizer_inst/USE_WRITE.write_addr_inst/USE_B_CHANNEL.cmd_b_queue/inst/fifo_gen_inst/inst_fifo_gen/gconvfifo.rf/grf.rf/gntv_or_sync_fifo.gl0.wr/wpntr/gcc0.gc0.count_reg[1]
  -------------------------------------------------------------------
                         required time                         -1.501    
                         arrival time                           1.939    
  -------------------------------------------------------------------
                         slack                                  0.438    





